,motion_sensor1,motion_sensor2,motion_sensor3,motion_sensor4,motion_sensor5,motion_sensor6,door_sensor1,door_sensor2,door_sensor3,door_sensor4,door_sensor5,door_sensor6,door_sensor7,door_sensor8,door_sensor9,door_sensor10,camera1,camera2,camera3,camera4,wifi_sensor1,wifi_sensor2,wifi_sensor3,wifi_sensor4,wifi_sensor5,wifi_sensor6,robot1,robot2,time,r1,r2,r3,r4,r5,r6,r7,r8,r9,r10,r11,r12,r13,r14,r15,r16,r17,r18,r19,r20,r21,r22,r23,r24,r25,r26,r27,r28,r29,r30,r31,r32,r33,r34,c1,c2,outside
0,no motion,no motion,no motion,no motion,motion,no motion,0,0,0,0,0,0,0,0,0,0,0,0,0,0,no device,no device,device detected,no device,device detected,device detected,"('r28', 0)","('r20', 0)",08:00:15,0,0,0,0,0,0,0,0,0,0,0,0,0,4,0,0,0,0,0,0,0,33,0,0,0,0,0,0,0,0,0,0,0,0,0,0,11
1,no motion,no motion,no motion,no motion,motion,no motion,0,0,0,0,0,0,0,0,4,0,0,0,0,0,no device,no device,no device,no device,device detected,device detected,"('r34', 0)","('r20', 0)",08:00:30,0,0,0,0,0,0,0,0,0,0,0,0,0,28,0,0,0,0,0,0,0,13,0,3,0,0,0,0,0,0,0,0,0,0,4,0,0
2,no motion,no motion,no motion,no motion,motion,motion,0,0,0,0,0,0,5,2,28,2,0,0,0,1,no device,no device,no device,no device,device detected,no device,"('r33', 0)","('r23', 0)",08:00:45,0,0,0,0,0,0,0,0,0,0,0,0,0,14,0,0,0,0,0,0,0,1,0,0,0,0,2,2,0,0,0,0,0,0,24,5,0
3,no motion,motion,motion,no motion,motion,motion,0,1,0,0,0,1,15,7,5,2,0,0,0,6,no device,no device,device detected,no device,no device,no device,"('r34', 1)","('r20', 0)",08:01:00,0,0,0,0,0,2,1,0,1,2,2,0,0,10,0,1,0,1,0,0,1,0,0,0,0,1,6,3,0,0,0,0,0,1,4,12,0
4,no motion,no motion,no motion,motion,motion,no motion,0,1,2,0,1,0,3,1,8,2,0,0,2,1,no device,no device,device detected,device detected,no device,device detected,"('r28', 0)","('r20', 2)",08:01:15,0,0,0,0,0,2,2,0,1,3,3,2,2,3,2,2,1,1,0,2,3,0,0,0,0,2,1,0,0,0,0,1,1,2,8,4,0
5,no motion,motion,no motion,motion,no motion,no motion,0,0,1,0,0,2,6,4,3,0,0,0,0,4,device detected,device detected,device detected,no device,no device,no device,"('r24', 0)","('r23', 0)",08:01:30,0,0,2,0,0,2,3,0,1,2,0,1,1,0,2,2,1,1,3,0,3,0,0,0,1,1,4,0,0,0,0,1,2,1,1,13,0
6,motion,motion,no motion,motion,no motion,no motion,0,1,1,2,2,3,1,0,0,0,0,2,1,1,device detected,device detected,device detected,device detected,no device,no device,"('r22', 0)","('r20', 1)",08:01:45,0,2,1,0,0,2,3,1,2,4,0,2,2,0,2,3,3,3,3,1,3,0,0,0,1,3,1,0,0,0,0,1,1,2,0,2,0
7,motion,motion,no motion,motion,no motion,no motion,0,0,2,1,0,0,0,0,0,0,0,1,2,0,device detected,no device,device detected,device detected,no device,no device,"('r24', 0)","('r26', 0)",08:02:00,2,1,2,0,0,2,3,2,2,5,0,0,1,0,2,3,3,3,4,2,3,0,0,0,2,0,1,0,0,0,0,1,1,2,0,1,0
8,motion,motion,no motion,no motion,no motion,motion,0,0,0,1,1,0,0,0,0,0,0,1,1,1,device detected,device detected,device detected,device detected,no device,no device,"('r22', 0)","('r20', 1)",08:02:15,3,1,1,0,0,2,3,2,2,5,0,0,1,0,2,3,2,3,5,1,3,0,0,0,2,0,2,0,0,0,0,0,1,2,0,2,0
9,motion,motion,no motion,no motion,no motion,no motion,0,2,0,0,0,0,0,1,0,0,0,0,1,1,device detected,device detected,device detected,device detected,no device,device detected,"('outside', 0)","('r20', 1)",08:02:30,4,0,1,0,0,2,3,2,2,5,0,0,1,0,2,3,2,3,5,1,3,0,0,0,2,0,1,0,0,0,0,0,1,2,1,2,0
10,motion,motion,no motion,no motion,motion,no motion,0,0,0,0,0,0,0,0,1,0,0,0,1,0,device detected,device detected,device detected,no device,no device,no device,"('r22', 0)","('r26', 0)",08:02:45,4,0,1,0,0,2,4,2,2,5,0,0,1,1,2,3,2,3,5,1,3,0,0,0,2,0,1,0,0,0,0,0,1,2,0,1,0
11,motion,motion,no motion,no motion,motion,no motion,0,0,0,0,0,0,0,0,0,0,0,0,3,1,device detected,device detected,device detected,device detected,no device,no device,"('r14', 1)","('r20', 3)",08:03:00,4,0,1,0,0,2,4,2,2,5,0,0,1,1,2,3,2,3,3,3,3,0,0,0,2,0,1,0,0,0,0,0,1,2,0,1,0
12,motion,motion,no motion,no motion,motion,no motion,0,0,1,0,0,1,0,0,0,0,0,1,2,1,device detected,device detected,device detected,device detected,no device,no device,"('r22', 0)","('r19', 3)",08:03:15,3,1,1,0,0,2,3,2,1,4,0,0,0,1,2,3,2,2,3,2,3,0,0,0,2,1,1,0,0,0,0,0,1,2,0,6,0
13,motion,motion,no motion,no motion,no motion,no motion,0,0,1,0,1,0,1,1,0,0,0,1,1,1,no device,device detected,device detected,no device,no device,no device,"('outside', 0)","('r19', 2)",08:03:30,3,1,1,0,0,2,2,3,2,4,0,1,0,1,2,3,3,2,2,2,3,0,0,0,2,1,1,0,0,0,0,0,1,2,2,2,0
14,motion,motion,no motion,no motion,motion,motion,0,0,0,0,0,1,0,1,0,1,0,1,2,3,no device,device detected,device detected,device detected,no device,no device,"('r22', 0)","('r19', 2)",08:03:45,3,1,2,0,0,2,2,3,2,3,0,0,0,1,2,3,3,1,2,2,3,0,0,0,2,0,3,1,0,0,0,0,1,2,0,4,0
15,motion,motion,no motion,motion,motion,motion,0,1,0,1,0,2,0,0,0,0,0,2,2,1,no device,device detected,device detected,device detected,no device,no device,"('r24', 0)","('r19', 2)",08:04:00,3,2,1,0,0,2,3,3,3,3,1,0,0,1,2,4,3,0,2,2,4,0,0,0,2,0,1,1,0,0,0,1,2,1,0,1,0
16,motion,motion,no motion,motion,motion,no motion,0,0,0,0,0,0,0,0,0,0,0,2,2,1,device detected,device detected,device detected,device detected,no device,no device,"('r24', 0)","('r20', 2)",08:04:15,3,2,1,0,0,2,3,3,4,3,1,0,0,1,2,4,3,0,2,2,4,0,0,0,2,0,1,1,0,0,0,1,2,1,0,0,0
17,motion,motion,motion,no motion,motion,motion,0,0,0,0,0,0,0,0,0,0,0,1,3,1,device detected,device detected,device detected,device detected,no device,no device,"('r22', 0)","('r26', 0)",08:04:30,4,1,1,0,0,2,3,3,2,3,1,1,0,1,2,4,3,0,1,3,4,0,0,0,2,0,1,1,0,0,0,1,1,2,0,1,0
18,motion,motion,no motion,motion,motion,motion,0,0,0,0,2,0,0,0,0,0,0,2,3,1,device detected,device detected,device detected,device detected,no device,no device,"('r14', 1)","('r27', 1)",08:04:45,3,2,2,0,0,2,3,3,2,3,1,0,0,1,2,4,3,0,1,3,4,0,0,0,2,0,1,1,0,0,0,1,1,2,0,1,0
19,motion,motion,motion,motion,motion,motion,0,0,0,0,1,0,0,0,0,0,0,2,3,1,device detected,device detected,device detected,device detected,no device,no device,"('r6', 2)","('r26', 0)",08:05:00,3,2,2,0,0,2,3,3,2,3,1,0,0,1,2,4,2,0,1,3,4,0,0,0,2,0,1,1,0,0,0,1,1,2,0,2,0
20,motion,motion,no motion,motion,motion,motion,0,1,0,0,0,0,0,0,0,0,0,2,3,1,device detected,device detected,device detected,device detected,no device,no device,"('r6', 2)","('r30', 0)",08:05:15,3,2,2,0,0,2,2,3,3,3,1,0,0,1,2,5,2,0,1,3,4,0,0,0,2,0,1,1,0,0,0,1,1,2,0,1,0
21,motion,motion,no motion,motion,motion,motion,0,1,0,0,0,0,0,0,0,0,1,2,2,1,device detected,device detected,device detected,device detected,no device,no device,"('r5', 0)","('r26', 0)",08:05:30,3,2,2,0,0,2,2,3,3,3,1,0,0,1,3,4,2,0,1,2,4,0,1,0,2,0,1,1,0,0,0,1,0,3,0,1,0
22,motion,motion,no motion,motion,motion,no motion,0,0,0,1,0,1,0,0,0,0,2,3,1,1,device detected,device detected,device detected,device detected,no device,no device,"('r5', 0)","('r27', 1)",08:05:45,3,3,1,0,0,2,2,3,2,3,1,0,0,1,3,4,2,1,1,1,4,0,2,0,2,0,1,1,0,0,0,1,0,3,0,1,0
23,motion,motion,no motion,motion,motion,motion,0,0,0,0,0,0,0,0,0,0,2,3,1,0,no device,device detected,device detected,device detected,no device,no device,"('r6', 2)","('c1', 0)",08:06:00,3,3,1,0,0,2,2,3,3,3,0,0,0,1,3,4,2,1,1,1,4,0,2,0,2,0,0,1,0,0,0,2,0,3,0,1,0
24,motion,motion,no motion,motion,motion,motion,0,0,0,0,0,0,1,0,0,0,1,3,1,0,device detected,device detected,device detected,device detected,no device,no device,"('r4', 0)","('c1', 1)",08:06:15,3,3,1,0,0,2,2,3,2,3,0,0,0,1,3,4,2,1,1,1,4,0,2,0,2,0,0,1,0,0,0,2,0,3,1,1,0
25,motion,motion,no motion,motion,motion,motion,0,1,0,0,0,1,0,0,0,0,1,3,2,0,device detected,device detected,device detected,device detected,no device,no device,"('r6', 2)","('r14', 1)",08:06:30,3,3,1,0,0,2,3,3,2,3,0,0,0,1,3,3,2,0,1,2,4,0,1,0,2,0,0,1,0,0,0,2,0,3,1,2,0
26,motion,motion,no motion,motion,motion,motion,0,0,1,0,0,0,1,0,0,0,1,3,1,0,device detected,device detected,device detected,no device,device detected,no device,"('r14', 1)","('r6', 2)",08:06:45,3,3,1,0,0,2,3,3,2,3,0,0,0,1,3,3,2,0,1,1,4,0,1,0,2,1,0,1,0,0,0,2,0,3,2,1,0
27,motion,motion,motion,motion,motion,motion,0,0,0,0,0,0,1,0,1,1,1,3,1,1,device detected,device detected,device detected,no device,no device,no device,"('r22', 0)","('r4', 0)",08:07:00,3,3,1,0,0,2,3,2,2,3,0,0,0,2,3,3,2,0,1,1,4,0,1,0,2,0,1,2,0,0,0,2,0,3,1,1,0
28,motion,motion,no motion,motion,motion,motion,0,0,0,0,0,0,0,2,0,0,1,3,1,0,no device,device detected,device detected,device detected,no device,device detected,"('outside', 0)","('r4', 0)",08:07:15,3,3,1,0,0,2,3,2,2,2,0,0,1,2,3,3,2,0,1,1,4,0,1,1,2,0,0,1,0,0,0,3,0,3,1,1,0
29,motion,motion,no motion,motion,motion,motion,0,0,0,0,0,0,1,0,0,0,1,3,1,0,device detected,device detected,device detected,device detected,no device,device detected,"('r22', 0)","('r4', 0)",08:07:30,3,3,1,0,0,2,3,2,2,2,0,0,1,2,2,3,2,0,1,1,4,0,1,1,2,0,0,1,0,0,0,3,1,2,0,3,0
30,motion,motion,no motion,motion,motion,motion,0,1,0,0,1,0,0,0,0,0,1,3,1,0,device detected,device detected,device detected,device detected,no device,device detected,"('r24', 1)","('r4', 0)",08:07:45,3,3,1,0,0,2,3,2,2,2,0,0,1,2,1,4,3,0,1,1,4,0,1,1,2,0,0,1,0,0,0,3,1,2,0,2,0
31,motion,motion,no motion,motion,motion,motion,0,4,0,0,1,0,0,0,0,0,2,3,0,0,device detected,device detected,no device,device detected,device detected,no device,"('r28', 1)","('r4', 0)",08:08:00,3,3,1,0,0,2,3,2,2,2,0,0,1,2,1,4,4,0,1,0,4,1,2,0,2,0,0,1,0,0,0,3,1,2,0,1,0
32,motion,motion,no motion,motion,motion,motion,0,1,0,1,1,0,0,0,0,0,1,2,0,0,device detected,device detected,device detected,device detected,device detected,no device,"('r34', 2)","('r4', 0)",08:08:15,3,2,2,0,0,2,2,2,2,2,0,0,1,2,1,3,5,0,1,0,4,1,2,0,2,0,0,1,0,0,0,3,1,2,0,2,0
33,motion,motion,no motion,motion,motion,motion,0,0,0,0,3,0,0,0,0,0,2,2,0,0,device detected,device detected,device detected,device detected,device detected,no device,"('r28', 1)","('r4', 0)",08:08:30,3,2,1,0,0,2,2,2,3,1,0,1,0,2,1,3,5,0,1,0,4,1,2,0,2,0,0,1,0,0,0,3,1,2,0,3,0
34,motion,motion,no motion,motion,motion,motion,0,1,0,0,0,0,0,0,0,0,1,2,1,0,device detected,device detected,device detected,device detected,no device,no device,"('c1', 0)","('r6', 2)",08:08:45,3,2,1,0,0,2,2,2,6,1,0,0,0,3,1,2,5,0,1,1,4,0,1,0,2,0,0,1,0,0,0,3,1,2,0,2,0
35,motion,motion,motion,motion,motion,motion,0,1,0,0,0,0,2,0,0,0,1,2,0,0,no device,device detected,device detected,no device,no device,no device,"('c2', 2)","('r5', 0)",08:09:00,3,2,1,0,0,2,2,2,5,1,0,0,0,3,1,1,5,0,2,0,4,0,1,0,2,0,0,1,0,0,0,3,1,2,2,2,0
36,motion,motion,motion,motion,motion,motion,0,0,0,0,0,1,0,1,1,0,1,2,0,1,device detected,no device,device detected,device detected,no device,no device,"('r11', 0)","('r6', 2)",08:09:15,3,2,1,0,0,2,2,2,6,1,0,0,0,4,1,1,5,1,2,0,4,0,1,0,2,0,1,1,0,0,0,3,1,2,0,0,0
37,motion,motion,no motion,motion,motion,motion,0,0,0,0,0,0,0,0,0,0,1,2,0,0,device detected,device detected,no device,device detected,no device,no device,"('r11', 0)","('r14', 3)",08:09:30,3,2,1,0,0,3,2,2,6,1,0,0,0,3,1,1,5,1,2,0,5,0,1,0,2,0,0,1,0,0,0,3,1,2,0,0,0
38,motion,motion,motion,motion,motion,motion,0,0,0,0,0,0,0,0,0,0,1,2,0,0,device detected,device detected,device detected,no device,no device,no device,"('c2', 0)","('r6', 3)",08:09:45,3,2,1,0,0,3,2,2,6,1,0,0,0,3,1,1,5,1,2,0,5,0,1,0,2,0,0,1,0,0,0,3,1,2,0,0,0
39,motion,motion,no motion,motion,motion,motion,0,0,0,0,0,0,0,0,0,0,1,2,0,0,device detected,device detected,device detected,device detected,no device,no device,"('r10', 1)","('r14', 2)",08:10:00,3,2,1,0,0,4,2,2,6,1,0,0,0,2,1,1,5,1,2,0,5,0,1,0,2,0,0,1,0,0,0,3,1,2,0,0,0
40,motion,motion,no motion,motion,motion,motion,0,0,0,0,0,0,0,0,0,0,1,3,0,0,device detected,device detected,device detected,device detected,no device,no device,"('c2', 0)","('r14', 3)",08:10:15,2,3,1,0,0,3,2,2,6,1,0,0,0,3,1,1,5,1,2,0,5,0,1,0,2,0,0,1,0,0,0,3,2,1,0,0,0
41,motion,motion,motion,motion,motion,motion,0,0,0,1,0,1,0,0,0,0,1,2,0,0,device detected,device detected,device detected,device detected,no device,no device,"('r15', 1)","('r14', 3)",08:10:30,2,2,2,0,0,3,2,2,6,1,0,0,0,3,1,1,5,0,2,0,5,0,1,0,2,0,0,1,0,0,0,3,2,1,0,1,0
42,motion,motion,no motion,motion,motion,no motion,0,0,0,0,1,0,0,0,0,0,1,2,0,0,device detected,device detected,device detected,no device,no device,no device,"('r15', 0)","('r6', 4)",08:10:45,2,2,1,0,0,4,2,2,6,1,0,1,0,2,0,1,6,0,2,0,5,0,1,0,2,0,0,1,0,0,0,3,2,1,0,1,0
43,motion,motion,no motion,motion,motion,motion,0,0,0,0,0,0,0,0,0,0,1,2,0,0,no device,device detected,device detected,device detected,no device,no device,"('r15', 0)","('r14', 2)",08:11:00,2,2,1,0,0,4,2,2,7,1,0,0,0,2,0,1,6,0,2,0,5,0,1,0,2,0,0,1,0,0,0,3,2,1,0,1,0
44,motion,motion,no motion,motion,motion,motion,0,0,0,0,1,0,1,0,0,0,1,2,0,0,device detected,device detected,device detected,device detected,no device,no device,"('c2', 1)","('r22', 0)",08:11:15,2,2,1,0,0,4,2,2,7,1,0,0,0,2,0,1,5,0,2,0,5,0,1,0,2,0,0,1,0,0,0,3,2,1,1,1,0
45,motion,motion,motion,motion,motion,motion,0,0,0,0,0,1,0,1,0,0,1,2,0,1,device detected,device detected,device detected,no device,no device,no device,"('r10', 1)","('r24', 0)",08:11:30,2,2,1,1,0,4,2,2,7,1,0,0,0,1,0,1,5,1,2,0,5,0,1,0,2,0,1,1,0,0,0,3,2,1,0,0,0
46,motion,motion,no motion,motion,motion,motion,0,0,0,0,0,0,0,0,0,0,1,2,0,2,device detected,device detected,device detected,device detected,no device,no device,"('r10', 1)","('r22', 0)",08:11:45,2,2,1,1,0,3,2,2,7,1,0,0,0,2,0,1,5,1,2,0,4,0,1,0,2,1,2,1,0,0,0,2,2,1,0,0,0
47,motion,motion,no motion,motion,motion,motion,0,1,1,0,0,0,2,2,0,0,1,1,1,0,device detected,device detected,device detected,device detected,no device,no device,"('r10', 0)","('r24', 0)",08:12:00,2,2,1,1,0,3,2,2,7,0,0,0,0,2,0,0,5,1,2,1,4,0,1,0,2,0,0,1,0,0,0,2,2,1,1,3,0
48,motion,motion,motion,motion,motion,motion,0,0,0,0,0,2,1,0,0,0,2,2,0,0,device detected,device detected,device detected,device detected,no device,no device,"('r10', 0)","('r22', 0)",08:12:15,2,2,1,1,0,3,2,2,6,0,0,0,1,2,0,0,5,2,2,0,4,0,2,0,2,0,0,1,0,0,0,2,2,1,0,3,0
49,motion,motion,motion,motion,motion,motion,0,0,0,0,0,0,0,0,0,0,1,1,1,0,device detected,device detected,device detected,device detected,no device,no device,"('c2', 2)","('r22', 0)",08:12:30,2,2,1,1,0,3,2,2,6,0,0,1,0,2,1,0,5,2,2,1,4,0,1,0,2,0,0,1,0,0,0,2,2,1,0,2,0
50,motion,motion,no motion,motion,motion,motion,0,0,1,0,0,0,0,0,0,0,1,2,0,0,device detected,no device,device detected,device detected,no device,no device,"('c1', 0)","('outside', 0)",08:12:45,2,2,2,1,0,3,2,2,6,0,0,0,0,2,1,0,5,2,2,0,4,0,1,0,2,1,0,1,0,0,0,2,2,1,0,2,0
51,motion,motion,no motion,motion,motion,no motion,0,0,0,0,0,0,1,0,0,0,0,2,0,1,device detected,device detected,device detected,no device,no device,no device,"('r28', 1)","('r22', 0)",08:13:00,2,2,2,1,0,3,2,2,6,0,0,0,0,2,1,0,5,2,2,0,4,0,1,0,2,0,1,1,0,0,0,2,2,1,1,1,0
52,motion,motion,no motion,motion,motion,motion,0,0,0,1,0,1,0,0,0,0,1,1,0,1,no device,device detected,device detected,device detected,no device,no device,"('r34', 1)","('r14', 2)",08:13:15,2,1,3,1,0,3,2,2,6,0,1,0,0,2,1,0,5,1,2,0,4,0,1,0,2,0,1,1,0,0,0,2,2,1,1,1,0
53,motion,motion,no motion,motion,motion,motion,0,1,0,2,0,0,0,0,0,1,0,2,0,1,device detected,device detected,device detected,device detected,device detected,no device,"('r34', 1)","('r14', 1)",08:13:30,2,2,2,1,0,3,2,1,5,0,1,0,0,1,1,1,5,1,2,0,4,1,1,0,2,0,1,0,0,0,0,2,2,1,2,2,0
54,motion,motion,no motion,motion,motion,motion,0,0,0,1,0,0,1,0,0,0,1,3,0,0,device detected,device detected,device detected,device detected,device detected,device detected,"('r34', 0)","('r22', 1)",08:13:45,2,3,1,1,0,3,2,1,6,0,1,1,0,1,1,1,5,1,2,0,5,1,1,0,2,0,0,1,0,0,0,2,2,0,1,1,0
55,motion,motion,motion,motion,motion,motion,0,0,0,0,0,0,0,0,0,0,1,3,0,0,device detected,device detected,device detected,device detected,device detected,no device,"('r28', 1)","('r22', 1)",08:14:00,2,3,2,1,0,3,2,1,6,0,0,1,0,1,1,1,5,1,2,0,5,1,1,0,2,0,0,1,0,0,0,2,2,0,1,1,0
56,motion,motion,no motion,motion,motion,motion,0,0,0,1,0,0,0,0,0,0,1,3,0,0,device detected,device detected,device detected,device detected,device detected,no device,"('r34', 0)","('r14', 1)",08:14:15,3,3,2,0,0,4,2,1,6,0,0,0,0,1,1,1,5,1,2,0,5,1,1,0,2,0,0,1,0,0,0,2,2,0,1,1,0
57,motion,motion,no motion,motion,motion,motion,0,1,0,1,0,0,0,0,0,0,0,3,0,0,device detected,device detected,device detected,device detected,device detected,no device,"('r33', 1)","('r22', 1)",08:14:30,4,3,1,0,0,4,2,1,6,0,0,0,0,1,1,0,5,1,2,1,5,1,0,0,2,0,0,1,0,0,0,2,1,1,1,2,0
58,motion,motion,no motion,motion,motion,motion,0,0,1,0,0,1,0,0,0,0,0,2,0,0,device detected,device detected,device detected,device detected,device detected,no device,"('r33', 0)","('r14', 2)",08:14:45,5,2,1,0,0,3,2,1,6,0,0,0,0,2,1,0,5,2,2,0,5,1,0,0,2,1,0,1,0,0,0,2,0,2,1,1,0
59,motion,motion,no motion,motion,motion,motion,0,0,0,0,0,0,0,0,0,0,0,3,0,1,device detected,device detected,device detected,device detected,device detected,no device,"('r34', 2)","('r22', 1)",08:15:00,4,3,1,0,0,3,2,1,6,0,0,0,0,2,0,0,5,2,2,0,5,1,0,0,2,0,1,1,0,0,0,2,0,2,1,2,0
60,motion,motion,no motion,motion,motion,motion,0,0,0,0,2,0,0,1,0,0,0,4,0,1,device detected,device detected,device detected,device detected,device detected,no device,"('r33', 0)","('r14', 2)",08:15:15,3,4,1,0,0,3,2,1,6,1,0,0,0,2,0,0,4,2,2,0,4,1,0,0,2,0,1,1,0,0,0,2,0,2,2,2,0
61,motion,motion,no motion,motion,motion,no motion,0,0,0,0,0,2,1,1,0,0,0,4,0,0,device detected,device detected,device detected,device detected,device detected,no device,"('r33', 0)","('r22', 1)",08:15:30,3,4,1,0,0,4,2,1,6,1,0,0,0,1,0,0,4,2,2,0,4,1,0,0,1,1,0,0,0,0,0,2,0,3,2,3,0
62,motion,motion,no motion,motion,motion,no motion,0,0,1,1,0,0,1,0,0,0,0,3,1,0,device detected,device detected,device detected,device detected,device detected,no device,"('r33', 0)","('outside', 0)",08:15:45,3,3,2,0,0,4,4,1,6,1,0,0,0,1,0,0,4,2,2,1,4,1,0,0,1,0,0,0,0,0,0,2,0,3,1,2,0
63,motion,motion,no motion,motion,motion,no motion,0,1,0,0,0,0,0,0,2,0,1,3,0,0,device detected,device detected,device detected,device detected,device detected,no device,"('r33', 0)","('outside', 0)",08:16:00,3,3,1,0,0,3,4,1,6,1,0,1,0,3,0,1,4,2,2,0,4,1,1,0,1,0,0,0,0,0,0,2,0,3,0,1,0
64,motion,motion,no motion,motion,motion,no motion,0,0,0,0,0,0,0,0,0,0,1,3,0,0,device detected,device detected,device detected,device detected,device detected,no device,"('r33', 0)","('outside', 0)",08:16:15,3,3,1,0,0,2,4,0,5,1,0,1,0,4,0,1,4,2,2,0,4,1,1,0,1,0,0,0,0,0,0,2,0,3,0,3,0
65,motion,motion,no motion,motion,motion,no motion,0,0,0,0,0,1,0,0,0,0,0,3,0,0,device detected,no device,device detected,device detected,device detected,no device,"('r34', 3)","('r22', 2)",08:16:30,3,3,0,0,0,2,4,0,6,1,0,2,0,3,0,1,4,3,2,0,4,2,1,0,1,0,0,0,0,0,0,2,0,3,0,1,0
66,motion,motion,no motion,motion,motion,no motion,0,0,0,0,0,0,0,0,0,0,1,3,0,0,device detected,no device,device detected,device detected,device detected,no device,"('r33', 1)","('r22', 2)",08:16:45,3,3,0,0,0,3,4,0,7,1,0,0,0,2,0,1,4,3,2,0,4,2,1,0,1,0,0,0,0,0,0,2,1,2,0,2,0
67,motion,motion,no motion,motion,motion,no motion,0,1,0,0,0,0,1,0,0,0,1,3,0,0,device detected,no device,device detected,device detected,device detected,no device,"('r34', 2)","('r14', 3)",08:17:00,3,3,0,0,0,3,4,0,7,1,0,0,0,3,0,2,4,3,2,0,4,1,1,0,1,0,0,0,0,0,0,2,1,2,1,0,0
68,motion,motion,no motion,motion,motion,motion,0,1,0,0,0,0,0,0,0,1,1,4,0,0,device detected,no device,device detected,device detected,device detected,no device,"('r28', 1)","('c1', 0)",08:17:15,2,4,0,0,0,3,4,0,6,1,0,0,0,3,0,1,4,3,2,0,4,1,1,0,1,0,0,1,0,0,0,2,0,3,0,2,0
69,motion,motion,no motion,motion,motion,motion,0,1,0,0,1,0,0,0,0,0,1,4,0,0,device detected,no device,device detected,device detected,device detected,no device,"('r34', 2)","('c1', 0)",08:17:30,2,4,0,0,0,3,4,0,6,1,0,0,0,3,0,0,5,3,2,0,4,1,1,0,1,0,0,2,0,0,0,2,0,2,0,2,0
70,motion,motion,no motion,motion,motion,motion,0,0,0,0,2,1,0,0,1,0,1,5,0,0,device detected,no device,device detected,device detected,device detected,no device,"('r34', 2)","('r27', 0)",08:17:45,1,5,0,0,0,3,3,0,7,1,0,0,0,2,0,0,7,2,2,0,4,1,1,0,1,0,0,2,0,0,0,2,0,2,1,1,0
71,motion,motion,motion,motion,motion,motion,0,0,0,0,1,0,0,1,0,0,1,5,0,1,no device,no device,device detected,device detected,device detected,no device,"('r34', 1)","('c1', 0)",08:18:00,1,5,0,0,0,3,3,0,5,1,0,1,0,2,0,0,6,2,2,0,4,1,1,0,1,0,1,3,0,0,0,2,0,1,0,3,0
72,no motion,motion,no motion,motion,motion,motion,0,0,0,0,1,0,0,0,0,0,1,5,0,1,device detected,no device,device detected,device detected,device detected,no device,"('r33', 0)","('r28', 3)",08:18:15,1,5,0,0,0,3,3,0,3,1,0,1,0,2,0,0,7,2,2,0,4,1,1,0,1,0,1,3,0,0,0,2,0,1,0,4,0
73,motion,motion,no motion,motion,motion,motion,0,0,0,0,0,0,1,0,0,0,1,3,0,1,device detected,no device,device detected,device detected,device detected,no device,"('r34', 1)","('c1', 1)",08:18:30,3,3,0,0,0,4,3,0,4,1,0,1,0,1,0,0,7,2,2,0,4,1,1,0,1,0,1,3,0,0,0,2,0,1,1,2,0
74,motion,motion,no motion,motion,motion,motion,0,0,0,0,1,0,0,0,2,0,1,3,0,1,device detected,no device,device detected,device detected,no device,no device,"('r33', 0)","('r27', 1)",08:18:45,3,3,0,0,0,4,3,0,4,1,0,1,0,3,0,0,6,2,2,0,4,0,1,0,1,0,1,3,0,0,0,2,0,1,0,3,0
75,motion,motion,no motion,motion,no motion,motion,0,0,0,0,0,0,0,0,1,0,1,3,0,1,device detected,no device,device detected,device detected,no device,no device,"('r33', 0)","('r21', 4)",08:19:00,3,3,0,0,0,6,3,0,4,1,0,0,0,0,1,0,6,2,2,0,4,0,1,0,1,0,1,3,0,0,0,2,0,1,1,3,0
76,motion,motion,no motion,motion,no motion,motion,0,0,0,0,1,0,1,0,0,2,1,3,0,0,device detected,no device,no device,device detected,no device,no device,"('r34', 1)","('r27', 0)",08:19:15,3,3,0,0,0,6,3,1,4,2,0,0,0,0,1,0,5,2,2,0,5,0,1,0,1,0,0,2,0,0,0,2,0,1,1,3,0
77,motion,motion,no motion,motion,no motion,motion,0,0,0,0,2,0,1,0,0,0,1,3,0,0,device detected,no device,device detected,device detected,device detected,no device,"('r34', 1)","('r26', 0)",08:19:30,3,3,0,0,0,6,3,1,4,2,1,0,0,0,1,0,7,2,2,0,5,0,1,0,1,0,0,2,0,0,0,2,0,1,0,1,0
78,motion,motion,no motion,motion,no motion,motion,0,0,0,0,0,0,0,0,0,0,1,3,0,0,device detected,no device,device detected,device detected,no device,no device,"('r33', 0)","('r25', 1)",08:19:45,3,3,0,0,0,6,3,1,3,2,1,1,0,0,1,0,7,2,2,0,5,0,1,0,1,0,0,2,0,0,0,2,0,1,0,1,0
79,motion,motion,no motion,motion,motion,motion,0,0,0,0,0,0,0,0,0,0,1,3,0,0,device detected,device detected,no device,device detected,no device,no device,"('r34', 1)","('r26', 0)",08:20:00,3,3,1,0,0,6,3,1,3,2,1,1,0,0,1,0,7,2,2,0,5,0,1,0,1,0,0,2,0,0,0,2,0,1,0,0,0
80,motion,motion,no motion,motion,no motion,motion,0,0,0,1,0,0,0,0,0,0,1,4,0,0,device detected,device detected,device detected,device detected,no device,no device,"('r33', 0)","('r30', 0)",08:20:15,3,4,1,0,0,6,3,1,3,2,1,0,0,0,1,0,7,2,2,0,5,0,1,0,1,0,0,2,0,0,0,2,0,1,0,0,0
81,motion,motion,no motion,motion,no motion,motion,0,0,0,1,0,0,0,0,0,0,1,5,0,0,device detected,no device,device detected,device detected,no device,no device,"('r34', 1)","('r26', 0)",08:20:30,3,5,0,0,0,6,3,1,3,2,1,0,0,0,1,0,7,2,2,0,5,0,1,0,1,0,0,2,0,0,0,2,0,1,0,0,0
82,motion,motion,no motion,motion,motion,motion,0,0,0,0,0,0,0,0,0,0,1,4,0,0,device detected,no device,device detected,no device,no device,no device,"('r33', 0)","('r25', 1)",08:20:45,4,4,0,0,0,6,2,1,3,2,1,0,0,0,1,0,7,2,2,0,5,0,1,0,1,0,0,2,0,0,0,2,0,1,0,1,0
83,motion,motion,no motion,motion,no motion,motion,0,0,0,0,0,0,0,0,0,0,1,4,0,0,device detected,no device,device detected,device detected,no device,no device,"('r33', 0)","('r26', 0)",08:21:00,4,4,0,0,0,6,2,0,3,2,1,0,0,0,1,0,7,2,2,0,5,0,1,0,1,0,0,2,0,0,0,2,0,1,0,2,0
84,motion,motion,no motion,motion,motion,motion,0,0,0,0,1,0,0,0,0,0,1,4,0,0,device detected,no device,device detected,device detected,no device,device detected,"('r33', 0)","('r26', 0)",08:21:15,4,4,0,0,0,6,2,0,4,1,1,0,0,0,1,0,6,2,2,0,5,0,1,0,1,0,0,2,0,0,0,2,0,1,0,3,0
85,motion,motion,no motion,motion,motion,motion,0,0,0,0,1,1,0,0,0,0,1,4,0,0,device detected,no device,device detected,device detected,no device,no device,"('r34', 1)","('r20', 0)",08:21:30,4,4,0,0,0,6,2,1,5,1,1,0,0,0,1,0,5,1,2,0,5,0,1,0,1,0,0,2,0,0,0,2,0,1,0,3,0
86,motion,motion,no motion,motion,motion,motion,0,0,0,1,0,0,2,0,0,1,1,5,0,0,device detected,device detected,device detected,device detected,no device,no device,"('r34', 1)","('r20', 0)",08:21:45,2,5,1,0,0,5,2,2,5,1,1,0,0,1,1,0,5,1,2,0,5,0,1,0,1,0,0,3,0,0,0,2,0,1,0,1,0
87,motion,motion,no motion,motion,motion,motion,0,0,0,1,1,0,0,0,0,1,1,3,0,0,device detected,device detected,no device,device detected,no device,no device,"('r28', 1)","('r26', 0)",08:22:00,3,3,1,0,0,5,3,2,4,1,1,1,0,1,1,0,4,1,2,0,5,0,1,0,1,0,0,1,0,0,0,2,1,1,1,2,0
88,motion,motion,no motion,motion,motion,motion,0,0,0,0,1,0,0,0,0,0,1,3,0,0,device detected,no device,device detected,device detected,no device,no device,"('c1', 1)","('r30', 0)",08:22:15,3,3,0,0,0,5,3,1,4,3,1,1,0,1,1,0,3,1,2,0,5,0,1,0,1,0,0,2,0,0,0,2,1,0,1,3,0
89,motion,motion,no motion,motion,motion,motion,0,0,0,0,0,1,2,0,0,0,0,3,0,0,device detected,no device,device detected,device detected,device detected,no device,"('r14', 1)","('r26', 0)",08:22:30,3,3,0,0,0,5,2,1,4,4,1,0,0,1,1,0,3,2,2,0,5,0,1,0,1,0,0,2,0,0,0,2,1,0,1,3,0
90,motion,motion,no motion,motion,motion,motion,0,0,0,0,0,0,1,2,0,0,1,3,0,1,device detected,no device,device detected,device detected,no device,device detected,"('r22', 0)","('r20', 0)",08:22:45,3,3,0,0,0,5,2,1,4,4,1,1,0,1,1,0,3,2,2,0,5,0,1,0,1,0,1,2,0,0,0,2,1,0,1,1,0
91,motion,motion,no motion,motion,no motion,motion,0,0,0,0,0,0,0,0,1,1,1,3,0,0,device detected,no device,device detected,device detected,no device,no device,"('r14', 0)","('r26', 1)",08:23:00,3,3,0,0,0,5,2,1,4,4,1,1,0,0,1,0,3,2,2,0,5,0,1,0,1,1,0,3,0,0,0,2,1,0,1,1,0
92,motion,motion,motion,motion,no motion,motion,0,0,1,0,0,1,0,1,0,0,1,3,1,1,device detected,no device,no device,device detected,no device,no device,"('r22', 0)","('r26', 0)",08:23:15,3,3,0,0,0,5,2,1,4,4,1,1,0,0,1,0,3,1,2,1,5,0,1,0,1,0,1,3,0,0,0,2,1,0,0,2,0
93,motion,motion,no motion,motion,no motion,motion,0,0,0,0,1,2,0,0,0,0,1,3,0,1,device detected,no device,device detected,device detected,no device,no device,"('outside', 0)","('r27', 1)",08:23:30,3,3,0,0,0,5,2,1,4,4,1,1,0,0,2,0,2,2,3,0,4,0,1,0,1,1,1,3,0,0,0,2,1,0,0,1,0
94,motion,motion,no motion,motion,no motion,motion,0,0,1,0,0,0,1,1,0,0,1,3,1,0,device detected,no device,device detected,device detected,no device,no device,"('r22', 0)","('c1', 0)",08:23:45,3,3,0,0,0,5,2,1,4,3,1,1,0,0,2,0,2,2,3,1,4,0,1,0,1,0,0,3,0,0,0,2,1,0,0,3,0
95,motion,motion,no motion,motion,no motion,motion,0,1,0,0,1,1,0,0,0,1,1,3,1,0,device detected,no device,device detected,device detected,no device,no device,"('r24', 0)","('r27', 0)",08:24:00,3,3,0,0,0,5,1,1,4,3,1,2,0,0,3,1,3,1,2,1,4,0,2,0,1,0,0,2,0,0,0,2,1,0,1,1,0
96,motion,motion,no motion,motion,motion,motion,0,0,0,0,1,0,0,0,0,0,2,3,2,0,device detected,device detected,no device,device detected,no device,no device,"('r24', 0)","('r32', 2)",08:24:15,3,3,1,0,1,2,1,1,4,2,1,1,0,2,3,1,4,1,1,2,4,0,2,0,1,0,0,1,0,0,0,2,0,2,1,1,0
97,motion,motion,motion,motion,no motion,motion,0,0,0,1,0,0,0,1,3,0,2,4,2,1,device detected,no device,device detected,device detected,no device,no device,"('r22', 0)","('r31', 0)",08:24:30,3,4,0,0,1,2,1,1,4,1,1,1,0,0,1,1,4,1,1,2,4,0,2,0,1,0,1,2,0,0,0,2,0,1,2,4,0
98,motion,motion,no motion,motion,no motion,motion,0,1,0,0,1,1,1,0,0,2,2,3,2,0,device detected,no device,device detected,device detected,no device,no device,"('outside', 0)","('r32', 3)",08:24:45,4,3,0,0,1,2,1,1,4,0,1,1,0,0,1,0,5,2,1,2,4,0,2,0,1,0,0,1,0,0,0,3,0,0,3,5,0
99,motion,motion,no motion,motion,no motion,motion,0,0,0,0,1,1,1,1,0,1,2,2,2,1,no device,no device,device detected,no device,no device,no device,"('r22', 0)","('r31', 0)",08:25:00,4,3,0,0,1,2,2,2,3,0,1,1,0,0,1,0,4,1,1,2,4,0,2,0,1,0,1,2,0,0,0,3,0,0,0,7,0
100,motion,motion,no motion,motion,no motion,motion,0,0,0,0,1,0,1,0,0,0,2,3,2,0,device detected,no device,device detected,device detected,no device,no device,"('r14', 0)","('r31', 0)",08:25:15,4,3,0,0,1,2,2,3,3,0,1,1,0,0,1,0,5,1,1,2,4,0,2,0,1,1,0,2,0,0,0,3,0,0,1,4,0
101,motion,motion,no motion,motion,no motion,motion,0,0,0,0,0,0,0,1,0,0,2,3,2,1,device detected,no device,device detected,device detected,no device,no device,"('r6', 2)","('r32', 3)",08:25:30,4,3,0,0,1,2,2,3,4,0,1,1,0,0,1,0,5,1,1,2,4,0,2,0,2,0,1,2,0,0,0,3,0,0,0,3,0
102,motion,motion,no motion,motion,no motion,motion,0,0,0,0,1,0,0,0,0,0,1,3,2,0,device detected,no device,device detected,device detected,no device,no device,"('r6', 2)","('r31', 0)",08:25:45,4,3,0,0,1,2,2,2,4,0,1,1,0,0,1,0,4,1,1,2,5,0,2,0,2,0,0,2,0,0,0,3,0,0,0,5,0
103,motion,motion,no motion,motion,no motion,motion,0,0,0,0,0,0,0,0,0,0,2,3,2,0,device detected,no device,device detected,device detected,no device,no device,"('r4', 0)","('r32', 3)",08:26:00,4,3,0,0,1,2,3,2,3,0,0,1,0,0,1,0,4,1,1,2,5,0,2,0,2,0,0,2,0,0,0,3,0,0,0,6,0
104,motion,motion,motion,motion,no motion,motion,0,0,0,1,0,0,0,0,0,0,2,3,2,0,device detected,device detected,device detected,device detected,no device,no device,"('r4', 0)","('r31', 0)",08:26:15,3,3,1,0,1,2,2,1,3,1,0,1,0,0,1,0,4,1,1,2,5,0,2,0,1,0,0,2,1,0,0,3,0,0,0,7,0
105,motion,motion,no motion,motion,no motion,motion,0,0,0,0,4,0,0,0,0,0,2,3,2,0,device detected,no device,device detected,device detected,no device,no device,"('r4', 0)","('r32', 3)",08:26:30,3,3,0,0,1,2,2,0,3,1,0,2,0,0,1,0,7,1,1,2,5,0,2,0,1,0,0,2,1,0,0,3,0,0,0,5,0
106,motion,motion,motion,motion,no motion,motion,0,1,0,0,2,1,0,0,0,0,2,3,2,0,device detected,no device,device detected,device detected,no device,no device,"('r6', 2)","('r31', 0)",08:26:45,3,3,0,0,1,2,2,0,3,1,0,1,0,0,1,1,7,2,1,2,5,0,2,0,1,0,0,2,1,0,0,3,0,0,0,4,0
107,motion,motion,motion,motion,motion,motion,0,0,0,0,1,0,2,0,1,0,2,4,2,0,device detected,no device,device detected,device detected,device detected,no device,"('r6', 2)","('r31', 0)",08:27:00,2,4,0,0,1,2,2,0,3,0,0,1,0,1,1,1,8,2,1,2,5,0,2,0,1,0,0,2,1,0,0,3,0,0,1,2,0
108,motion,motion,motion,motion,motion,motion,0,0,0,1,0,0,0,0,0,1,2,3,2,0,device detected,device detected,device detected,device detected,no device,device detected,"('r5', 1)","('r31', 0)",08:27:15,2,3,1,0,1,2,2,0,5,0,0,1,0,1,1,1,8,2,1,2,5,0,2,0,1,0,0,2,1,0,0,3,0,1,0,0,0
109,motion,motion,motion,motion,motion,motion,0,0,0,0,1,0,0,0,0,0,2,3,2,0,device detected,no device,no device,device detected,no device,no device,"('r6', 2)","('r32', 3)",08:27:30,2,3,0,0,1,2,2,0,5,0,0,2,0,1,1,1,7,2,1,2,5,0,2,0,1,0,0,2,1,0,0,3,0,1,0,1,0
110,motion,motion,motion,motion,no motion,motion,0,0,0,0,0,0,0,0,0,0,2,3,2,0,device detected,no device,device detected,device detected,no device,no device,"('r5', 1)","('r27', 0)",08:27:45,2,3,0,0,1,3,2,0,3,0,0,1,0,0,1,1,7,2,1,2,5,0,2,0,1,0,0,2,1,0,0,3,0,1,0,4,0
111,motion,motion,motion,motion,no motion,motion,0,0,0,0,0,1,1,0,0,0,2,3,1,0,device detected,no device,device detected,no device,no device,no device,"('r6', 2)","('r26', 0)",08:28:00,2,3,0,1,1,2,2,0,4,0,0,1,0,0,1,1,7,3,1,2,5,0,2,0,1,0,0,1,1,0,0,3,0,2,1,1,0
112,motion,motion,no motion,motion,no motion,no motion,0,0,0,0,0,1,1,1,0,0,2,3,2,0,device detected,no device,device detected,device detected,no device,no device,"('r14', 0)","('r26', 0)",08:28:15,2,3,0,1,1,2,2,0,4,0,0,1,0,0,1,1,7,2,1,2,6,0,2,0,1,0,0,1,0,1,0,3,0,2,1,1,0
113,motion,motion,no motion,motion,no motion,motion,0,0,0,0,0,0,0,1,0,0,3,3,0,0,no device,device detected,no device,device detected,no device,no device,"('r14', 0)","('r26', 1)",08:28:30,2,3,0,1,1,2,2,1,3,0,0,0,0,0,1,1,7,2,1,1,6,0,3,0,0,1,0,1,0,1,0,4,0,2,0,2,0
114,motion,motion,no motion,motion,no motion,motion,0,0,0,0,1,1,0,0,0,0,4,3,0,1,no device,no device,device detected,device detected,no device,no device,"('r14', 0)","('r30', 1)",08:28:45,2,3,0,1,1,2,2,1,3,0,0,0,0,0,0,1,6,3,1,0,6,0,4,0,0,0,1,2,0,1,0,4,1,0,0,3,0
115,motion,motion,no motion,motion,no motion,motion,0,1,0,1,0,0,1,0,0,0,4,3,0,1,no device,device detected,device detected,device detected,no device,no device,"('r22', 0)","('r30', 1)",08:29:00,1,3,1,1,1,2,2,2,2,0,0,0,0,0,0,0,6,3,1,0,6,0,4,0,0,0,1,2,0,1,0,4,1,0,1,3,0
116,motion,motion,no motion,motion,no motion,motion,0,0,0,0,1,1,0,2,0,0,4,3,0,0,no device,no device,device detected,device detected,no device,no device,"('outside', 0)","('r29', 0)",08:29:15,1,3,0,1,1,2,2,3,2,0,0,1,0,0,0,0,5,2,1,0,6,0,4,0,0,0,1,2,0,1,0,4,1,0,1,4,0
117,motion,motion,no motion,motion,no motion,motion,0,0,1,0,0,0,0,0,1,0,4,3,1,0,no device,no device,no device,device detected,no device,no device,"('r22', 0)","('r29', 0)",08:29:30,1,3,0,1,1,2,2,6,3,0,0,0,0,1,0,0,5,2,1,1,6,0,4,0,0,0,0,2,0,1,0,4,1,0,0,1,0
118,motion,no motion,no motion,motion,no motion,motion,0,0,0,0,1,1,1,0,0,0,4,3,1,0,device detected,no device,device detected,device detected,no device,no device,"('r14', 0)","('r30', 1)",08:29:45,1,3,0,1,1,3,2,6,3,0,0,0,0,0,0,0,4,1,1,1,6,0,4,0,0,0,0,2,0,1,0,4,0,1,1,2,0
119,motion,motion,no motion,motion,no motion,motion,0,0,0,1,0,0,0,1,0,0,4,2,0,1,device detected,device detected,device detected,device detected,no device,no device,"('c1', 0)","('r26', 0)",08:30:00,1,2,1,1,1,3,2,6,3,0,0,0,0,0,0,0,4,1,2,0,6,0,4,0,0,0,1,2,0,1,0,4,0,1,0,2,0
120,motion,motion,no motion,motion,motion,motion,0,0,0,0,0,0,0,0,0,0,4,2,0,0,no device,no device,device detected,device detected,no device,no device,"('r14', 1)","('r27', 0)",08:30:15,1,2,0,1,1,2,1,6,3,0,0,1,0,1,0,0,4,1,2,0,6,0,4,0,0,1,0,1,0,1,0,4,0,2,0,3,0
121,motion,motion,no motion,motion,motion,motion,0,0,1,0,0,0,0,0,0,0,4,2,1,0,no device,no device,device detected,device detected,no device,no device,"('c1', 0)","('r32', 4)",08:30:30,1,2,0,1,0,3,1,6,3,1,0,0,0,1,0,0,4,1,2,1,6,0,4,0,0,0,0,1,0,1,0,4,0,2,0,3,0
122,motion,motion,no motion,motion,motion,motion,0,0,0,0,0,0,0,0,0,0,5,2,0,0,device detected,no device,device detected,device detected,no device,no device,"('c2', 2)","('r31', 0)",08:30:45,1,2,0,1,0,3,2,6,3,1,0,0,0,1,0,0,4,1,2,0,6,0,5,0,0,0,0,1,0,1,0,4,0,2,0,2,0
123,motion,motion,no motion,motion,motion,motion,0,0,0,0,1,1,0,0,0,0,5,2,0,0,no device,no device,device detected,device detected,device detected,no device,"('r12', 0)","('r31', 0)",08:31:00,1,2,0,1,0,3,2,7,3,1,0,0,0,1,0,0,3,0,2,0,6,0,5,0,0,0,0,1,0,1,0,4,0,2,0,3,0
124,motion,motion,no motion,motion,motion,motion,0,1,0,0,0,0,1,0,0,0,3,2,2,0,no device,no device,device detected,device detected,no device,no device,"('r12', 0)","('r31', 0)",08:31:15,1,2,0,2,0,2,1,7,3,1,0,0,0,1,0,1,3,0,2,2,6,0,3,0,0,0,0,1,0,1,0,4,0,2,1,2,0
125,motion,motion,no motion,motion,motion,motion,0,0,1,0,0,1,0,0,0,1,3,2,1,0,no device,no device,device detected,device detected,device detected,no device,"('r3', 0)","('r31', 0)",08:31:30,1,2,0,2,0,3,1,7,3,0,0,0,0,0,0,1,3,1,2,1,6,0,3,0,0,1,0,1,0,1,0,4,0,3,0,2,0
126,motion,motion,motion,motion,no motion,no motion,0,1,0,0,0,0,0,0,0,0,3,2,1,0,device detected,no device,device detected,device detected,no device,no device,"('r12', 0)","('r31', 0)",08:31:45,1,2,0,2,0,3,1,7,3,0,0,0,0,0,0,0,3,1,2,1,6,0,3,0,1,0,0,1,0,1,0,4,1,2,0,3,0
127,motion,motion,no motion,motion,no motion,motion,0,0,0,0,1,0,0,0,0,0,3,2,0,0,device detected,no device,device detected,device detected,no device,no device,"('r12', 0)","('r31', 0)",08:32:00,1,2,0,2,0,3,1,6,3,0,0,0,0,0,0,0,2,1,2,1,6,0,3,0,1,0,0,1,0,1,0,4,1,2,0,5,0
128,motion,motion,no motion,motion,no motion,motion,0,0,0,0,0,1,0,0,0,0,3,2,2,2,device detected,no device,device detected,device detected,no device,device detected,"('c2', 6)","('r32', 4)",08:32:15,1,2,0,2,0,3,1,5,2,0,0,1,0,0,1,0,2,0,1,2,4,0,3,0,1,0,2,1,0,1,0,4,2,1,0,6,0
129,motion,motion,no motion,motion,no motion,motion,0,0,1,0,0,1,1,1,0,0,3,2,0,0,device detected,device detected,device detected,device detected,no device,no device,"('r7', 1)","('r31', 0)",08:32:30,1,2,1,2,1,2,1,6,2,0,0,0,0,0,4,0,2,1,1,1,4,0,3,0,1,2,0,1,0,1,0,4,2,1,2,0,0
130,motion,motion,no motion,motion,motion,motion,0,0,1,1,0,0,1,0,1,0,3,3,0,1,no device,no device,device detected,device detected,no device,device detected,"('r7', 1)","('r32', 4)",08:32:45,1,3,0,2,1,3,1,4,2,0,0,0,0,0,4,0,2,1,1,0,4,0,3,0,0,2,1,1,0,2,0,4,1,2,0,3,0
131,motion,motion,no motion,motion,no motion,motion,0,0,0,0,0,2,0,1,0,0,3,2,0,1,no device,no device,device detected,device detected,no device,no device,"('c2', 1)","('r31', 0)",08:33:00,2,2,0,2,2,2,1,4,2,0,0,0,0,0,4,0,2,3,1,0,4,0,3,0,0,0,1,1,0,3,0,4,1,2,1,1,0
132,motion,no motion,no motion,motion,motion,motion,0,0,0,0,0,1,0,0,1,0,3,2,0,0,no device,no device,device detected,device detected,no device,no device,"('r7', 1)","('r32', 4)",08:33:15,2,2,0,0,2,4,1,4,2,0,0,0,0,1,5,0,2,2,1,0,5,0,3,0,0,0,0,1,0,3,0,4,1,2,0,1,0
133,motion,motion,motion,motion,motion,motion,0,0,0,0,1,0,0,0,0,0,3,2,0,0,no device,no device,device detected,device detected,no device,no device,"('c2', 2)","('r31', 0)",08:33:30,2,2,0,0,2,4,1,4,2,0,0,0,0,1,5,0,1,2,1,0,5,0,3,0,0,0,0,1,0,3,0,4,2,1,0,2,0
134,motion,motion,no motion,motion,no motion,motion,0,0,0,0,0,0,0,0,1,0,3,2,0,0,no device,no device,device detected,device detected,no device,no device,"('r11', 0)","('r32', 4)",08:33:45,2,2,0,0,2,4,1,4,2,0,0,0,0,0,5,0,1,2,1,0,5,0,3,0,0,0,0,1,0,3,0,4,2,1,1,2,0
135,motion,no motion,no motion,motion,motion,motion,0,0,0,0,0,0,1,0,0,0,3,2,0,0,no device,no device,device detected,device detected,device detected,no device,"('r11', 0)","('r27', 0)",08:34:00,2,2,0,0,1,4,1,4,1,0,0,0,0,1,5,0,1,2,1,0,5,0,3,0,0,0,0,1,0,3,0,4,2,1,0,4,0
136,motion,no motion,no motion,motion,motion,motion,0,0,0,0,0,0,0,0,1,0,3,2,0,0,no device,no device,no device,device detected,no device,no device,"('c2', 3)","('c1', 1)",08:34:15,2,2,0,0,1,3,1,4,1,0,1,0,0,1,5,0,1,2,1,0,5,0,3,0,0,0,0,1,0,3,0,4,2,1,1,3,0
137,motion,motion,motion,motion,no motion,motion,0,0,0,0,0,0,0,1,0,0,2,2,1,1,no device,no device,device detected,no device,no device,no device,"('r9', 1)","('c2', 3)",08:34:30,2,2,0,0,1,4,1,4,1,0,1,1,0,0,4,0,1,2,1,1,5,0,2,0,0,0,1,1,0,3,0,4,2,1,0,3,0
138,motion,motion,no motion,motion,motion,motion,0,0,0,1,0,0,0,1,1,0,1,3,2,0,no device,no device,device detected,no device,device detected,no device,"('r9', 1)","('r17', 1)",08:34:45,2,3,0,0,1,3,1,3,1,0,1,1,0,0,4,0,1,2,1,2,5,0,1,0,0,0,0,1,0,3,0,4,1,2,2,3,0
139,motion,motion,no motion,motion,no motion,motion,0,0,1,0,0,2,1,0,0,0,1,2,1,0,no device,device detected,device detected,device detected,no device,no device,"('c2', 4)","('r17', 1)",08:35:00,3,2,1,0,1,3,1,3,1,0,1,0,0,0,3,0,1,3,1,1,5,0,1,0,0,1,0,1,0,3,0,4,1,2,1,4,0
140,motion,motion,no motion,motion,motion,motion,0,0,0,1,0,0,1,0,0,0,1,3,1,1,no device,no device,device detected,device detected,no device,no device,"('r12', 0)","('r17', 1)",08:35:15,3,3,0,0,1,2,1,3,1,2,1,0,0,1,4,0,1,3,1,1,5,0,1,0,0,0,1,1,0,3,0,4,1,2,0,2,0
141,motion,no motion,no motion,motion,motion,motion,0,0,0,0,0,0,0,1,0,0,1,2,1,0,no device,no device,device detected,no device,no device,no device,"('r12', 0)","('c2', 2)",08:35:30,4,2,0,0,1,0,1,3,1,2,1,0,0,3,4,0,1,3,1,1,5,0,1,0,0,1,0,1,0,2,0,4,1,2,1,2,0
142,motion,motion,no motion,motion,no motion,motion,0,0,0,0,0,1,1,0,1,0,1,2,1,1,no device,no device,device detected,no device,no device,no device,"('r12', 0)","('r11', 1)",08:35:45,4,2,0,0,1,0,1,3,1,2,1,0,0,2,4,0,1,4,1,1,5,0,1,0,0,0,1,1,0,2,0,4,1,2,1,2,0
143,motion,motion,no motion,motion,motion,motion,0,1,0,0,0,0,0,2,0,0,1,2,1,1,no device,no device,device detected,device detected,no device,no device,"('c2', 1)","('c2', 1)",08:36:00,4,2,0,0,1,1,1,3,1,3,0,0,0,1,4,1,1,4,1,1,5,0,1,0,0,0,1,1,0,2,0,4,1,2,1,1,0
144,motion,motion,no motion,motion,motion,motion,0,0,0,0,0,0,1,0,0,0,1,2,1,0,no device,no device,device detected,device detected,no device,no device,"('r9', 1)","('r15', 4)",08:36:15,4,2,0,0,1,1,1,3,1,3,0,0,0,1,4,1,1,4,1,1,5,0,1,0,0,1,0,2,0,2,0,4,1,1,0,2,0
145,motion,motion,motion,motion,motion,motion,0,0,1,0,0,0,0,0,0,0,0,2,0,0,no device,no device,device detected,device detected,no device,no device,"('r9', 1)","('c2', 1)",08:36:30,4,2,0,0,1,1,1,3,1,4,0,0,0,1,4,1,1,4,1,0,5,0,1,0,1,1,0,2,0,2,0,4,1,1,0,1,0
146,motion,motion,no motion,motion,motion,motion,0,0,0,0,0,2,0,0,0,0,1,2,0,2,device detected,no device,no device,device detected,no device,no device,"('c2', 1)","('r16', 1)",08:36:45,4,2,0,0,0,2,1,3,1,4,0,0,0,1,4,1,1,4,1,0,5,0,1,0,1,0,2,2,0,2,0,3,1,1,0,1,0
147,motion,motion,no motion,motion,motion,motion,0,1,0,0,0,0,1,0,0,0,1,3,0,0,device detected,no device,device detected,device detected,no device,no device,"('r9', 1)","('r16', 0)",08:37:00,3,3,0,0,0,1,1,3,1,4,0,0,0,2,4,0,1,4,1,0,5,0,1,0,1,1,0,2,0,2,0,4,1,1,1,1,0
148,motion,motion,no motion,motion,motion,motion,0,0,0,1,0,0,0,1,1,0,1,2,0,1,device detected,device detected,device detected,device detected,no device,no device,"('r9', 1)","('r16', 0)",08:37:15,3,2,1,0,0,1,1,3,1,4,0,0,0,1,4,0,1,4,1,0,5,0,1,0,1,0,1,2,0,3,0,4,1,1,1,1,0
149,motion,motion,no motion,motion,motion,motion,0,0,0,0,0,1,0,1,0,0,1,2,0,2,device detected,no device,device detected,no device,no device,no device,"('r9', 1)","('c2', 2)",08:37:30,3,2,0,0,0,1,1,3,1,4,0,1,0,1,4,0,1,3,1,0,5,0,1,0,1,1,2,2,0,3,0,3,0,2,0,2,0
150,motion,motion,motion,motion,motion,motion,0,0,1,0,0,0,0,1,0,0,1,3,1,0,device detected,no device,device detected,device detected,no device,no device,"('c2', 3)","('r9', 1)",08:37:45,2,3,0,0,0,1,2,3,1,3,0,0,0,1,4,0,1,3,1,1,6,0,1,0,1,0,0,2,1,2,0,3,0,2,1,3,0
151,motion,motion,motion,motion,motion,motion,0,0,0,0,0,1,0,0,1,0,2,3,0,0,device detected,no device,device detected,device detected,no device,no device,"('r18', 4)","('c2', 1)",08:38:00,2,3,0,0,0,1,2,3,2,4,0,0,0,2,3,0,1,4,1,0,6,0,2,0,1,0,0,2,1,2,0,3,0,2,0,1,0
152,motion,motion,motion,motion,motion,motion,0,2,0,0,0,0,0,0,0,0,1,2,1,0,device detected,no device,device detected,device detected,no device,no device,"('r18', 4)","('r15', 3)",08:38:15,3,2,0,0,0,1,2,3,1,4,0,0,0,2,3,1,1,4,1,1,6,0,1,0,1,0,0,2,1,2,0,3,0,2,0,1,0
153,motion,motion,motion,motion,motion,motion,0,0,2,0,0,0,0,0,1,0,1,2,0,0,device detected,no device,device detected,device detected,no device,no device,"('r18', 4)","('r15', 3)",08:38:30,3,2,0,0,0,1,2,3,1,3,0,0,0,1,3,1,1,4,1,0,6,0,1,0,1,1,0,3,1,2,0,3,0,1,1,2,0
154,motion,motion,motion,motion,motion,motion,0,0,0,0,0,0,1,0,0,0,1,2,0,1,device detected,no device,no device,no device,no device,no device,"('r18', 4)","('c2', 5)",08:38:45,3,2,0,0,0,0,1,3,1,2,0,0,0,2,3,1,1,4,1,0,6,0,1,0,1,0,1,2,1,2,0,3,0,2,0,5,0
155,motion,motion,motion,motion,motion,motion,0,0,0,0,0,1,1,2,2,0,1,2,0,1,no device,device detected,device detected,no device,no device,no device,"('r18', 5)","('r15', 3)",08:39:00,3,2,0,0,0,0,2,4,1,2,0,1,0,1,3,1,1,5,1,0,6,0,1,0,1,0,1,2,1,2,0,3,0,2,2,0,0
156,motion,motion,motion,motion,motion,motion,0,0,0,0,0,1,3,0,0,0,1,2,0,0,device detected,device detected,device detected,no device,no device,no device,"('c2', 3)","('c2', 3)",08:39:15,3,2,1,0,0,0,2,4,1,2,0,0,0,1,3,1,1,4,1,0,7,0,1,0,1,0,0,2,1,2,0,3,0,2,0,3,0
157,motion,motion,motion,motion,no motion,motion,0,1,0,0,0,0,0,0,0,0,1,2,0,1,device detected,no device,device detected,no device,no device,no device,"('r16', 2)","('r10', 2)",08:39:30,3,2,1,0,0,0,2,4,1,2,0,1,0,1,3,2,1,4,1,0,6,0,1,0,1,0,1,2,1,2,0,3,0,2,0,1,0
158,motion,motion,motion,motion,motion,motion,0,0,0,0,0,0,0,0,0,0,1,2,0,0,no device,device detected,device detected,no device,no device,no device,"('c2', 2)","('r10', 1)",08:39:45,3,2,2,0,0,0,2,4,1,1,0,0,0,1,3,2,1,4,1,0,6,0,1,0,1,1,0,1,1,2,0,3,0,3,0,2,0
159,motion,no motion,motion,motion,motion,motion,0,0,1,1,0,0,0,0,0,0,1,3,1,0,device detected,device detected,device detected,no device,no device,no device,"('c1', 0)","('r10', 1)",08:40:00,3,3,1,0,0,0,2,5,0,1,0,0,0,1,2,2,1,4,1,1,6,0,1,0,1,0,0,1,1,2,0,3,0,3,0,3,0
160,motion,motion,motion,motion,motion,no motion,0,0,0,0,2,0,0,0,0,1,1,2,0,0,device detected,device detected,no device,no device,no device,no device,"('r27', 0)","('c2', 0)",08:40:15,4,2,1,0,0,0,2,5,0,1,0,0,0,1,3,2,3,4,1,0,6,0,2,0,1,0,0,0,1,2,0,3,0,3,1,0,0
161,motion,motion,motion,motion,motion,no motion,0,0,0,0,1,0,1,0,0,0,2,2,0,0,device detected,device detected,device detected,no device,no device,no device,"('r21', 6)","('r16', 2)",08:40:30,4,2,1,0,0,0,1,5,0,1,0,0,0,1,3,2,2,4,1,0,6,0,2,0,1,0,0,0,1,2,0,3,0,3,0,3,0
162,motion,motion,motion,motion,motion,no motion,0,0,0,0,2,0,1,0,0,0,2,2,0,0,device detected,device detected,device detected,no device,no device,no device,"('r21', 6)","('c2', 1)",08:40:45,4,2,1,0,0,0,1,5,1,1,0,0,1,1,3,2,1,4,1,0,6,0,2,0,1,0,0,0,1,2,0,3,1,2,1,1,0
163,motion,no motion,motion,motion,motion,motion,0,1,0,1,0,0,0,1,0,0,2,4,1,1,no device,no device,device detected,no device,no device,no device,"('r27', 1)","('r9', 1)",08:41:00,3,4,0,0,0,0,1,5,1,1,0,0,1,1,4,1,1,4,0,1,6,0,2,0,0,0,1,1,2,2,0,3,1,1,0,1,0
164,motion,no motion,motion,motion,motion,motion,0,0,1,1,0,1,0,0,0,0,2,3,0,0,no device,device detected,device detected,no device,no device,no device,"('r27', 0)","('r9', 1)",08:41:15,3,3,1,0,0,0,0,5,1,1,1,0,1,1,4,1,1,3,0,0,6,0,2,0,0,1,0,1,2,2,0,4,1,1,0,2,0
165,motion,no motion,motion,motion,motion,motion,0,0,0,0,0,1,2,0,0,0,2,2,0,1,no device,no device,device detected,no device,no device,no device,"('r26', 0)","('r9', 1)",08:41:30,4,2,0,0,0,0,0,5,1,1,0,1,1,1,4,1,1,2,0,0,6,0,2,0,0,0,1,1,2,2,0,4,1,1,2,2,0
166,motion,no motion,motion,motion,motion,motion,0,0,0,0,0,0,0,2,0,0,1,3,0,2,no device,no device,device detected,no device,no device,no device,"('r27', 2)","('r9', 1)",08:41:45,3,3,0,0,0,0,1,4,1,1,0,0,1,1,4,1,1,2,0,0,7,0,2,0,0,0,2,1,2,2,0,4,1,1,0,3,0
167,motion,no motion,motion,motion,motion,motion,0,0,0,0,0,0,0,0,0,0,2,3,0,1,no device,no device,device detected,no device,no device,no device,"('r26', 1)","('c2', 2)",08:42:00,3,3,0,0,0,0,1,3,2,2,0,0,1,1,4,1,1,2,0,0,7,0,2,0,0,1,1,1,2,2,0,4,1,1,0,2,0
168,motion,no motion,motion,motion,motion,motion,0,0,0,0,0,0,1,1,0,0,2,3,0,2,no device,no device,device detected,no device,no device,no device,"('r30', 3)","('c2', 0)",08:42:15,3,3,0,0,0,0,1,3,2,2,0,0,1,1,5,1,1,2,0,0,5,0,2,0,0,0,2,1,2,3,0,4,1,1,2,0,0
169,motion,no motion,motion,motion,motion,motion,0,0,0,0,0,0,2,1,1,0,2,2,0,2,device detected,no device,device detected,no device,no device,no device,"('r26', 0)","('r17', 1)",08:42:30,4,2,0,0,0,1,0,3,2,1,0,0,1,1,5,1,1,2,0,0,4,0,2,0,0,0,2,1,2,3,0,4,1,1,0,4,0
170,motion,no motion,motion,motion,motion,motion,0,0,0,0,0,2,0,0,0,0,2,2,0,2,no device,no device,device detected,no device,no device,no device,"('r20', 0)","('c2', 2)",08:42:45,4,2,0,0,0,2,0,3,2,1,0,0,1,0,5,1,1,4,0,0,4,0,2,0,0,0,2,1,2,3,0,4,1,1,0,2,0
171,motion,no motion,motion,motion,no motion,motion,0,0,0,0,0,0,0,0,0,0,1,2,1,0,no device,no device,device detected,device detected,no device,no device,"('r20', 1)","('c2', 2)",08:43:00,4,2,0,1,0,1,0,4,2,1,0,0,0,0,5,1,1,4,0,1,4,0,1,0,0,1,0,1,2,3,0,5,1,1,0,2,0
172,motion,no motion,motion,motion,motion,motion,0,0,1,0,0,0,0,0,0,0,1,3,0,0,device detected,no device,device detected,device detected,no device,no device,"('r19', 0)","('r15', 5)",08:43:15,3,3,0,1,0,1,0,3,3,1,0,0,0,0,5,1,1,4,0,0,3,0,1,0,1,2,0,1,3,2,0,5,1,1,0,2,0
173,motion,no motion,motion,motion,no motion,motion,0,0,1,0,0,0,0,0,0,0,1,3,1,2,device detected,no device,device detected,device detected,no device,no device,"('r20', 1)","('c2', 2)",08:43:30,3,3,0,1,0,1,1,3,2,1,0,0,0,0,5,1,1,4,0,1,2,0,1,0,1,0,2,1,3,2,0,5,1,1,0,2,0
174,motion,no motion,motion,motion,no motion,motion,0,0,0,0,0,0,0,2,0,0,2,3,0,0,device detected,no device,device detected,device detected,no device,no device,"('r26', 1)","('r8', 3)",08:43:45,3,3,0,1,0,1,1,3,2,1,0,0,0,0,5,1,1,4,0,0,2,0,2,0,1,1,0,1,3,2,0,5,1,1,1,2,0
175,motion,no motion,motion,motion,motion,motion,0,0,1,0,0,0,1,0,0,0,2,3,1,1,device detected,no device,device detected,no device,no device,no device,"('r26', 1)","('c2', 2)",08:44:00,3,3,0,1,0,0,1,3,2,2,0,0,0,1,5,1,1,4,0,1,2,0,2,0,1,1,1,1,3,1,0,4,1,1,0,2,0
176,motion,motion,motion,motion,no motion,no motion,0,0,0,0,0,0,0,1,0,0,2,3,0,1,device detected,no device,device detected,no device,no device,no device,"('r26', 0)","('r8', 3)",08:44:15,3,3,0,1,0,0,1,3,2,1,0,1,0,1,5,1,1,4,1,0,2,0,2,0,1,0,1,1,1,3,0,4,1,1,1,2,0
177,motion,motion,motion,motion,motion,motion,0,0,0,0,0,0,2,1,0,0,2,3,0,0,device detected,device detected,device detected,no device,device detected,no device,"('r20', 0)","('c2', 2)",08:44:30,3,3,1,1,0,0,1,3,2,1,0,0,0,1,5,1,1,4,1,0,2,0,2,0,1,0,0,1,1,3,0,4,1,1,2,2,0
178,motion,motion,no motion,motion,motion,motion,0,0,0,1,0,1,1,0,1,0,2,4,1,0,device detected,no device,device detected,no device,no device,no device,"('r23', 2)","('r11', 0)",08:44:45,3,4,0,1,0,0,1,2,2,1,0,0,0,2,5,1,1,5,0,1,2,0,2,0,1,0,0,1,0,4,0,4,1,1,0,3,0
179,motion,no motion,no motion,motion,motion,motion,0,0,1,0,0,0,2,0,0,0,2,3,0,0,device detected,no device,device detected,device detected,no device,no device,"('r23', 2)","('r11', 0)",08:45:00,4,3,0,1,0,1,0,2,2,1,0,0,0,1,5,1,1,5,0,0,2,0,2,0,0,2,0,1,0,4,0,4,1,1,2,2,0
180,motion,motion,no motion,motion,motion,motion,0,0,0,0,0,0,0,2,0,1,2,3,0,3,no device,no device,device detected,device detected,no device,no device,"('r23', 2)","('r11', 0)",08:45:15,4,3,0,1,0,1,0,3,2,1,0,0,0,1,5,1,1,5,0,0,2,0,2,0,0,0,3,2,0,4,0,4,0,2,0,1,0
181,motion,no motion,motion,motion,motion,motion,0,0,0,0,0,0,0,2,0,0,2,3,0,0,no device,no device,device detected,device detected,no device,no device,"('r23', 2)","('c2', 2)",08:45:30,4,3,0,1,0,1,0,2,2,1,0,0,0,1,5,1,1,5,0,0,3,0,2,0,0,1,0,1,0,4,0,4,0,3,1,2,0
182,motion,no motion,motion,motion,motion,motion,0,0,0,0,0,0,0,0,1,0,2,3,0,0,no device,no device,device detected,device detected,no device,no device,"('r23', 2)","('r10', 1)",08:45:45,4,3,0,1,0,1,1,2,1,1,0,0,1,2,5,1,1,5,0,0,3,0,2,0,0,0,0,1,0,5,0,4,0,3,0,1,0
183,motion,motion,no motion,motion,motion,motion,0,0,0,0,0,0,0,0,0,0,2,3,0,0,no device,no device,device detected,device detected,device detected,no device,"('r20', 0)","('c2', 2)",08:46:00,4,3,0,1,0,1,1,1,2,1,0,0,0,1,5,1,1,5,0,0,3,1,2,0,0,0,0,1,0,5,0,4,0,3,0,2,0
184,motion,no motion,no motion,motion,motion,motion,0,0,0,1,0,0,0,0,0,0,2,2,0,0,no device,device detected,no device,no device,device detected,no device,"('r20', 0)","('r7', 1)",08:46:15,4,2,1,1,0,0,1,1,2,1,0,0,0,2,5,1,1,5,0,0,3,1,2,0,0,0,0,1,0,5,0,4,0,3,0,2,0
185,motion,no motion,no motion,motion,motion,motion,0,0,0,1,0,1,0,0,0,0,2,3,0,0,no device,no device,device detected,device detected,device detected,no device,"('r26', 0)","('r7', 1)",08:46:30,4,3,0,1,0,0,1,1,2,1,0,0,0,2,5,1,1,6,0,0,3,1,2,0,0,0,0,0,0,5,0,4,0,4,0,1,0
186,motion,no motion,no motion,motion,motion,no motion,0,0,0,0,0,0,0,0,0,0,2,3,0,0,no device,no device,device detected,no device,no device,no device,"('r20', 0)","('c2', 1)",08:46:45,4,3,0,1,0,0,1,1,2,1,0,0,0,2,5,1,1,6,0,0,3,1,2,0,0,0,0,0,0,5,0,4,0,4,0,1,0
187,motion,no motion,no motion,motion,motion,no motion,0,0,0,0,0,1,0,0,0,0,2,3,0,0,no device,device detected,device detected,no device,device detected,no device,"('r20', 0)","('r12', 0)",08:47:00,4,3,0,1,0,0,1,1,2,1,0,0,0,2,5,1,1,5,0,0,3,1,2,0,0,0,0,0,0,5,0,4,0,4,0,2,0
188,motion,no motion,no motion,motion,no motion,motion,0,0,0,0,0,0,0,0,0,0,2,3,0,0,no device,no device,device detected,device detected,no device,no device,"('r23', 2)","('r3', 0)",08:47:15,4,3,0,1,0,1,1,1,1,2,0,0,0,1,5,1,1,5,0,0,3,1,2,0,0,1,0,1,0,4,0,4,0,3,0,2,0
189,motion,no motion,no motion,motion,motion,no motion,0,0,0,0,0,0,0,0,0,1,2,2,0,1,no device,no device,device detected,device detected,no device,no device,"('r23', 2)","('r12', 0)",08:47:30,5,2,0,1,0,1,1,1,1,2,0,0,0,1,6,1,1,5,0,0,3,1,2,0,0,0,1,0,0,4,0,4,0,3,1,1,0
190,motion,no motion,no motion,motion,motion,no motion,0,0,0,0,0,1,0,2,0,0,2,2,0,0,no device,no device,device detected,device detected,no device,no device,"('r20', 0)","('r3', 0)",08:47:45,5,2,0,1,0,1,1,1,1,2,0,0,0,1,6,1,1,6,0,0,3,1,2,0,0,0,0,0,0,4,0,5,0,3,1,0,0
191,motion,no motion,no motion,motion,motion,no motion,0,0,0,0,0,0,1,0,0,0,2,3,0,0,no device,no device,device detected,device detected,no device,no device,"('r20', 0)","('r2', 3)",08:48:00,4,3,0,1,0,1,1,1,1,1,0,0,0,1,5,1,1,6,0,0,3,1,2,0,0,1,0,0,0,3,0,5,0,3,0,3,0
192,motion,motion,no motion,motion,motion,no motion,0,0,0,2,0,0,0,0,0,0,2,2,0,1,no device,device detected,device detected,device detected,device detected,no device,"('r23', 2)","('r1', 4)",08:48:15,4,2,1,1,0,1,1,1,1,0,0,0,0,1,4,1,1,6,0,0,3,1,2,0,0,0,1,0,0,3,0,5,0,3,0,5,0
193,motion,no motion,no motion,motion,motion,no motion,0,0,0,0,0,0,3,1,0,0,2,2,0,0,no device,no device,device detected,device detected,device detected,no device,"('r20', 0)","('r1', 4)",08:48:30,4,2,0,0,0,2,1,1,2,0,0,1,0,1,3,1,1,6,0,0,3,1,2,0,0,0,0,0,0,3,0,5,0,3,2,4,0
194,motion,no motion,no motion,motion,motion,no motion,0,1,0,0,0,0,1,1,1,0,2,2,0,1,no device,no device,device detected,device detected,device detected,no device,"('r23', 2)","('r1', 4)",08:48:45,4,2,0,0,0,1,1,1,1,1,0,0,0,3,3,2,1,6,0,0,3,1,2,0,0,1,1,0,0,2,0,5,0,3,1,3,0
195,motion,no motion,no motion,motion,motion,no motion,0,0,0,0,0,2,0,1,0,0,2,2,0,2,no device,no device,device detected,device detected,device detected,no device,"('r20', 0)","('r1', 4)",08:49:00,4,2,0,0,0,2,1,1,1,1,0,0,0,2,3,2,1,5,0,0,3,1,2,0,0,1,2,0,0,2,0,5,0,3,0,4,0
196,motion,no motion,no motion,motion,motion,no motion,0,1,1,0,2,1,2,1,0,0,2,3,1,0,no device,no device,device detected,device detected,device detected,no device,"('r19', 0)","('r1', 3)",08:49:15,3,3,0,0,0,2,1,1,1,0,0,0,0,2,4,1,2,4,0,1,3,1,2,0,0,0,0,0,0,3,0,5,0,3,1,5,0
197,motion,motion,motion,motion,no motion,no motion,0,1,0,0,1,0,1,1,1,0,3,3,0,1,no device,no device,device detected,device detected,device detected,device detected,"('r20', 0)","('r1', 3)",08:49:30,3,3,0,0,0,2,1,1,2,0,0,0,0,1,4,2,1,4,0,0,3,1,3,0,0,0,1,0,0,3,0,5,0,3,2,3,0
198,motion,no motion,no motion,motion,motion,no motion,0,0,0,0,0,0,1,1,0,0,3,3,0,2,no device,no device,device detected,device detected,device detected,no device,"('r23', 3)","('r2', 3)",08:49:45,3,3,0,0,0,2,2,1,2,0,0,0,1,1,4,2,1,4,0,0,2,1,3,0,0,1,2,0,0,3,0,5,0,3,0,2,0
199,motion,no motion,no motion,motion,motion,no motion,0,0,1,0,0,0,0,1,0,0,3,3,1,0,no device,no device,device detected,device detected,device detected,no device,"('r20', 1)","('r2', 3)",08:50:00,3,3,0,0,0,2,2,1,1,0,0,0,0,1,4,2,1,4,0,1,2,1,3,0,0,1,0,0,0,3,0,5,0,3,1,4,0
200,motion,no motion,no motion,motion,motion,motion,0,0,1,0,0,0,1,0,0,0,4,4,1,0,no device,no device,device detected,device detected,device detected,no device,"('r23', 4)","('r1', 2)",08:50:15,2,4,0,0,0,1,3,1,3,0,0,0,0,2,4,2,1,4,0,1,2,1,4,0,0,0,0,0,0,3,0,5,0,3,0,2,0
201,motion,no motion,no motion,motion,motion,no motion,0,1,0,1,0,0,0,0,0,0,5,3,0,0,no device,device detected,no device,device detected,device detected,no device,"('r20', 0)","('r1', 2)",08:50:30,2,3,1,0,0,1,3,1,3,0,0,0,0,1,3,3,1,4,0,0,2,2,5,0,0,0,0,0,0,3,0,5,0,3,0,2,0
202,motion,no motion,no motion,motion,motion,no motion,0,0,0,0,0,2,0,0,0,0,5,3,0,0,no device,no device,device detected,device detected,device detected,no device,"('r23', 5)","('r1', 2)",08:50:45,2,3,0,0,0,1,3,1,3,0,0,1,0,1,4,3,1,5,0,0,2,2,5,0,0,0,0,0,0,3,0,5,0,3,0,0,0
203,motion,no motion,motion,motion,motion,motion,0,0,0,0,0,0,0,0,0,0,5,3,0,0,device detected,no device,device detected,device detected,device detected,no device,"('r23', 5)","('r1', 2)",08:51:00,2,3,0,0,0,1,3,1,2,0,0,0,0,1,3,3,1,5,0,0,2,2,5,0,0,0,0,0,0,3,0,5,0,3,0,3,0
204,motion,no motion,no motion,motion,motion,no motion,0,2,0,0,0,4,0,0,0,0,5,3,0,0,no device,no device,device detected,no device,device detected,no device,"('r20', 0)","('r1', 2)",08:51:15,2,3,0,0,0,1,1,1,0,0,0,0,0,2,1,1,1,1,0,0,2,1,5,0,0,0,0,0,0,3,0,5,0,3,0,15,0
205,motion,no motion,no motion,motion,motion,motion,0,0,0,0,0,0,1,0,0,0,5,3,0,1,no device,no device,device detected,device detected,device detected,no device,"('r20', 0)","('r1', 2)",08:51:30,2,3,0,0,0,1,0,1,1,0,0,0,0,2,0,1,1,1,0,0,2,1,5,0,0,0,1,0,0,3,0,4,0,3,1,15,0
206,motion,no motion,no motion,motion,motion,motion,0,2,0,0,1,0,1,0,1,0,4,3,0,1,no device,no device,device detected,device detected,device detected,no device,"('r19', 0)","('r2', 3)",08:51:45,2,3,0,0,0,2,0,1,1,0,0,0,0,1,0,1,0,1,0,0,2,2,5,0,0,0,1,0,0,3,0,4,0,3,1,15,0
207,motion,no motion,no motion,motion,motion,motion,0,0,0,0,0,0,1,0,0,0,5,2,0,2,no device,no device,device detected,device detected,device detected,no device,"('r20', 0)","('r3', 0)",08:52:00,2,3,0,0,0,2,1,2,1,0,0,0,0,1,0,1,0,1,0,0,2,2,5,0,0,0,2,0,0,3,0,3,0,3,0,14,0
208,motion,no motion,no motion,motion,motion,no motion,0,0,0,0,0,1,1,1,0,0,5,2,0,1,no device,no device,device detected,device detected,no device,no device,"('r26', 0)","('r3', 0)",08:52:15,3,2,0,0,0,2,1,2,1,0,0,0,0,1,0,1,0,0,0,0,2,2,5,0,0,0,1,0,0,3,0,3,0,3,0,16,0
209,motion,no motion,motion,motion,motion,no motion,0,1,0,0,0,0,0,0,0,0,5,2,0,0,no device,no device,device detected,device detected,device detected,no device,"('r20', 0)","('r2', 2)",08:52:30,3,2,0,0,0,2,2,2,3,1,0,0,0,1,0,0,0,0,0,0,2,2,5,0,0,0,1,0,0,3,0,3,0,3,0,13,0
210,motion,no motion,no motion,motion,motion,no motion,0,0,0,0,0,0,2,0,0,0,4,3,1,1,no device,no device,device detected,no device,device detected,no device,"('r26', 0)","('r3', 0)",08:52:45,2,3,0,0,0,2,2,2,12,1,0,0,0,1,0,0,0,0,0,1,2,2,4,0,0,0,1,1,0,3,0,3,0,2,2,2,0
211,motion,no motion,no motion,motion,motion,no motion,0,0,1,0,0,0,0,1,0,1,4,4,0,2,no device,no device,no device,device detected,device detected,no device,"('r25', 0)","('r2', 4)",08:53:00,1,4,0,0,0,2,2,2,12,1,0,0,0,1,0,0,0,0,0,0,2,2,4,0,0,1,2,0,0,3,0,3,0,2,2,2,0
212,no motion,no motion,no motion,motion,motion,no motion,0,0,0,0,0,0,1,0,0,0,4,4,0,2,device detected,no device,device detected,device detected,no device,no device,"('r29', 0)","('r2', 4)",08:53:15,1,4,0,0,0,2,1,1,12,1,0,0,0,1,0,0,0,0,0,0,3,2,4,0,0,0,2,0,0,3,0,3,0,2,1,5,0
213,motion,no motion,motion,motion,motion,no motion,0,0,0,0,0,1,0,0,1,0,4,4,0,1,no device,no device,no device,device detected,device detected,no device,"('r29', 0)","('r2', 4)",08:53:30,1,4,0,0,0,2,1,1,12,1,0,0,0,2,0,0,0,1,0,0,4,2,4,0,0,0,1,0,0,3,0,3,0,2,0,4,0
214,motion,no motion,no motion,motion,motion,no motion,0,0,0,0,0,1,0,0,0,0,4,4,0,1,no device,device detected,device detected,device detected,no device,no device,"('r30', 3)","('r3', 0)",08:53:45,1,4,0,0,0,2,1,1,12,1,0,0,0,1,0,0,0,0,0,0,4,3,4,0,0,0,1,0,0,3,0,3,0,2,0,5,0
215,no motion,no motion,no motion,motion,motion,no motion,0,0,0,0,0,2,0,0,0,0,4,4,0,2,no device,no device,device detected,device detected,device detected,no device,"('r30', 2)","('r2', 5)",08:54:00,0,5,0,1,0,1,1,1,12,1,0,0,0,1,0,0,0,0,0,0,3,2,4,0,0,1,2,0,0,2,0,3,0,2,0,5,1
216,motion,no motion,no motion,motion,motion,no motion,0,0,0,1,0,1,0,1,0,0,4,4,0,3,no device,device detected,device detected,device detected,device detected,no device,"('r29', 0)","('r3', 1)",08:54:15,0,4,1,1,0,1,1,1,12,1,0,0,0,1,0,0,0,1,0,0,2,2,4,0,0,0,3,0,0,2,0,3,0,2,1,4,1
217,no motion,motion,no motion,motion,no motion,no motion,0,0,1,0,0,1,2,1,0,0,4,4,0,1,no device,no device,device detected,device detected,device detected,no device,"('r30', 2)","('r12', 1)",08:54:30,0,4,0,1,0,1,1,1,12,1,0,1,0,1,0,0,0,0,0,1,2,2,4,0,0,0,1,0,0,2,0,3,0,2,1,6,1
218,motion,motion,no motion,motion,motion,no motion,0,0,0,0,0,0,1,0,0,0,5,4,0,1,no device,no device,device detected,device detected,device detected,no device,"('r30', 2)","('r3', 0)",08:54:45,0,4,0,1,0,1,1,1,13,1,0,1,0,1,0,0,0,0,0,0,2,2,5,0,0,0,1,0,0,2,0,3,0,2,0,6,1
219,motion,no motion,no motion,motion,motion,no motion,0,1,0,0,0,0,0,0,0,0,4,4,0,1,no device,device detected,device detected,device detected,device detected,no device,"('r29', 0)","('r12', 0)",08:55:00,0,4,1,0,1,1,1,1,13,3,0,0,0,1,0,1,0,0,0,0,2,2,5,0,0,0,1,0,0,2,0,3,0,2,0,3,1
220,no motion,no motion,motion,motion,motion,no motion,0,0,0,1,0,0,1,0,0,0,4,4,0,1,no device,no device,device detected,no device,device detected,no device,"('r29', 0)","('r3', 0)",08:55:15,1,4,0,0,1,1,1,1,13,3,0,0,0,1,0,1,0,0,0,0,2,2,5,0,0,0,1,0,0,2,0,3,0,2,1,2,1
221,motion,no motion,no motion,motion,motion,no motion,0,0,0,1,0,0,0,0,1,0,5,3,0,2,no device,device detected,device detected,device detected,device detected,no device,"('r25', 0)","('r2', 3)",08:55:30,1,3,1,0,0,2,0,0,13,4,0,0,0,2,0,1,0,0,0,0,2,2,5,0,0,0,2,0,0,2,0,2,0,2,0,3,1
222,motion,no motion,no motion,motion,motion,motion,0,1,0,0,0,0,0,0,0,0,5,3,0,1,no device,no device,device detected,device detected,device detected,device detected,"('r25', 0)","('r2', 3)",08:55:45,1,3,0,0,1,2,1,0,11,5,0,1,0,1,0,0,0,0,0,0,2,2,5,0,0,0,1,1,0,2,0,3,0,1,0,4,1
223,motion,no motion,no motion,motion,motion,no motion,0,2,0,0,0,0,0,0,0,0,5,3,0,1,no device,no device,device detected,device detected,device detected,no device,"('r26', 0)","('r3', 0)",08:56:00,1,3,0,0,1,2,1,0,11,5,0,0,0,1,0,1,0,0,0,0,2,3,5,0,0,0,1,1,0,2,0,3,0,1,0,4,0
224,motion,no motion,motion,motion,motion,motion,0,0,0,0,0,0,1,0,1,0,5,3,0,1,no device,no device,device detected,no device,device detected,no device,"('r25', 0)","('r12', 0)",08:56:15,1,3,0,0,1,1,1,0,10,5,0,0,0,2,0,1,0,0,0,0,2,2,5,0,0,0,1,1,0,2,0,3,0,1,2,4,0
225,motion,no motion,no motion,motion,motion,motion,0,0,0,0,0,0,0,0,1,2,5,3,0,1,no device,no device,device detected,no device,device detected,no device,"('r25', 0)","('r12', 0)",08:56:30,1,3,0,1,1,0,1,0,10,7,0,0,0,1,0,1,0,0,0,0,2,2,5,0,0,0,1,3,0,2,0,3,0,1,1,2,0
226,no motion,no motion,motion,motion,motion,no motion,0,0,0,0,0,0,0,1,0,0,5,3,0,2,no device,no device,device detected,device detected,device detected,no device,"('r26', 0)","('r3', 0)",08:56:45,1,3,0,0,1,1,1,0,10,7,0,0,0,1,0,1,0,0,0,0,2,2,5,0,0,0,2,1,0,2,0,3,0,3,0,2,0
227,motion,no motion,no motion,motion,motion,motion,0,0,0,0,0,0,0,0,0,0,5,3,0,1,device detected,no device,device detected,device detected,device detected,no device,"('r27', 1)","('r3', 0)",08:57:00,1,3,0,0,1,1,1,0,10,7,0,0,0,1,0,1,0,0,0,0,2,2,5,0,0,1,1,1,0,2,0,3,1,2,0,2,0
228,motion,no motion,no motion,motion,motion,motion,0,0,1,0,0,0,0,0,0,0,5,3,1,1,no device,no device,device detected,no device,device detected,no device,"('c1', 0)","('r12', 0)",08:57:15,1,3,0,0,2,0,1,0,10,7,0,0,0,1,0,1,0,0,0,1,2,2,5,0,0,0,1,1,0,2,0,3,0,3,0,2,0
229,motion,no motion,no motion,motion,no motion,no motion,0,0,0,0,0,0,0,0,0,0,6,3,0,1,no device,no device,device detected,device detected,device detected,no device,"('c1', 0)","('c2', 2)",08:57:30,1,3,0,0,1,1,1,0,9,8,0,0,0,1,0,1,0,0,0,0,2,2,6,0,0,0,1,1,0,2,0,3,0,3,0,2,0
230,motion,no motion,no motion,motion,motion,motion,0,0,0,0,0,0,0,0,0,0,6,3,0,1,no device,no device,device detected,device detected,no device,no device,"('r27', 1)","('r10', 9)",08:57:45,1,3,0,0,0,1,1,0,9,9,1,0,0,2,0,1,0,0,0,0,2,2,6,0,0,0,1,1,0,2,0,3,0,3,0,0,0
231,motion,no motion,motion,motion,motion,motion,0,0,0,0,0,0,0,0,0,0,5,3,1,1,no device,no device,no device,no device,device detected,no device,"('r21', 2)","('c2', 0)",08:58:00,1,3,0,0,0,0,1,0,9,9,1,0,0,3,0,1,0,0,0,1,2,2,5,0,0,0,1,1,0,2,0,3,0,3,0,0,0
232,motion,no motion,no motion,motion,motion,motion,0,0,0,0,0,0,1,0,1,0,6,3,0,2,no device,no device,device detected,device detected,device detected,no device,"('r27', 2)","('r16', 1)",08:58:15,1,3,0,0,0,1,1,0,9,9,1,0,0,1,0,1,0,0,0,0,2,2,6,0,0,0,2,1,0,2,0,2,0,3,0,1,0
233,motion,no motion,motion,motion,motion,motion,0,0,0,0,0,0,0,0,0,0,6,3,0,1,no device,no device,no device,no device,device detected,no device,"('r32', 2)","('r16', 1)",08:58:30,1,3,0,0,1,0,1,0,9,9,0,0,0,1,1,1,0,0,0,0,3,2,6,0,0,0,1,1,0,2,0,2,0,3,0,1,0
234,no motion,no motion,no motion,motion,no motion,motion,0,0,0,0,0,0,0,0,0,0,6,3,0,0,no device,no device,device detected,device detected,no device,no device,"('r27', 0)","('c2', 0)",08:58:45,1,3,0,0,0,1,1,0,9,10,0,0,0,1,1,1,0,0,0,0,4,2,6,0,0,0,0,1,0,2,0,2,0,3,0,0,0
235,motion,no motion,no motion,motion,motion,motion,0,0,0,0,0,0,0,0,0,0,6,3,0,0,no device,no device,device detected,no device,device detected,no device,"('r21', 4)","('r8', 0)",08:59:00,1,3,0,1,0,0,1,0,9,10,0,0,0,1,1,1,0,0,0,0,4,2,6,0,0,0,0,1,0,2,0,2,0,3,0,0,0
236,motion,motion,no motion,motion,motion,motion,0,0,0,0,0,0,0,0,0,0,6,3,0,0,no device,no device,device detected,no device,device detected,no device,"('r21', 4)","('c2', 0)",08:59:15,1,3,0,1,0,0,1,0,9,10,0,0,0,1,1,1,0,0,0,0,4,2,6,0,0,0,0,1,0,2,0,2,0,3,0,0,0
237,motion,no motion,no motion,motion,motion,motion,0,0,0,0,0,0,0,0,0,0,5,3,0,0,no device,no device,device detected,device detected,device detected,no device,"('r27', 0)","('r12', 0)",08:59:30,1,3,0,0,0,1,1,0,9,10,0,0,0,1,1,1,0,0,0,0,4,2,6,0,0,0,0,1,0,2,0,2,0,3,0,0,0
238,motion,motion,no motion,motion,motion,motion,0,0,0,0,0,0,0,0,0,0,6,3,0,1,no device,no device,device detected,device detected,device detected,no device,"('r27', 1)","('r12', 0)",08:59:45,1,3,0,0,0,1,1,0,9,10,0,0,0,1,1,1,0,0,0,0,3,2,6,0,0,0,1,1,0,2,0,2,0,3,0,0,0
239,motion,no motion,no motion,motion,motion,motion,0,0,0,0,0,0,0,1,0,0,6,3,0,0,no device,no device,device detected,no device,device detected,no device,"('r27', 0)","('r3', 0)",09:00:00,1,3,0,0,1,0,1,0,8,10,0,0,0,1,1,1,0,0,0,0,3,2,6,0,0,0,0,1,0,2,0,2,0,3,1,1,0
240,motion,no motion,no motion,motion,motion,no motion,0,0,0,0,0,0,1,1,0,0,6,3,0,0,no device,no device,device detected,device detected,no device,no device,"('r27', 0)","('r12', 0)",09:00:15,1,3,0,0,0,1,0,0,7,10,0,0,0,1,0,1,0,0,0,0,2,2,6,0,0,0,0,0,0,2,0,2,0,4,1,5,0
241,motion,no motion,no motion,motion,motion,no motion,0,0,0,0,0,0,1,0,0,0,5,3,1,0,no device,no device,device detected,no device,device detected,no device,"('r27', 0)","('r3', 0)",09:00:30,1,3,0,0,1,0,0,0,10,9,0,0,0,1,0,1,0,0,0,1,2,2,5,0,0,0,0,0,0,2,0,2,0,4,0,4,0
242,no motion,no motion,no motion,motion,motion,no motion,0,0,1,0,3,0,0,0,0,0,5,4,0,0,no device,no device,device detected,device detected,device detected,no device,"('r26', 1)","('r2', 4)",09:00:45,0,4,0,0,0,1,0,1,10,9,0,1,0,1,0,1,2,0,0,0,2,2,5,0,0,1,0,0,0,2,0,2,0,4,0,0,0
243,no motion,no motion,no motion,motion,motion,no motion,0,0,0,1,0,0,0,0,0,0,4,3,0,1,no device,device detected,device detected,no device,device detected,no device,"('r26', 0)","('r3', 2)",09:01:00,0,3,2,0,0,0,0,1,10,9,0,0,0,2,0,1,2,0,0,0,2,2,5,0,0,0,1,0,0,2,0,2,0,4,0,0,0
244,motion,no motion,no motion,motion,motion,motion,0,0,0,1,0,0,0,2,1,0,5,3,0,1,no device,no device,no device,no device,device detected,no device,"('r26', 0)","('r2', 3)",09:01:15,1,3,0,0,0,0,0,1,10,9,0,1,0,1,0,1,2,0,0,0,2,2,5,0,0,0,1,0,0,2,0,2,0,4,1,0,0
245,no motion,no motion,no motion,motion,motion,no motion,0,0,0,0,1,0,1,0,0,0,5,3,0,0,no device,no device,device detected,no device,device detected,no device,"('r20', 0)","('r3', 0)",09:01:30,1,3,0,0,0,0,0,1,10,9,0,0,0,1,0,1,1,0,0,0,3,2,5,0,0,0,0,0,0,2,0,2,0,4,0,3,0
246,motion,no motion,no motion,motion,motion,motion,0,1,0,0,0,0,1,0,0,0,5,2,0,0,no device,no device,device detected,no device,device detected,no device,"('r19', 0)","('r12', 0)",09:01:45,2,2,0,0,0,0,1,1,10,9,0,0,0,1,0,2,1,0,0,0,3,2,5,0,0,0,0,1,0,2,0,2,0,3,1,0,0
247,motion,no motion,no motion,motion,motion,motion,0,0,0,0,0,0,0,1,0,1,5,2,0,1,no device,no device,device detected,no device,device detected,no device,"('r19', 0)","('r12', 0)",09:02:00,2,2,0,0,0,0,1,1,10,9,0,0,0,1,0,2,1,0,0,0,3,2,5,0,0,0,1,0,0,2,0,2,0,3,1,0,0
248,motion,no motion,no motion,motion,motion,no motion,0,1,0,0,0,0,0,0,1,0,5,2,0,0,no device,no device,device detected,no device,device detected,no device,"('r20', 0)","('r12', 0)",09:02:15,2,2,0,0,0,0,1,1,9,9,0,0,0,2,0,1,1,0,0,0,4,2,5,0,0,0,0,0,0,2,0,2,0,3,0,2,0
249,motion,no motion,no motion,motion,motion,no motion,0,0,0,0,0,0,0,0,0,0,5,2,0,1,no device,no device,device detected,no device,device detected,no device,"('r19', 0)","('r12', 0)",09:02:30,2,2,0,0,0,0,1,1,10,9,0,0,1,2,0,1,1,0,0,0,4,2,5,0,0,1,1,1,0,1,0,1,0,2,0,0,0
250,motion,no motion,no motion,no motion,motion,no motion,0,0,0,0,0,0,0,0,0,1,5,2,0,1,no device,no device,no device,no device,device detected,no device,"('r20', 0)","('r12', 0)",09:02:45,2,2,0,0,0,0,1,1,10,9,0,0,1,2,0,1,1,0,0,0,4,2,5,0,0,1,1,0,0,1,0,1,0,2,1,0,0
251,motion,no motion,no motion,motion,motion,no motion,0,0,1,0,0,0,1,0,0,0,5,2,1,0,no device,no device,device detected,no device,device detected,no device,"('r19', 0)","('c2', 3)",09:03:00,2,2,0,0,0,0,1,1,10,8,0,0,0,2,0,1,1,0,0,1,4,2,5,0,0,0,0,0,0,1,0,2,0,2,0,3,0
252,motion,no motion,motion,motion,no motion,no motion,0,0,0,0,0,0,1,0,0,0,6,1,0,0,no device,no device,device detected,no device,device detected,device detected,"('r19', 0)","('r12', 1)",09:03:15,2,2,0,0,0,0,1,1,11,8,0,1,0,2,0,1,1,0,0,0,4,2,6,0,0,0,0,0,0,1,0,2,0,2,1,0,0
253,motion,no motion,no motion,motion,motion,no motion,0,1,0,1,0,0,0,1,0,0,6,2,0,1,no device,no device,device detected,no device,device detected,no device,"('r19', 0)","('r12', 0)",09:03:30,2,3,0,0,0,0,1,1,11,8,0,0,0,2,0,0,1,0,0,0,4,2,6,0,0,0,1,0,0,1,0,2,0,2,0,1,0
254,motion,no motion,motion,motion,motion,no motion,0,0,0,0,0,0,0,0,1,0,6,1,0,0,no device,no device,device detected,no device,device detected,no device,"('r20', 0)","('c2', 1)",09:03:45,3,2,0,0,0,0,1,1,11,8,0,0,0,1,0,0,1,0,0,0,4,2,6,0,0,1,0,0,0,1,0,2,0,2,1,1,0
255,motion,no motion,no motion,motion,motion,motion,0,0,1,0,0,0,0,0,0,0,6,1,1,0,no device,no device,no device,no device,device detected,no device,"('r19', 0)","('r10', 8)",09:04:00,3,2,0,0,0,0,1,1,12,8,0,0,0,1,0,0,1,0,0,1,4,2,6,0,0,0,0,0,0,1,0,2,0,2,1,0,0
256,motion,no motion,motion,motion,motion,motion,0,0,0,0,0,0,1,0,0,0,7,2,0,1,no device,no device,device detected,no device,no device,no device,"('r19', 0)","('r10', 8)",09:04:15,3,2,0,0,0,0,1,1,12,8,0,0,0,1,0,0,1,0,0,0,3,2,7,0,0,0,1,1,0,1,0,2,0,1,0,1,0
257,motion,no motion,no motion,motion,motion,motion,0,0,0,0,0,0,0,0,0,0,7,2,0,0,no device,no device,device detected,device detected,device detected,no device,"('r20', 0)","('r10', 8)",09:04:30,3,2,0,0,0,0,1,1,12,8,1,0,0,1,0,0,1,0,0,0,3,2,7,0,0,0,1,1,0,1,0,2,0,1,0,0,0
258,motion,no motion,no motion,motion,motion,motion,0,0,0,0,1,0,0,0,0,0,4,2,3,1,no device,no device,device detected,no device,device detected,no device,"('r20', 3)","('r10', 8)",09:04:45,3,2,0,0,0,0,1,1,11,8,1,0,0,1,0,0,0,0,0,3,3,2,4,0,0,0,1,1,0,1,0,2,0,1,0,2,0
259,motion,motion,no motion,motion,motion,motion,0,0,1,0,0,0,0,0,0,0,5,2,0,2,no device,no device,device detected,no device,device detected,no device,"('r20', 0)","('c2', 0)",09:05:00,3,2,0,0,0,0,1,1,12,9,1,0,0,1,0,0,0,0,1,0,2,2,5,0,0,1,2,1,0,1,0,2,0,1,0,0,0
260,motion,no motion,no motion,motion,motion,motion,0,0,0,0,0,0,0,0,0,0,5,2,1,2,no device,no device,device detected,no device,device detected,no device,"('r20', 1)","('r16', 0)",09:05:15,3,2,0,0,0,0,1,1,12,9,1,0,0,1,0,0,0,0,0,1,2,2,5,0,0,0,2,1,0,1,0,3,0,1,0,0,0
261,motion,motion,no motion,motion,no motion,motion,0,0,0,0,0,0,0,1,0,0,5,2,1,1,device detected,no device,device detected,no device,device detected,device detected,"('r19', 0)","('r16', 0)",09:05:30,3,2,0,0,0,0,1,1,12,9,1,0,0,1,0,0,0,0,0,1,2,2,5,0,0,0,1,1,0,1,0,3,0,1,1,0,0
262,motion,no motion,no motion,motion,motion,motion,0,0,0,0,0,0,1,0,0,0,5,2,1,1,no device,no device,device detected,device detected,no device,no device,"('r19', 0)","('r16', 0)",09:05:45,3,2,0,0,0,0,1,1,11,9,1,0,0,1,0,0,0,0,0,1,2,2,5,0,0,0,1,1,0,1,0,3,0,1,0,2,0
263,motion,no motion,no motion,motion,motion,motion,0,0,0,0,0,0,0,0,0,0,5,2,1,1,no device,no device,no device,no device,device detected,no device,"('r19', 0)","('c2', 0)",09:06:00,3,2,0,0,0,0,1,1,11,9,1,1,1,1,0,0,0,0,0,1,2,2,5,0,0,0,1,1,0,1,0,3,0,1,0,0,0
264,motion,no motion,no motion,motion,motion,motion,0,0,0,0,0,0,0,0,0,0,5,2,1,0,no device,device detected,device detected,no device,device detected,no device,"('r19', 0)","('r11', 1)",09:06:15,3,2,1,0,0,0,1,1,11,7,1,0,1,1,0,0,0,0,0,1,2,2,5,0,0,0,0,2,0,1,1,3,0,0,0,2,0
265,motion,motion,no motion,motion,no motion,motion,0,0,0,1,0,0,1,0,0,0,5,3,1,0,no device,no device,device detected,no device,device detected,no device,"('r19', 0)","('c2', 2)",09:06:30,3,3,0,0,0,0,1,1,11,6,1,0,1,1,0,0,0,0,0,1,2,2,5,0,0,0,0,2,0,1,0,4,0,0,1,2,0
266,motion,motion,no motion,motion,motion,motion,0,0,0,0,0,0,0,1,0,0,5,2,0,0,no device,device detected,device detected,no device,device detected,no device,"('r19', 1)","('r8', 2)",09:06:45,4,2,1,0,0,0,1,2,11,6,1,0,1,1,0,0,0,0,1,0,3,2,5,0,0,0,0,2,0,1,1,3,0,0,0,0,0
267,motion,motion,no motion,motion,motion,motion,0,0,0,0,0,0,0,0,0,0,5,2,0,0,no device,device detected,device detected,no device,device detected,no device,"('r19', 1)","('r8', 2)",09:07:00,4,2,1,0,0,0,1,2,11,5,1,0,0,1,0,0,0,0,1,0,3,2,5,0,0,0,0,2,0,1,0,4,0,0,0,2,0
268,motion,motion,no motion,motion,no motion,motion,0,0,0,0,1,0,0,0,0,0,5,3,0,0,no device,device detected,device detected,no device,no device,no device,"('r20', 0)","('r8', 2)",09:07:15,3,3,1,0,0,0,1,2,11,5,1,0,0,1,0,0,1,0,1,0,3,2,5,0,0,0,0,2,0,1,0,4,0,0,0,1,0
269,motion,motion,no motion,motion,motion,motion,0,0,0,1,0,0,0,0,0,0,5,3,0,0,no device,no device,device detected,no device,device detected,no device,"('r19', 1)","('c2', 1)",09:07:30,3,4,0,0,0,0,1,2,11,5,1,0,0,1,0,0,1,0,1,0,3,2,5,0,0,0,0,2,0,1,0,4,0,0,0,1,0
270,motion,motion,no motion,motion,no motion,motion,0,0,0,0,0,0,0,0,1,0,5,6,0,1,no device,no device,device detected,no device,device detected,no device,"('r19', 1)","('r16', 0)",09:07:45,1,6,0,0,0,0,1,2,9,6,1,0,0,0,0,0,1,0,1,0,2,2,5,0,0,0,1,2,0,1,0,4,0,0,1,2,0
271,motion,no motion,no motion,motion,no motion,motion,0,0,0,1,0,0,0,2,0,0,4,5,1,0,no device,device detected,no device,no device,device detected,no device,"('r19', 1)","('r16', 0)",09:08:00,1,5,1,0,0,0,1,2,9,6,1,0,0,0,0,0,1,0,1,1,2,2,4,0,0,0,1,2,0,1,0,4,0,0,1,2,0
272,motion,motion,no motion,motion,no motion,motion,0,0,1,0,1,0,1,0,0,0,4,5,0,1,no device,no device,device detected,no device,device detected,no device,"('r20', 0)","('r16', 0)",09:08:15,1,5,0,0,0,0,1,2,9,6,1,1,0,0,0,0,0,0,1,0,1,2,4,0,0,2,1,2,0,1,1,3,0,0,0,4,0
273,motion,motion,motion,motion,no motion,motion,0,0,1,0,0,0,0,0,0,0,5,5,0,1,no device,no device,device detected,no device,device detected,no device,"('r20', 0)","('r16', 0)",09:08:30,1,5,0,0,0,0,1,2,9,5,1,1,1,0,0,0,0,0,1,0,1,2,5,0,0,1,1,2,0,1,1,3,0,0,0,4,0
274,motion,motion,motion,motion,motion,motion,0,0,1,2,0,0,0,1,0,0,4,4,2,0,no device,device detected,device detected,no device,device detected,no device,"('r23', 4)","('r16', 0)",09:08:45,1,4,2,0,0,0,1,3,9,6,1,0,1,0,0,0,0,0,1,2,1,2,4,0,0,0,0,2,0,1,0,4,0,0,1,2,0
275,motion,motion,no motion,motion,motion,motion,0,0,0,1,0,0,2,0,0,0,4,5,1,0,no device,no device,device detected,no device,device detected,no device,"('r23', 4)","('c2', 4)",09:09:00,1,5,0,0,0,0,1,2,9,6,0,1,1,0,0,0,0,0,2,1,1,2,4,0,0,0,0,2,0,1,0,4,0,0,1,4,0
276,motion,motion,no motion,motion,no motion,motion,0,0,0,0,0,1,1,1,0,1,4,4,0,0,no device,no device,device detected,no device,device detected,device detected,"('r20', 0)","('r16', 0)",09:09:15,2,4,0,0,0,0,1,2,9,5,0,0,1,0,0,0,0,1,3,0,1,2,4,0,0,1,0,3,0,0,0,3,0,0,2,4,0
277,motion,motion,motion,motion,motion,motion,0,0,0,0,1,1,1,1,0,0,4,4,0,1,no device,no device,device detected,no device,device detected,no device,"('r23', 4)","('c2', 8)",09:09:30,2,4,0,0,0,0,1,2,8,4,0,0,0,0,0,0,1,0,3,0,1,2,4,0,0,1,1,2,0,0,1,2,0,1,0,8,0
278,motion,motion,no motion,motion,motion,motion,0,0,0,0,0,1,0,0,0,0,4,4,0,0,no device,no device,device detected,no device,device detected,no device,"('r23', 4)","('r18', 1)",09:09:45,2,4,0,0,0,0,1,2,8,4,0,1,0,0,0,0,1,1,3,0,1,2,4,0,0,1,0,2,0,0,1,3,1,0,0,6,0
279,motion,motion,no motion,motion,no motion,motion,0,0,0,0,0,0,0,0,0,0,4,4,0,0,no device,device detected,device detected,no device,device detected,no device,"('r23', 4)","('c2', 7)",09:10:00,2,4,1,0,0,0,0,2,8,3,0,1,0,0,0,0,1,1,3,0,1,2,4,0,0,1,0,2,0,0,1,3,1,0,0,7,0
280,motion,motion,no motion,motion,no motion,motion,0,0,0,1,0,0,1,0,0,0,4,5,0,0,device detected,device detected,device detected,device detected,device detected,no device,"('r23', 4)","('r16', 0)",09:10:15,2,5,1,0,0,0,1,2,8,5,0,0,0,0,0,0,1,1,3,0,1,2,4,0,1,0,0,2,0,0,0,4,1,0,1,3,0
281,motion,motion,no motion,motion,no motion,motion,0,0,0,0,1,0,1,1,0,0,4,5,1,1,device detected,device detected,device detected,no device,no device,no device,"('r23', 4)","('r16', 0)",09:10:30,2,5,1,0,0,0,0,2,3,5,0,0,0,0,0,0,0,1,2,1,1,2,4,0,1,0,1,2,0,0,0,4,1,0,1,9,0
282,motion,motion,no motion,motion,no motion,motion,0,0,1,2,1,0,0,1,0,0,3,5,0,1,device detected,device detected,no device,no device,device detected,no device,"('r23', 4)","('c2', 9)",09:10:45,2,5,1,0,0,0,0,2,2,5,0,0,0,0,0,0,1,1,2,0,1,2,4,0,1,2,1,2,0,0,0,4,1,0,0,9,0
283,motion,motion,no motion,motion,no motion,motion,0,0,1,1,0,0,0,0,0,0,4,2,1,1,device detected,device detected,device detected,no device,device detected,no device,"('r20', 1)","('r16', 0)",09:11:00,3,3,1,0,0,0,0,2,4,8,0,1,1,0,0,0,1,1,2,1,1,2,4,0,1,0,1,2,0,1,0,4,1,0,0,3,0
284,motion,motion,motion,motion,motion,motion,0,0,0,1,0,0,0,0,0,0,5,4,0,0,device detected,no device,device detected,no device,device detected,no device,"('r23', 5)","('r16', 0)",09:11:15,3,4,0,0,0,0,0,2,4,7,0,0,1,0,0,0,1,1,2,0,1,2,5,0,1,2,0,2,0,0,0,4,1,0,0,5,0
285,motion,motion,no motion,motion,no motion,motion,0,0,1,1,0,0,2,0,0,1,5,3,0,0,no device,device detected,device detected,no device,device detected,no device,"('r23', 5)","('c2', 3)",09:11:30,3,3,1,0,0,0,0,2,4,7,0,0,1,0,0,0,1,1,3,0,1,2,5,0,2,0,0,3,0,0,0,4,1,0,1,3,0
286,motion,motion,no motion,motion,no motion,motion,0,0,0,1,0,1,0,1,0,0,5,4,0,1,device detected,no device,device detected,no device,device detected,no device,"('r23', 5)","('r12', 0)",09:11:45,3,4,0,0,0,0,0,2,3,5,0,0,1,0,0,0,1,0,3,0,1,2,5,1,2,0,1,2,0,0,0,4,1,0,0,7,0
287,motion,motion,no motion,motion,no motion,motion,0,1,0,0,0,0,1,0,0,0,5,4,0,0,device detected,no device,device detected,no device,device detected,device detected,"('r20', 0)","('r3', 0)",09:12:00,3,4,0,0,0,0,1,2,1,5,0,0,1,0,0,1,1,0,3,0,2,2,5,1,2,0,0,2,0,0,0,4,1,0,1,6,0
288,motion,motion,no motion,motion,motion,motion,0,0,0,0,0,0,0,1,0,0,4,3,1,0,device detected,no device,device detected,no device,device detected,device detected,"('r20', 1)","('r3', 0)",09:12:15,4,3,0,0,0,0,1,2,1,3,0,0,1,0,0,1,1,0,3,1,3,2,4,1,2,0,0,2,0,0,0,4,1,0,0,8,0
289,motion,motion,no motion,motion,no motion,no motion,0,1,0,0,1,0,1,0,0,2,3,3,1,1,device detected,no device,device detected,no device,device detected,device detected,"('r26', 0)","('r12', 0)",09:12:30,4,3,0,0,0,0,2,2,1,2,0,0,1,0,1,0,2,0,4,1,3,2,3,1,2,0,1,0,0,0,0,3,1,0,3,6,0
290,motion,motion,motion,motion,motion,no motion,0,0,0,0,0,0,1,2,1,0,3,3,1,1,device detected,device detected,device detected,no device,device detected,device detected,"('r30', 0)","('r3', 0)",09:12:45,4,3,0,0,0,0,2,2,1,2,0,0,1,1,0,0,2,0,4,1,3,2,3,1,2,0,1,0,0,0,0,3,1,0,3,6,0
291,motion,motion,no motion,motion,motion,no motion,0,0,0,0,0,0,1,0,0,0,3,3,1,0,device detected,no device,device detected,no device,device detected,device detected,"('r29', 0)","('r2', 3)",09:13:00,4,3,0,0,0,0,2,3,1,1,0,1,0,1,0,0,2,0,4,1,3,2,3,1,2,1,0,0,0,0,0,3,1,0,2,7,0
292,motion,motion,no motion,motion,motion,no motion,0,0,1,0,2,0,0,0,0,0,3,4,2,0,device detected,device detected,device detected,no device,device detected,device detected,"('r29', 0)","('r2', 4)",09:13:15,3,4,1,0,0,0,3,3,1,1,0,0,1,1,0,0,2,0,4,2,3,2,3,1,1,1,0,0,0,0,0,3,1,0,2,5,0
293,motion,motion,no motion,motion,motion,motion,0,1,1,2,1,0,0,0,0,1,3,4,1,0,device detected,device detected,device detected,no device,device detected,device detected,"('r29', 0)","('r2', 4)",09:13:30,3,4,1,0,0,0,3,4,1,2,0,0,1,1,0,1,3,0,6,1,3,2,3,1,1,0,0,1,0,0,0,3,1,0,1,1,0
294,motion,motion,no motion,motion,motion,motion,0,0,0,0,0,0,0,0,1,0,3,3,0,0,device detected,no device,device detected,device detected,device detected,device detected,"('r29', 0)","('r3', 0)",09:13:45,4,3,0,0,0,0,3,4,1,2,0,1,1,2,0,1,3,0,7,0,3,2,3,1,1,0,0,1,0,0,0,3,1,0,0,1,0
295,motion,motion,no motion,motion,motion,motion,0,0,0,0,1,0,0,0,0,0,2,4,1,0,device detected,no device,device detected,no device,device detected,device detected,"('r30', 0)","('r2', 4)",09:14:00,3,4,0,0,0,0,3,3,1,2,0,0,1,2,0,1,4,0,6,1,3,2,3,1,1,0,0,1,0,0,0,3,1,0,0,2,0
296,motion,motion,no motion,motion,motion,motion,0,0,0,1,1,0,1,0,0,0,3,3,0,0,device detected,device detected,device detected,no device,device detected,device detected,"('r30', 0)","('r3', 1)",09:14:15,3,3,1,0,0,0,3,2,1,2,0,0,2,2,0,1,3,0,7,0,3,2,3,1,1,0,0,1,0,0,0,3,1,0,1,2,0
297,motion,motion,no motion,motion,motion,no motion,0,0,0,0,0,0,1,0,1,0,2,3,1,0,device detected,no device,device detected,no device,device detected,device detected,"('r26', 0)","('r3', 0)",09:14:30,3,3,0,0,0,0,3,2,1,2,0,1,2,3,0,1,3,0,7,1,3,2,2,1,1,0,0,1,0,0,0,3,1,0,1,1,0
298,motion,motion,motion,motion,motion,motion,0,1,0,0,1,0,1,1,1,0,2,2,0,1,device detected,no device,no device,no device,device detected,device detected,"('r27', 1)","('r3', 0)",09:14:45,4,2,0,0,0,0,3,3,1,2,0,0,2,1,0,0,2,0,8,0,3,3,2,1,1,0,1,1,0,0,0,3,1,0,0,4,0
299,motion,motion,no motion,motion,motion,motion,0,0,0,0,0,0,1,0,0,0,2,2,2,0,device detected,no device,device detected,device detected,device detected,device detected,"('r32', 3)","('r2', 2)",09:15:00,4,2,0,0,0,1,2,4,1,2,0,1,2,0,0,0,2,0,6,2,3,3,2,1,1,1,0,1,0,0,0,3,1,0,1,2,0
300,motion,motion,motion,motion,motion,motion,0,0,1,0,0,0,2,0,1,0,2,2,5,0,device detected,device detected,device detected,device detected,device detected,device detected,"('r31', 0)","('r3', 1)",09:15:15,4,2,1,0,0,2,2,4,1,2,0,0,2,0,0,0,2,0,4,5,3,3,2,1,1,0,0,1,0,0,0,3,1,0,2,0,0
301,motion,motion,no motion,motion,motion,motion,0,0,0,1,1,0,0,2,1,0,2,3,5,1,no device,no device,no device,device detected,device detected,no device,"('r32', 3)","('r12', 0)",09:15:30,4,3,0,0,0,2,2,3,1,2,0,0,2,1,0,0,3,0,4,5,3,3,2,1,1,0,1,1,0,0,0,3,1,0,0,0,0
302,motion,motion,motion,motion,motion,motion,0,0,2,0,1,0,0,0,0,0,2,3,4,1,no device,no device,device detected,device detected,device detected,device detected,"('r27', 1)","('r12', 0)",09:15:45,4,3,0,0,0,2,2,3,1,2,0,0,2,1,0,0,2,0,3,4,2,3,2,1,1,2,1,1,0,0,0,4,1,0,0,1,0
303,motion,motion,no motion,motion,motion,motion,0,0,0,0,0,0,0,1,0,0,2,3,6,2,device detected,no device,no device,device detected,device detected,device detected,"('r21', 2)","('r12', 0)",09:16:00,4,3,0,0,0,2,2,3,1,2,0,0,3,1,0,0,2,0,1,6,2,3,2,1,1,0,2,1,0,0,0,4,1,0,1,0,0
304,motion,motion,no motion,motion,motion,motion,0,0,2,1,1,0,0,3,0,1,4,2,1,1,device detected,no device,device detected,device detected,device detected,device detected,"('r27', 1)","('r12', 0)",09:16:15,4,2,1,0,0,2,2,3,1,2,0,0,3,1,0,0,1,0,3,1,2,3,4,1,1,0,1,2,0,0,0,4,1,0,2,1,0
305,motion,motion,no motion,motion,motion,motion,0,0,0,0,0,0,2,1,0,0,3,2,1,0,device detected,no device,device detected,device detected,device detected,device detected,"('r27', 0)","('r3', 0)",09:16:30,4,2,0,0,0,2,2,3,1,2,0,1,3,1,0,0,1,0,3,1,2,3,4,1,1,0,0,2,0,0,0,4,1,0,1,3,0
306,motion,motion,motion,motion,motion,motion,0,0,0,0,0,1,1,0,0,0,4,2,1,0,device detected,device detected,device detected,device detected,device detected,device detected,"('r26', 0)","('r3', 1)",09:16:45,4,2,1,0,0,1,2,2,1,2,0,0,3,2,0,0,1,1,3,1,2,3,4,1,1,0,0,2,0,0,0,4,1,0,0,4,0
307,motion,motion,no motion,motion,motion,motion,0,0,0,0,2,0,0,0,0,0,4,2,1,0,device detected,device detected,device detected,no device,device detected,device detected,"('r27', 0)","('r12', 0)",09:17:00,4,2,1,0,1,0,2,4,1,2,1,0,3,2,0,0,1,1,3,1,2,3,4,1,1,0,0,2,0,0,0,4,1,0,0,1,0
308,motion,motion,motion,motion,motion,motion,0,0,0,0,0,1,0,0,1,0,4,2,1,0,device detected,device detected,device detected,no device,device detected,device detected,"('r21', 2)","('c2', 1)",09:17:15,4,2,1,0,1,0,2,4,1,2,1,0,2,1,0,0,1,2,3,1,2,3,4,1,1,0,0,2,0,0,0,4,1,0,1,1,0
309,motion,motion,no motion,motion,motion,motion,0,0,0,0,1,0,1,0,0,0,4,2,0,0,no device,device detected,no device,device detected,no device,device detected,"('r21', 2)","('r10', 2)",09:17:30,4,2,1,0,0,1,3,3,1,2,0,0,2,1,0,0,0,2,3,1,2,3,4,1,1,0,0,2,0,0,0,4,1,0,0,4,0
310,motion,motion,no motion,motion,motion,motion,0,0,0,3,1,2,0,0,0,0,4,1,1,0,no device,device detected,device detected,device detected,device detected,device detected,"('r21', 2)","('r10', 2)",09:17:45,3,1,2,0,0,1,3,3,1,2,0,3,2,1,0,0,1,2,3,1,2,3,4,1,1,0,0,2,0,0,0,4,1,0,0,1,0
311,motion,motion,no motion,motion,no motion,motion,0,0,0,0,0,0,0,0,0,0,4,1,1,0,device detected,device detected,device detected,device detected,device detected,device detected,"('r27', 0)","('r10', 2)",09:18:00,3,1,2,0,0,1,3,2,1,2,0,2,2,1,0,0,1,2,3,1,2,3,4,1,1,0,0,2,0,0,0,4,1,0,0,3,0
312,motion,motion,no motion,motion,motion,motion,0,1,0,1,0,0,0,0,0,0,4,2,1,0,device detected,device detected,device detected,no device,device detected,device detected,"('r26', 0)","('c2', 1)",09:18:15,3,2,2,0,0,0,5,2,1,2,0,0,2,2,0,1,1,2,3,1,2,3,4,1,1,0,0,2,0,0,0,4,1,0,0,1,0
313,motion,motion,no motion,motion,motion,motion,0,0,0,1,0,0,1,0,0,0,4,2,1,0,no device,device detected,device detected,no device,device detected,device detected,"('r26', 0)","('r10', 2)",09:18:30,4,2,1,0,0,0,5,2,1,2,0,0,1,2,0,1,1,2,3,1,2,3,4,1,1,0,0,2,0,0,0,4,1,0,1,1,0
314,motion,motion,no motion,motion,motion,motion,0,0,0,0,0,0,0,0,0,1,4,1,1,0,device detected,device detected,device detected,device detected,device detected,no device,"('r20', 1)","('r10', 2)",09:18:45,5,1,1,0,0,1,5,2,1,2,0,0,1,1,0,1,1,2,3,1,2,3,4,1,1,0,0,2,0,0,0,4,1,1,0,1,0
315,motion,motion,no motion,motion,motion,motion,0,0,0,0,3,0,0,0,0,0,3,1,3,0,device detected,device detected,device detected,device detected,device detected,device detected,"('r26', 0)","('c2', 1)",09:19:00,5,1,1,0,0,1,5,2,1,2,0,0,1,1,0,1,1,2,2,3,2,3,3,1,1,0,0,1,0,0,0,4,1,2,0,1,0
316,motion,motion,no motion,motion,motion,motion,0,0,1,0,0,0,0,0,0,0,4,1,1,0,device detected,device detected,device detected,device detected,device detected,device detected,"('r27', 0)","('c2', 2)",09:19:15,5,1,1,0,0,1,5,2,1,1,0,0,1,1,0,1,1,2,2,1,2,3,4,1,1,1,0,1,0,0,0,4,2,1,0,2,0
317,motion,motion,no motion,motion,motion,motion,0,0,0,0,1,1,0,0,0,0,4,1,1,1,device detected,device detected,device detected,device detected,no device,device detected,"('c1', 0)","('r12', 0)",09:19:30,5,1,1,0,0,1,4,2,1,1,1,0,1,1,0,1,0,3,2,1,2,3,4,1,1,0,1,1,0,0,0,4,2,1,0,2,0
318,motion,motion,motion,motion,motion,motion,0,1,0,0,2,0,0,1,0,0,3,1,2,0,device detected,device detected,no device,device detected,device detected,device detected,"('r28', 1)","('r3', 1)",09:19:45,5,1,1,0,0,1,4,2,1,1,1,0,1,1,0,2,1,3,2,2,2,3,3,1,1,0,0,1,0,0,1,3,2,1,1,0,0
319,motion,motion,no motion,motion,motion,motion,0,1,0,0,0,0,1,0,0,0,2,1,3,0,device detected,device detected,device detected,device detected,device detected,device detected,"('r24', 1)","('r12', 0)",09:20:00,5,1,1,0,0,1,4,1,1,1,1,0,1,1,0,1,1,3,2,3,2,3,2,1,1,0,0,1,0,0,1,3,2,1,0,3,0
320,motion,motion,no motion,motion,motion,motion,0,0,0,0,0,0,1,0,0,0,3,1,1,0,device detected,device detected,device detected,device detected,device detected,device detected,"('r28', 1)","('r3', 1)",09:20:15,5,1,1,0,0,1,5,1,1,2,1,0,1,1,0,1,1,3,2,1,2,3,4,1,1,0,0,1,0,0,0,4,2,1,1,0,0
321,motion,motion,no motion,motion,motion,motion,0,0,0,0,0,0,1,1,0,0,4,1,1,1,device detected,device detected,device detected,device detected,device detected,device detected,"('r34', 1)","('r12', 0)",09:20:30,5,1,1,0,0,1,4,1,1,1,1,0,1,1,0,1,1,3,2,1,2,3,4,1,1,0,1,1,0,0,0,4,2,1,1,1,0
322,motion,motion,no motion,motion,motion,motion,0,0,0,0,0,0,0,1,0,0,4,1,1,1,device detected,no device,device detected,device detected,device detected,device detected,"('r33', 2)","('r12', 0)",09:20:45,5,1,1,0,0,1,4,1,1,1,1,0,2,1,0,1,1,3,2,1,3,3,4,1,1,0,1,1,0,0,0,4,2,1,0,0,0
323,motion,motion,no motion,motion,motion,motion,0,0,0,0,0,3,0,0,0,0,3,1,2,0,device detected,device detected,device detected,no device,device detected,device detected,"('r34', 1)","('r12', 0)",09:21:00,5,1,1,0,0,0,4,1,1,1,1,0,2,2,0,1,1,1,2,2,4,3,3,1,1,0,0,1,0,0,0,4,2,1,0,2,0
324,motion,motion,no motion,motion,motion,motion,0,0,1,0,0,1,0,0,1,0,3,1,1,0,device detected,device detected,no device,no device,device detected,device detected,"('r28', 2)","('r12', 0)",09:21:15,5,1,1,0,0,0,4,1,1,1,1,0,2,1,1,1,1,2,2,1,4,3,3,1,1,1,0,2,0,0,0,4,1,1,1,0,0
325,motion,motion,no motion,motion,motion,motion,0,0,0,0,0,0,0,0,0,0,2,1,2,3,device detected,device detected,device detected,no device,device detected,device detected,"('r24', 1)","('c2', 1)",09:21:30,5,1,1,0,0,0,4,1,1,1,1,0,2,1,0,1,1,2,2,2,4,3,2,1,1,0,3,2,0,0,0,2,1,1,1,1,0
326,motion,motion,no motion,motion,motion,motion,0,0,0,0,0,0,1,2,0,1,3,1,1,0,device detected,device detected,device detected,no device,device detected,device detected,"('r22', 3)","('r16', 1)",09:21:45,5,1,1,0,0,0,4,1,1,1,1,0,2,1,0,1,1,2,2,1,4,3,3,1,1,0,0,3,0,0,0,3,1,1,3,0,0
327,motion,motion,no motion,motion,motion,motion,0,0,0,0,0,0,1,1,1,0,3,1,1,1,device detected,no device,no device,device detected,no device,device detected,"('r14', 1)","('c2', 2)",09:22:00,5,1,1,0,0,1,4,1,1,1,0,0,2,1,0,1,1,2,2,1,4,3,3,1,1,0,1,3,0,0,0,3,1,1,0,2,0
328,motion,motion,no motion,motion,no motion,motion,0,0,0,0,0,0,0,0,0,0,2,1,2,0,device detected,device detected,device detected,device detected,device detected,device detected,"('r14', 1)","('r13', 2)",09:22:15,5,1,1,0,0,1,5,1,1,1,0,0,2,1,0,1,1,2,2,2,5,3,2,1,1,0,0,3,0,0,0,3,1,1,0,1,0
329,motion,motion,no motion,motion,motion,motion,0,0,1,0,0,0,0,0,0,1,2,1,2,1,no device,device detected,device detected,device detected,device detected,no device,"('r14', 1)","('c2', 2)",09:22:30,5,1,1,0,0,1,5,1,1,0,0,0,2,1,0,1,1,2,1,2,4,3,2,1,1,1,1,2,0,0,0,3,1,1,1,2,0
330,motion,motion,no motion,motion,no motion,motion,0,0,0,0,0,0,2,0,1,0,2,1,1,2,no device,device detected,device detected,device detected,device detected,device detected,"('c1', 2)","('r8', 1)",09:22:45,5,1,1,0,0,1,6,1,1,0,0,0,2,0,0,1,1,2,2,1,5,3,2,1,1,0,2,1,0,0,0,2,1,2,2,1,0
331,motion,motion,no motion,motion,no motion,motion,0,0,0,0,0,0,0,2,0,1,2,1,1,3,device detected,device detected,device detected,no device,device detected,device detected,"('c1', 1)","('r8', 1)",09:23:00,5,1,1,0,0,1,2,1,1,0,0,1,1,0,0,1,1,2,2,1,3,3,2,1,1,0,3,2,0,0,0,3,1,2,1,5,0
332,motion,motion,no motion,motion,motion,motion,0,0,0,0,1,5,1,1,1,0,2,1,1,2,device detected,device detected,device detected,no device,no device,device detected,"('r14', 2)","('r8', 1)",09:23:15,5,1,2,0,0,0,1,1,1,0,0,0,1,2,0,1,0,4,2,1,2,3,2,1,1,0,2,2,0,0,0,6,1,2,0,4,0
333,motion,motion,no motion,motion,no motion,motion,0,0,0,1,0,2,0,0,1,0,2,2,2,2,device detected,device detected,device detected,no device,device detected,no device,"('c1', 1)","('c2', 4)",09:23:30,5,2,1,0,0,0,1,1,1,0,0,0,1,0,0,1,0,4,1,2,2,4,2,1,1,0,2,2,0,0,0,6,1,2,1,4,0
334,motion,motion,no motion,motion,no motion,motion,0,0,1,0,0,2,1,1,0,0,2,1,0,0,device detected,device detected,device detected,no device,no device,device detected,"('r14', 0)","('r9', 1)",09:23:45,6,1,2,0,0,0,1,1,1,1,0,0,1,0,0,1,0,4,2,0,2,3,2,2,1,2,0,2,0,0,0,6,1,2,1,3,0
335,motion,motion,no motion,motion,no motion,motion,0,1,1,1,1,0,0,0,0,0,1,2,3,1,device detected,no device,device detected,no device,device detected,no device,"('r14', 0)","('c2', 1)",09:24:00,6,2,1,0,0,0,1,1,2,1,0,0,2,0,0,0,1,4,1,3,2,3,1,0,1,0,1,4,0,0,0,6,1,2,1,1,0
336,motion,motion,motion,motion,no motion,motion,0,0,1,0,0,1,1,1,0,2,1,1,0,1,no device,device detected,device detected,no device,device detected,no device,"('c1', 3)","('r9', 2)",09:24:15,7,1,1,0,0,0,1,1,2,0,0,0,2,0,0,0,1,5,3,0,2,3,1,0,0,1,1,3,0,0,0,6,1,1,3,2,0
337,motion,motion,motion,motion,no motion,motion,0,0,0,0,0,1,1,1,0,1,1,1,0,0,no device,device detected,device detected,no device,device detected,no device,"('c1', 4)","('r9', 2)",09:24:30,7,1,1,0,0,0,1,1,2,0,0,0,2,0,0,0,1,6,3,0,2,3,1,0,0,0,1,1,0,0,0,6,1,2,4,2,0
338,motion,motion,no motion,motion,no motion,motion,0,0,0,0,1,0,2,2,0,0,1,1,0,1,no device,no device,device detected,no device,device detected,device detected,"('c1', 2)","('r9', 2)",09:24:45,7,1,1,0,0,0,1,1,2,0,0,1,2,0,0,0,0,6,3,0,2,2,1,1,0,0,1,1,0,0,0,6,1,2,2,4,0
339,motion,motion,no motion,motion,motion,motion,0,0,0,0,0,1,0,0,0,1,1,2,0,0,no device,device detected,device detected,no device,device detected,device detected,"('r28', 2)","('c2', 1)",09:25:00,6,2,3,0,0,0,2,1,2,0,0,0,2,0,0,0,0,7,3,0,2,2,1,1,0,0,0,2,0,0,0,7,1,2,1,1,0
340,motion,motion,no motion,motion,no motion,motion,0,0,0,4,0,0,0,0,0,0,1,2,0,0,no device,device detected,device detected,no device,no device,device detected,"('r24', 1)","('r9', 2)",09:25:15,6,2,2,0,0,0,2,1,2,0,0,1,2,0,0,0,0,7,3,0,2,2,1,1,0,0,0,2,0,0,0,7,1,2,1,1,0
341,motion,motion,no motion,motion,no motion,motion,0,0,0,0,0,0,1,0,0,0,1,0,0,1,no device,device detected,device detected,no device,device detected,device detected,"('r24', 1)","('c2', 1)",09:25:30,8,0,1,0,0,0,2,1,2,0,0,1,2,0,0,0,0,7,3,0,1,2,1,1,0,0,1,3,0,0,0,7,1,1,2,1,0
342,motion,motion,no motion,motion,no motion,motion,0,0,0,0,0,1,1,1,0,0,1,0,0,1,no device,device detected,device detected,no device,device detected,device detected,"('r24', 1)","('r10', 0)",09:25:45,8,0,1,0,0,0,2,1,1,0,0,0,2,0,0,0,0,6,3,0,1,2,1,1,0,0,1,3,0,0,0,8,1,1,2,3,0
343,motion,motion,no motion,motion,motion,motion,0,0,0,0,0,1,1,0,1,1,1,0,0,0,no device,device detected,device detected,no device,device detected,device detected,"('r24', 1)","('r10', 0)",09:26:00,8,0,1,0,0,0,2,1,1,0,0,0,2,1,0,0,0,7,3,0,1,2,1,1,0,1,0,3,0,0,0,8,1,0,3,1,0
344,motion,motion,no motion,motion,no motion,motion,0,1,1,0,0,1,0,0,0,1,1,0,1,1,no device,device detected,device detected,no device,device detected,no device,"('r22', 4)","('r10', 0)",09:26:15,8,0,1,0,0,0,2,1,1,0,0,0,2,0,0,1,0,6,3,1,1,4,1,0,0,0,1,4,0,0,0,7,1,0,2,1,0
345,motion,motion,no motion,motion,no motion,motion,0,0,0,0,0,1,1,0,0,1,2,0,1,1,no device,no device,no device,no device,device detected,no device,"('r22', 3)","('c2', 1)",09:26:30,8,0,0,0,0,0,2,1,1,0,0,1,2,0,0,1,0,5,2,1,1,3,2,0,0,0,1,2,0,0,0,7,1,1,4,1,1
346,motion,motion,no motion,motion,motion,motion,0,1,1,0,0,0,1,0,1,0,2,0,0,0,no device,no device,device detected,no device,device detected,no device,"('outside', 1)","('r16', 2)",09:26:45,8,0,0,0,0,0,2,1,1,0,0,0,2,1,0,2,0,5,2,0,1,3,2,0,0,1,0,2,0,0,0,8,1,1,2,2,1
347,motion,motion,no motion,motion,motion,motion,0,0,0,0,0,1,0,0,0,0,2,0,0,2,no device,no device,no device,no device,device detected,no device,"('outside', 1)","('c2', 1)",09:27:00,8,0,0,0,0,0,2,1,2,0,0,1,2,1,0,2,0,4,2,0,0,3,2,0,0,0,2,3,0,0,0,8,1,0,2,1,1
348,motion,motion,no motion,motion,motion,motion,0,0,0,0,0,0,0,1,0,1,1,0,0,2,no device,device detected,no device,no device,device detected,no device,"('r22', 3)","('r13', 2)",09:27:15,8,0,1,0,0,0,2,1,2,0,0,0,2,1,0,2,0,4,2,0,0,3,2,0,0,0,2,2,0,0,0,7,1,0,4,1,1
349,motion,motion,no motion,motion,motion,motion,0,0,0,1,0,0,1,2,0,0,2,1,0,0,no device,no device,no device,no device,device detected,no device,"('r14', 1)","('c2', 2)",09:27:30,8,1,0,0,0,0,2,1,2,0,0,0,2,1,0,2,0,4,2,0,0,3,2,0,0,0,0,2,0,0,0,7,1,0,5,2,1
350,motion,motion,no motion,motion,no motion,motion,0,1,0,0,0,0,1,0,0,0,2,0,0,0,no device,device detected,no device,device detected,no device,no device,"('r22', 3)","('r8', 1)",09:27:45,9,0,0,0,0,1,2,1,1,0,0,1,1,0,0,3,0,4,2,0,0,3,2,0,0,0,0,2,0,0,0,7,1,0,4,3,1
351,motion,motion,motion,motion,motion,motion,0,3,0,0,0,0,0,0,0,1,2,0,0,0,no device,device detected,no device,device detected,device detected,no device,"('r24', 0)","('c2', 1)",09:28:00,9,0,1,0,0,1,2,1,1,0,0,0,1,0,0,5,0,4,2,0,0,3,2,0,0,0,0,3,0,0,0,7,1,0,3,1,1
352,motion,motion,no motion,motion,motion,motion,0,0,0,1,0,0,0,0,1,0,2,1,0,0,no device,no device,no device,device detected,device detected,no device,"('r28', 2)","('r15', 0)",09:28:15,9,1,0,0,0,1,2,1,1,0,0,0,1,1,0,5,0,4,2,0,0,3,2,0,0,0,0,2,0,0,0,7,1,1,2,1,1
353,motion,motion,no motion,motion,motion,motion,0,0,0,0,0,0,0,0,0,1,2,0,0,0,no device,no device,no device,device detected,device detected,no device,"('c1', 1)","('r15', 0)",09:28:30,10,0,0,0,0,1,2,0,1,0,0,0,1,1,0,5,0,4,2,0,0,2,2,0,0,0,0,3,0,0,0,7,1,1,1,2,2
354,motion,motion,no motion,motion,motion,motion,0,0,0,0,0,0,0,0,0,0,2,0,0,1,no device,no device,no device,device detected,device detected,device detected,"('r27', 1)","('c2', 2)",09:28:45,10,0,0,0,0,1,2,0,1,0,0,0,1,1,0,5,0,4,2,0,0,3,2,1,0,0,1,2,0,0,0,6,1,1,1,2,1
355,motion,motion,no motion,motion,motion,motion,0,0,0,0,0,0,0,1,0,0,2,1,0,0,no device,no device,no device,device detected,no device,no device,"('r27', 0)","('r12', 0)",09:29:00,9,1,0,0,0,1,2,0,1,0,0,0,1,2,0,5,0,4,2,0,0,2,2,0,0,0,0,2,0,0,0,6,1,2,2,2,1
356,motion,motion,no motion,motion,motion,motion,0,1,0,1,0,0,0,0,1,0,2,0,0,0,device detected,device detected,no device,no device,device detected,no device,"('r27', 0)","('r3', 1)",09:29:15,9,0,1,0,0,1,1,0,1,0,0,0,1,2,0,4,0,4,2,0,0,3,2,0,0,0,0,2,0,0,0,6,1,2,1,4,1
357,motion,motion,no motion,motion,motion,motion,0,0,0,0,0,0,1,0,1,0,2,0,0,0,no device,no device,no device,device detected,no device,no device,"('r21', 0)","('r2', 0)",09:29:30,9,0,0,0,0,1,1,0,1,0,0,1,1,2,0,4,0,4,2,0,0,2,2,0,0,0,0,2,0,0,0,6,1,2,3,3,1
358,motion,motion,no motion,motion,motion,motion,0,0,0,0,1,0,2,0,1,0,2,0,0,0,no device,no device,no device,device detected,device detected,device detected,"('r27', 0)","('r1', 9)",09:29:45,9,0,0,0,0,1,1,0,1,0,0,0,1,4,0,4,1,4,2,0,0,1,2,0,0,0,0,2,0,0,0,6,1,2,4,1,1
359,motion,motion,motion,motion,motion,motion,0,0,0,0,0,0,0,1,1,0,2,0,1,2,no device,no device,no device,device detected,device detected,no device,"('r26', 0)","('r2', 0)",09:30:00,9,0,0,0,0,2,1,0,1,0,0,0,1,2,0,4,1,4,1,1,0,1,2,0,0,0,2,2,0,0,0,5,1,2,4,1,1
360,motion,motion,no motion,motion,motion,motion,0,0,0,0,1,1,1,1,0,0,3,0,0,0,no device,no device,no device,device detected,device detected,no device,"('r20', 0)","('r1', 9)",09:30:15,9,0,0,1,0,1,1,0,1,0,0,0,1,2,0,4,0,3,1,0,0,1,3,0,0,1,0,2,0,0,0,5,1,2,4,4,1
361,motion,motion,no motion,motion,motion,motion,0,0,1,0,0,0,2,0,0,0,3,0,1,0,no device,no device,no device,device detected,device detected,no device,"('r19', 1)","('r1', 9)",09:30:30,9,0,0,1,0,1,1,2,0,0,0,0,1,2,0,4,0,3,1,1,0,1,3,0,0,0,0,2,0,0,0,5,1,2,4,3,1
362,motion,motion,no motion,motion,motion,motion,0,0,0,0,0,0,2,1,0,0,3,0,1,0,no device,device detected,no device,device detected,device detected,no device,"('r19', 1)","('r2', 0)",09:30:45,9,0,1,1,0,1,1,2,0,0,0,0,1,2,0,4,0,3,1,1,0,1,3,0,0,1,0,3,0,0,1,4,2,0,3,2,1
363,motion,motion,no motion,motion,motion,motion,0,0,1,0,0,0,0,1,0,0,3,0,2,1,no device,device detected,no device,device detected,device detected,no device,"('r19', 1)","('r2', 0)",09:31:00,9,0,1,1,0,1,1,1,0,0,0,0,2,2,0,4,0,3,1,2,0,1,3,0,0,0,1,3,0,0,1,4,2,0,2,2,1
364,motion,motion,no motion,motion,no motion,motion,0,0,0,0,0,1,0,0,0,0,3,0,1,1,no device,device detected,device detected,device detected,device detected,no device,"('r20', 1)","('r1', 9)",09:31:15,9,0,1,1,0,2,1,1,0,0,0,0,2,1,0,4,0,4,2,1,1,1,3,0,0,0,1,3,0,0,1,3,2,0,2,1,1
365,motion,motion,motion,motion,motion,motion,0,0,0,0,0,1,0,1,1,0,2,0,2,0,no device,no device,device detected,device detected,device detected,no device,"('r23', 2)","('r2', 0)",09:31:30,9,0,1,1,0,2,1,1,0,0,0,0,2,2,0,4,0,3,2,2,1,1,2,0,0,0,0,3,0,0,1,3,2,0,2,2,1
366,motion,motion,no motion,motion,motion,motion,0,0,0,0,0,0,2,0,0,0,2,0,2,0,device detected,device detected,device detected,device detected,device detected,no device,"('r20', 2)","('r1', 9)",09:31:45,9,0,1,1,0,1,1,1,0,0,0,0,4,3,0,4,0,3,2,2,1,1,2,0,0,0,0,2,0,0,1,3,2,1,1,1,1
367,motion,motion,no motion,motion,motion,motion,0,0,0,0,0,0,0,0,0,0,2,0,2,0,no device,device detected,device detected,device detected,device detected,no device,"('r19', 2)","('r2', 0)",09:32:00,9,0,1,1,0,1,1,1,0,0,0,0,4,3,0,4,0,3,2,2,1,1,2,0,0,0,0,2,0,0,1,3,1,2,1,1,1
368,motion,motion,motion,motion,motion,motion,0,0,0,0,0,1,0,0,0,0,2,0,2,0,no device,device detected,device detected,device detected,no device,no device,"('r20', 2)","('r3', 1)",09:32:15,9,0,1,1,0,1,1,1,0,0,0,0,4,4,0,4,0,2,2,2,1,0,2,0,0,0,0,3,0,0,1,3,1,1,1,2,1
369,motion,motion,no motion,motion,motion,motion,0,0,0,0,0,0,0,0,0,0,2,0,2,1,no device,device detected,device detected,device detected,no device,no device,"('r26', 0)","('r12', 0)",09:32:30,9,0,1,1,0,1,1,1,0,0,0,0,5,4,0,4,0,2,2,2,1,0,2,0,0,0,1,3,0,0,1,2,1,1,1,1,1
370,motion,motion,no motion,motion,motion,motion,0,0,0,0,0,0,1,0,0,0,2,1,2,0,device detected,device detected,device detected,device detected,no device,device detected,"('r26', 0)","('r12', 0)",09:32:45,8,1,1,1,0,1,1,1,0,0,0,0,4,4,0,4,0,2,2,2,1,0,2,0,0,0,0,3,0,0,1,3,1,1,0,3,1
371,motion,motion,no motion,motion,motion,motion,0,0,0,1,1,0,0,0,0,1,2,1,2,0,no device,device detected,device detected,device detected,no device,no device,"('r26', 0)","('r12', 0)",09:33:00,7,1,2,1,0,3,1,1,0,0,0,0,4,2,0,4,1,2,2,2,1,0,2,0,0,0,0,2,0,0,1,3,1,1,1,2,1
372,motion,motion,no motion,motion,motion,motion,0,0,0,1,0,0,1,0,0,0,2,0,2,0,no device,device detected,device detected,device detected,device detected,no device,"('r26', 0)","('r3', 2)",09:33:15,7,0,2,1,0,3,1,1,0,0,0,1,3,2,0,4,1,2,2,2,1,1,2,0,0,0,0,2,0,0,1,3,1,1,0,4,0
373,motion,motion,no motion,no motion,motion,motion,0,0,0,0,0,3,0,0,0,0,2,1,2,1,device detected,device detected,device detected,device detected,device detected,no device,"('r30', 0)","('r2', 1)",09:33:30,6,1,1,0,0,4,1,1,0,0,0,1,3,2,0,4,1,3,2,2,1,1,2,0,0,1,1,2,0,0,1,1,1,1,0,4,0
374,motion,no motion,no motion,motion,motion,motion,0,0,1,1,0,1,1,0,0,0,2,0,4,1,no device,device detected,device detected,device detected,device detected,no device,"('r29', 0)","('r1', 6)",09:33:45,6,0,1,0,0,4,1,1,0,0,0,2,1,2,0,4,1,2,1,4,1,1,2,0,0,0,1,2,0,0,1,1,1,1,1,6,0
375,motion,motion,no motion,motion,motion,motion,0,1,0,1,0,0,0,1,0,0,2,1,4,0,no device,device detected,device detected,device detected,device detected,no device,"('r29', 0)","('r1', 6)",09:34:00,6,1,1,0,0,4,2,1,0,0,0,0,1,2,0,3,1,2,1,4,2,1,2,0,0,1,0,2,0,0,1,1,1,1,0,7,0
376,motion,motion,no motion,motion,motion,motion,0,0,1,0,1,0,0,0,0,0,4,0,3,0,no device,device detected,no device,device detected,device detected,no device,"('r30', 0)","('r1', 7)",09:34:15,7,0,1,0,0,4,3,1,0,0,0,0,0,2,0,3,0,2,1,3,2,1,4,0,0,0,0,2,0,0,1,1,1,1,0,8,0
377,motion,motion,no motion,no motion,motion,motion,0,0,0,0,0,2,0,0,0,0,3,0,3,1,no device,device detected,device detected,device detected,device detected,no device,"('r30', 0)","('r1', 7)",09:34:30,7,0,1,0,0,4,3,1,0,0,0,1,0,2,0,3,0,4,2,3,2,1,3,0,0,0,1,2,0,0,1,0,1,1,0,5,0
378,motion,motion,no motion,motion,motion,motion,0,0,1,0,0,0,0,0,0,0,3,1,2,2,no device,device detected,device detected,device detected,device detected,no device,"('r29', 0)","('r1', 6)",09:34:45,6,1,2,0,0,4,3,2,1,0,0,0,0,2,1,3,0,4,2,2,2,1,3,0,0,0,2,2,0,0,0,1,1,1,0,2,0
379,motion,motion,no motion,motion,motion,motion,0,0,0,2,0,0,0,1,0,0,3,1,2,0,no device,device detected,device detected,device detected,device detected,no device,"('r30', 0)","('r1', 6)",09:35:00,6,1,2,0,0,4,3,2,1,0,0,0,0,2,1,3,0,4,2,2,2,1,3,0,0,0,1,2,0,0,0,1,1,1,1,2,0
380,motion,motion,no motion,motion,motion,motion,0,0,0,0,0,1,1,0,0,0,3,0,2,1,no device,no device,device detected,device detected,device detected,no device,"('r26', 0)","('r2', 0)",09:35:15,7,0,2,0,0,4,2,2,1,0,0,0,0,2,1,3,0,5,2,2,2,1,3,0,0,0,1,2,0,0,0,1,1,1,0,3,0
381,motion,motion,motion,no motion,motion,motion,0,0,0,0,0,0,1,0,0,0,2,0,4,1,no device,device detected,device detected,device detected,no device,no device,"('r27', 1)","('r1', 7)",09:35:30,7,0,2,0,0,4,2,2,1,1,0,0,0,2,1,3,0,5,1,4,2,1,2,0,0,0,1,2,0,0,0,1,1,1,1,1,0
382,motion,motion,no motion,motion,motion,motion,0,0,1,0,0,0,0,1,1,0,2,0,3,0,no device,device detected,device detected,device detected,device detected,no device,"('r26', 1)","('r2', 0)",09:35:45,7,0,2,0,0,4,2,1,1,1,0,0,0,3,0,3,0,5,1,3,2,1,2,0,0,1,0,2,0,0,0,1,1,1,1,3,0
383,motion,motion,no motion,motion,motion,motion,0,0,0,0,1,1,2,1,0,1,2,0,3,0,no device,device detected,device detected,device detected,no device,no device,"('r26', 0)","('r3', 2)",09:36:00,7,0,2,0,0,5,2,1,1,1,0,0,0,2,0,3,1,6,1,3,2,1,2,0,0,0,0,1,0,0,0,1,1,1,1,3,0
384,motion,motion,no motion,motion,motion,motion,0,0,0,0,0,0,0,0,0,1,2,1,3,0,no device,device detected,device detected,device detected,device detected,no device,"('r26', 0)","('r3', 3)",09:36:15,6,1,3,0,0,5,2,1,1,1,0,1,0,2,0,3,1,6,1,3,2,1,2,0,0,0,0,2,0,0,0,1,1,1,0,1,0
385,motion,motion,motion,motion,motion,motion,0,0,0,1,0,1,0,0,0,0,2,0,3,0,no device,device detected,device detected,device detected,device detected,no device,"('r27', 0)","('r12', 0)",09:36:30,6,0,5,0,0,5,2,1,1,1,0,0,0,2,0,3,1,5,1,3,2,1,2,0,0,0,0,2,0,0,0,1,1,1,0,2,0
386,motion,motion,motion,motion,motion,motion,0,0,0,1,0,0,1,0,0,0,2,0,3,0,no device,device detected,device detected,device detected,device detected,no device,"('c1', 1)","('r3', 3)",09:36:45,6,1,3,0,0,5,2,1,0,1,0,1,0,2,0,3,1,5,1,3,2,1,2,0,0,0,0,3,0,0,0,1,1,0,1,2,0
387,motion,motion,no motion,motion,motion,motion,0,0,0,0,0,0,0,1,0,0,2,1,3,2,no device,device detected,device detected,device detected,device detected,no device,"('r27', 2)","('r3', 3)",09:37:00,5,2,3,0,0,5,2,1,0,2,0,0,0,2,0,3,1,5,1,3,1,1,2,0,0,0,2,3,0,0,0,1,1,0,0,2,0
388,motion,motion,no motion,motion,motion,motion,0,0,0,1,0,0,0,0,0,0,2,1,3,0,device detected,device detected,device detected,device detected,device detected,no device,"('r32', 2)","('r12', 0)",09:37:15,5,1,4,0,0,5,3,1,0,2,0,0,0,2,0,3,1,5,1,3,1,1,2,0,0,1,0,3,0,0,0,2,1,0,0,1,0
389,motion,motion,no motion,motion,motion,motion,0,0,1,0,0,0,0,0,0,0,2,1,3,0,no device,device detected,device detected,device detected,device detected,no device,"('r27', 0)","('c2', 1)",09:37:30,5,1,4,0,0,5,3,1,0,2,0,0,0,2,0,3,1,5,1,4,1,1,2,0,0,0,0,3,0,0,0,2,1,0,0,1,0
390,motion,no motion,no motion,no motion,motion,motion,0,0,0,0,0,1,0,0,0,0,2,1,4,0,no device,device detected,device detected,device detected,device detected,no device,"('r27', 0)","('r8', 1)",09:37:45,5,1,3,0,0,5,2,1,0,2,0,1,0,2,0,3,1,6,1,4,1,1,2,0,0,0,0,2,0,0,0,2,1,1,0,1,0
391,motion,motion,motion,motion,motion,motion,0,0,2,0,0,0,1,1,0,0,3,1,1,1,no device,device detected,device detected,device detected,device detected,no device,"('c1', 0)","('r8', 1)",09:38:00,5,1,3,0,0,5,2,1,0,2,0,0,0,2,0,3,1,6,1,1,1,1,3,0,0,2,1,2,0,0,0,2,1,1,0,1,0
392,motion,motion,no motion,motion,motion,motion,0,0,0,0,0,0,0,0,0,0,2,1,2,1,no device,no device,device detected,device detected,device detected,no device,"('r28', 2)","('r8', 1)",09:38:15,5,1,3,0,0,5,2,1,0,2,0,0,0,2,0,3,1,6,1,2,2,1,2,0,0,1,1,2,0,0,0,2,1,1,0,1,0
393,motion,no motion,no motion,motion,motion,motion,0,0,0,0,0,1,0,1,0,0,2,0,2,0,no device,device detected,no device,device detected,device detected,device detected,"('r28', 1)","('r8', 1)",09:38:30,6,0,3,0,0,5,2,1,0,2,0,0,0,2,0,3,1,7,1,2,2,1,2,1,0,1,0,1,0,0,0,2,1,1,1,0,0
394,motion,motion,motion,motion,motion,motion,0,1,0,0,0,0,0,0,0,1,2,0,2,0,no device,device detected,device detected,device detected,device detected,no device,"('r24', 0)","('r8', 1)",09:38:45,6,0,3,0,0,5,2,1,0,0,0,0,0,2,0,2,1,7,1,2,2,1,2,0,0,1,0,3,0,0,0,2,1,1,0,3,0
395,motion,motion,no motion,motion,motion,motion,0,0,0,0,0,1,2,0,0,0,2,0,2,0,no device,device detected,device detected,device detected,device detected,no device,"('r22', 1)","('c2', 0)",09:39:00,6,0,3,0,0,5,2,1,0,0,0,0,0,2,0,2,1,8,1,2,2,1,2,0,0,1,0,3,0,0,0,2,1,1,2,0,0
396,motion,motion,motion,motion,motion,motion,0,0,0,0,0,1,0,3,0,0,2,0,2,3,no device,device detected,no device,no device,device detected,no device,"('r24', 0)","('c2', 1)",09:39:15,6,0,3,0,0,5,2,1,0,0,0,0,0,2,0,2,1,7,1,2,2,1,2,0,0,0,3,4,0,0,0,2,1,0,0,1,0
397,motion,motion,motion,motion,motion,motion,0,1,0,0,0,0,0,1,1,0,3,1,1,0,no device,device detected,device detected,device detected,device detected,no device,"('r24', 0)","('r9', 0)",09:39:30,5,1,3,0,0,5,2,1,0,0,0,0,0,1,0,1,1,7,1,1,4,1,3,0,0,0,0,3,0,0,0,2,1,1,2,2,0
398,motion,motion,no motion,motion,motion,motion,0,0,0,1,0,0,2,0,0,0,3,0,1,0,no device,device detected,device detected,device detected,device detected,no device,"('r28', 3)","('r9', 0)",09:39:45,5,0,4,0,0,5,2,1,0,0,0,0,0,1,0,1,1,7,1,1,4,1,3,0,0,0,0,3,0,0,0,2,1,1,0,4,0
399,motion,motion,no motion,motion,motion,motion,0,0,0,0,0,1,0,0,0,1,3,0,1,0,no device,device detected,device detected,device detected,device detected,no device,"('c1', 1)","('r9', 0)",09:40:00,5,0,4,0,0,5,2,2,0,0,1,1,0,1,0,1,1,8,1,1,4,1,3,0,0,0,0,2,0,0,0,2,1,1,1,0,0
400,motion,motion,no motion,motion,motion,motion,0,0,0,0,0,0,0,0,0,0,2,1,2,0,no device,device detected,device detected,device detected,no device,no device,"('r27', 0)","('r9', 0)",09:40:15,4,1,4,0,0,5,2,2,0,0,1,1,0,1,0,1,1,8,1,2,4,1,2,0,0,0,0,2,0,0,0,2,1,1,1,0,0
401,motion,motion,motion,motion,motion,motion,0,0,0,1,0,0,0,0,0,0,3,2,1,0,device detected,no device,device detected,device detected,device detected,no device,"('c1', 1)","('c2', 2)",09:40:30,4,2,3,0,0,5,2,2,0,0,0,0,0,1,0,1,1,8,1,1,4,1,3,0,0,0,0,2,0,0,0,2,1,1,1,2,0
402,motion,motion,no motion,motion,motion,motion,0,0,0,0,0,0,2,0,0,2,3,1,1,0,no device,no device,device detected,device detected,device detected,no device,"('c1', 3)","('r8', 2)",09:40:45,5,1,3,0,0,5,2,2,0,0,0,0,0,1,0,1,1,8,1,1,4,1,3,0,0,0,0,1,0,0,0,2,1,1,3,1,0
403,motion,motion,no motion,motion,motion,motion,0,0,1,0,0,1,1,1,0,0,3,1,0,1,no device,no device,device detected,device detected,device detected,no device,"('r27', 1)","('c2', 1)",09:41:00,5,1,3,0,0,5,2,2,0,0,0,0,0,1,0,1,1,9,1,0,4,1,3,0,0,1,1,1,0,0,0,2,1,1,1,1,0
404,motion,motion,no motion,motion,motion,motion,0,0,1,0,0,0,0,0,0,0,2,1,0,3,no device,device detected,device detected,device detected,device detected,no device,"('r26', 1)","('r16', 1)",09:41:15,5,1,3,0,0,5,2,3,0,0,0,0,0,1,0,1,1,9,1,0,4,1,2,0,0,1,3,1,0,0,0,1,1,1,1,0,0
405,motion,no motion,no motion,motion,motion,motion,0,0,0,0,0,0,0,2,0,0,2,1,0,1,no device,device detected,device detected,device detected,device detected,no device,"('r25', 0)","('c2', 1)",09:41:30,5,1,3,0,0,5,1,3,0,0,0,0,0,1,0,1,1,9,1,0,4,1,2,0,0,1,1,1,0,0,0,1,1,1,3,1,0
406,motion,motion,no motion,motion,motion,motion,0,0,0,0,0,2,1,0,0,0,2,1,0,0,device detected,device detected,device detected,device detected,no device,no device,"('r29', 0)","('r12', 0)",09:41:45,5,1,3,0,0,5,1,3,0,0,0,0,0,2,0,1,1,9,1,0,5,0,2,0,1,0,0,1,0,0,0,1,1,1,2,2,0
407,motion,motion,no motion,motion,motion,motion,0,0,0,0,0,0,1,0,1,0,2,0,0,0,device detected,device detected,device detected,device detected,no device,no device,"('r29', 0)","('c2', 1)",09:42:00,5,1,3,0,0,5,2,3,0,1,0,0,0,1,0,1,1,9,1,0,5,0,2,0,1,0,0,1,0,0,0,1,1,1,2,1,0
408,motion,motion,no motion,motion,motion,motion,0,0,0,0,0,0,1,1,0,0,2,1,0,1,device detected,no device,device detected,device detected,no device,no device,"('r30', 0)","('r9', 0)",09:42:15,5,1,3,0,0,5,2,3,0,0,0,0,1,1,0,1,1,9,1,0,5,0,2,0,1,0,1,1,0,0,0,1,1,1,0,2,0
409,motion,motion,motion,motion,no motion,motion,0,1,0,0,0,1,0,0,0,0,2,1,0,0,device detected,device detected,device detected,device detected,no device,no device,"('r30', 0)","('r9', 0)",09:42:30,5,1,3,0,0,5,2,3,0,0,0,0,1,1,0,2,1,10,1,0,5,0,2,0,1,0,0,1,0,0,0,2,1,1,0,0,0
410,motion,motion,no motion,motion,no motion,motion,0,2,0,0,0,0,0,0,0,0,2,1,0,1,device detected,device detected,no device,device detected,no device,no device,"('r30', 0)","('r9', 0)",09:42:45,5,1,3,0,0,5,2,3,0,0,0,0,1,1,0,1,1,10,1,0,4,0,2,0,1,0,1,1,0,0,0,2,1,1,0,1,0
411,motion,motion,no motion,motion,motion,motion,0,1,0,0,0,0,0,0,0,0,2,1,0,1,device detected,device detected,device detected,device detected,no device,no device,"('r29', 0)","('c2', 0)",09:43:00,5,1,3,0,0,5,2,3,0,0,0,0,1,1,0,2,1,10,1,0,4,0,2,0,1,0,1,1,0,0,0,2,1,1,0,0,0
412,motion,motion,no motion,motion,motion,motion,0,0,0,0,0,0,0,0,0,0,2,1,0,1,device detected,no device,no device,device detected,no device,no device,"('r29', 0)","('r16', 2)",09:43:15,5,1,3,0,0,5,2,3,0,0,0,0,1,1,0,2,1,10,1,0,4,0,2,0,1,0,1,1,0,0,0,2,1,1,0,0,0
413,motion,motion,no motion,motion,motion,motion,0,0,0,0,0,0,0,1,0,0,2,1,0,0,device detected,device detected,device detected,device detected,no device,no device,"('r25', 1)","('c2', 0)",09:43:30,5,1,3,0,0,5,2,3,0,0,0,0,1,1,0,2,1,10,1,0,4,0,2,0,1,0,0,1,0,0,0,2,0,2,1,0,0
414,motion,motion,no motion,motion,motion,motion,0,0,0,0,0,0,1,0,0,0,2,1,0,0,device detected,device detected,device detected,device detected,no device,no device,"('r26', 0)","('r15', 0)",09:43:45,4,2,3,0,0,5,2,3,0,0,0,0,1,1,0,2,1,10,1,0,4,0,2,0,1,0,0,2,0,0,0,2,0,1,0,1,0
415,motion,motion,no motion,motion,no motion,no motion,0,0,0,1,0,2,0,0,0,1,2,2,0,1,device detected,device detected,device detected,device detected,device detected,no device,"('r25', 1)","('r15', 0)",09:44:00,3,2,4,0,0,5,2,3,0,0,0,0,1,1,0,2,1,10,1,0,3,0,2,0,1,0,1,1,0,0,0,2,0,1,1,1,0
416,motion,motion,no motion,motion,motion,motion,0,0,0,1,0,0,1,0,0,0,2,1,0,1,no device,device detected,device detected,device detected,no device,no device,"('r25', 1)","('r15', 0)",09:44:15,3,1,5,0,0,5,2,3,0,0,0,1,1,1,0,2,1,10,1,0,3,0,2,0,1,0,1,1,0,0,0,2,0,1,0,1,0
417,motion,motion,no motion,motion,motion,motion,0,0,0,0,0,0,0,1,0,0,2,1,0,0,device detected,device detected,device detected,device detected,no device,no device,"('r29', 0)","('r15', 0)",09:44:30,3,1,4,0,0,5,2,3,0,0,0,3,1,1,0,2,1,10,1,0,3,0,2,0,1,0,0,1,0,0,0,2,0,1,1,0,0
418,motion,motion,no motion,motion,motion,motion,0,0,0,0,0,0,0,0,2,1,2,1,0,0,device detected,device detected,device detected,device detected,no device,no device,"('r30', 0)","('r15', 0)",09:44:45,3,1,5,1,0,3,2,3,0,0,0,0,1,1,0,2,1,10,1,0,3,0,2,0,1,0,0,1,0,0,0,2,0,2,1,2,0
419,motion,motion,no motion,motion,motion,motion,0,1,0,1,0,0,2,0,0,0,2,2,0,0,device detected,device detected,device detected,device detected,no device,no device,"('r29', 0)","('r15', 0)",09:45:00,3,2,4,1,0,3,2,3,0,0,0,0,2,1,0,1,1,10,1,0,3,0,2,0,1,0,0,1,0,0,0,2,0,2,1,2,0
420,motion,motion,no motion,motion,motion,no motion,0,2,0,0,1,0,0,1,0,0,2,1,0,1,device detected,device detected,device detected,device detected,no device,no device,"('r30', 0)","('c2', 2)",09:45:15,4,1,4,1,0,3,2,3,0,0,0,0,3,1,0,1,0,10,1,0,3,0,2,0,1,0,1,1,0,0,0,2,0,2,0,2,0
421,motion,motion,no motion,motion,motion,motion,0,0,1,0,0,0,0,0,0,0,2,1,1,0,device detected,device detected,device detected,device detected,no device,no device,"('r30', 0)","('r17', 0)",09:45:30,4,1,4,1,0,3,2,3,0,0,0,0,3,1,0,1,0,10,1,1,3,0,2,0,1,0,0,1,0,0,0,2,0,2,0,2,0
422,motion,motion,motion,motion,motion,motion,0,0,0,0,0,0,1,0,0,0,3,0,0,0,device detected,device detected,device detected,device detected,no device,no device,"('r26', 0)","('r17', 0)",09:45:45,4,1,4,0,0,4,2,3,0,0,0,1,3,1,0,1,0,10,1,0,3,0,3,0,1,0,0,1,0,0,0,2,0,2,1,0,0
423,motion,motion,motion,motion,motion,motion,0,0,0,0,0,0,0,1,0,0,3,0,0,0,no device,device detected,device detected,device detected,no device,no device,"('r20', 0)","('c2', 0)",09:46:00,5,0,5,0,0,4,2,3,0,0,0,0,3,1,0,1,0,10,1,0,3,0,3,0,1,1,0,1,0,0,0,2,0,2,0,0,0
424,motion,motion,no motion,motion,motion,motion,0,0,0,1,0,0,0,0,0,0,3,1,0,0,no device,device detected,device detected,device detected,no device,no device,"('r23', 3)","('r7', 2)",09:46:15,5,1,4,0,0,4,2,3,0,0,0,0,2,1,0,1,0,10,1,0,3,0,3,0,2,0,0,1,0,0,0,2,0,2,0,1,0
425,motion,motion,no motion,motion,motion,motion,0,0,0,1,0,0,0,0,0,0,3,0,0,0,device detected,device detected,device detected,device detected,device detected,no device,"('r20', 0)","('r7', 2)",09:46:30,5,0,5,0,0,1,2,3,0,0,0,0,1,4,0,1,0,10,1,0,3,0,3,0,2,0,0,1,0,0,0,2,0,2,0,2,0
426,motion,motion,no motion,motion,motion,motion,0,0,0,0,0,1,1,0,0,0,3,0,0,0,device detected,device detected,device detected,device detected,no device,no device,"('r19', 1)","('r7', 2)",09:46:45,5,0,4,0,0,1,2,3,0,0,0,1,0,4,0,1,0,11,1,0,3,0,3,0,2,0,0,1,0,0,0,2,0,2,1,1,0
427,motion,motion,motion,motion,motion,motion,0,0,0,0,0,0,0,0,2,0,3,0,0,0,device detected,device detected,device detected,no device,no device,no device,"('r19', 1)","('c2', 2)",09:47:00,5,0,4,0,0,1,2,3,0,0,0,0,0,5,0,1,0,11,1,0,3,0,3,0,2,0,0,1,0,0,0,2,0,2,0,2,0
428,motion,no motion,no motion,motion,motion,motion,0,0,0,0,0,0,0,0,0,0,3,0,0,0,device detected,device detected,device detected,device detected,device detected,no device,"('r19', 1)","('r7', 2)",09:47:15,5,0,4,0,0,1,2,3,0,0,0,0,1,4,0,1,0,11,1,0,3,1,3,0,2,0,0,1,0,0,0,2,0,2,0,1,0
429,motion,motion,no motion,motion,motion,motion,0,0,0,0,0,2,0,0,0,0,3,0,0,0,no device,no device,device detected,device detected,device detected,no device,"('r19', 1)","('c2', 1)",09:47:30,5,0,4,0,0,1,2,3,0,0,0,0,1,4,0,1,0,11,1,0,3,1,3,0,2,0,0,1,0,0,0,2,0,2,0,1,0
430,motion,motion,no motion,motion,motion,motion,0,0,0,0,0,1,1,0,0,0,3,0,0,0,device detected,device detected,device detected,device detected,device detected,no device,"('r19', 1)","('r15', 0)",09:47:45,5,0,4,0,0,1,2,3,0,0,0,0,1,4,0,1,0,10,1,0,3,1,3,0,2,0,0,1,0,0,0,2,0,2,1,1,0
431,motion,motion,no motion,motion,motion,motion,0,0,0,0,0,0,1,0,2,0,3,0,0,1,device detected,device detected,device detected,device detected,device detected,no device,"('r19', 1)","('c2', 0)",09:48:00,5,0,4,0,0,1,2,3,0,0,0,0,1,6,0,1,0,10,1,0,3,1,3,0,2,0,1,1,0,0,0,1,0,2,0,0,0
432,motion,motion,no motion,motion,motion,motion,0,0,0,0,0,0,1,0,0,0,3,0,0,0,device detected,device detected,device detected,device detected,device detected,no device,"('r19', 1)","('r13', 1)",09:48:15,5,0,4,0,0,1,2,2,0,0,0,0,1,5,0,1,0,10,1,0,3,2,3,0,1,1,0,1,0,1,0,1,0,2,1,0,0
433,motion,motion,no motion,motion,motion,motion,0,0,1,0,0,0,0,0,0,1,3,1,1,0,device detected,device detected,device detected,device detected,device detected,no device,"('r20', 1)","('c2', 1)",09:48:30,4,1,4,0,0,1,2,2,0,0,0,0,0,4,0,1,0,10,1,1,3,3,3,0,1,1,0,2,0,0,0,1,0,2,0,1,0
434,motion,motion,no motion,motion,motion,motion,0,0,0,1,0,1,1,0,1,0,4,1,0,1,device detected,device detected,device detected,device detected,device detected,device detected,"('r26', 0)","('c2', 1)",09:48:45,3,1,5,0,0,1,2,2,0,0,0,0,0,2,0,1,0,9,1,0,3,4,4,0,1,0,1,1,0,0,0,1,0,3,2,1,0
435,motion,no motion,motion,motion,motion,motion,0,0,0,0,0,0,1,2,0,0,4,1,0,1,device detected,device detected,device detected,device detected,no device,no device,"('r30', 0)","('r16', 1)",09:49:00,3,1,5,0,0,1,2,2,0,0,0,1,0,2,0,1,0,9,1,0,3,4,4,0,1,0,1,1,0,0,0,1,0,3,1,1,0
436,motion,motion,motion,motion,motion,motion,0,0,0,0,0,0,0,1,0,0,4,1,0,1,device detected,device detected,device detected,no device,device detected,no device,"('r26', 1)","('r16', 1)",09:49:15,3,1,5,0,0,0,2,2,0,1,0,1,0,3,0,1,0,9,1,0,3,3,4,0,1,1,1,1,0,0,0,1,1,2,0,0,1
437,motion,motion,no motion,no motion,motion,motion,0,0,0,1,0,0,0,0,0,0,4,2,0,2,device detected,device detected,device detected,device detected,device detected,no device,"('r30', 1)","('c2', 2)",09:49:30,3,2,4,0,0,1,2,1,0,1,0,0,0,2,0,1,0,9,1,0,3,3,4,0,1,0,2,1,0,1,0,0,1,2,0,2,1
438,motion,motion,no motion,no motion,motion,motion,0,0,0,0,0,0,2,0,0,0,3,1,0,0,device detected,device detected,device detected,device detected,device detected,no device,"('r29', 0)","('r17', 0)",09:49:45,4,1,4,0,0,1,2,1,0,1,0,0,0,2,0,1,0,9,1,0,4,3,4,0,1,1,0,1,0,1,0,0,1,2,2,0,1
439,motion,motion,no motion,no motion,motion,motion,0,0,1,0,0,0,0,1,0,1,4,1,1,1,device detected,device detected,device detected,device detected,device detected,no device,"('r29', 0)","('c2', 0)",09:50:00,4,1,4,0,0,1,2,1,0,1,0,0,0,2,0,1,0,9,1,1,4,3,4,0,1,0,1,2,0,1,0,0,1,2,0,0,1
440,motion,motion,no motion,no motion,motion,motion,0,0,0,0,0,0,0,0,0,1,4,1,0,0,device detected,device detected,device detected,device detected,device detected,device detected,"('r25', 1)","('r10', 1)",09:50:15,4,1,4,0,0,1,2,1,0,1,0,0,0,2,0,1,0,9,1,0,5,3,5,0,1,0,0,1,0,1,0,0,1,2,1,0,1
441,motion,no motion,no motion,no motion,motion,motion,0,0,0,0,0,1,0,0,0,1,5,2,1,0,device detected,device detected,device detected,no device,device detected,no device,"('r29', 0)","('c2', 1)",09:50:30,3,2,4,0,0,1,2,1,0,1,0,0,0,2,0,1,0,8,0,1,5,3,5,0,1,0,0,2,0,1,0,0,1,2,0,1,1
442,motion,no motion,no motion,motion,motion,motion,0,0,0,1,0,1,0,0,0,0,5,1,1,0,device detected,device detected,device detected,device detected,device detected,no device,"('r29', 0)","('r10', 0)",09:50:45,3,1,6,0,0,1,2,1,0,0,0,0,0,2,0,1,0,7,0,1,5,3,5,0,1,0,0,2,0,1,0,0,1,2,0,2,1
443,motion,no motion,no motion,no motion,motion,motion,0,0,0,1,0,0,0,0,0,0,5,2,1,0,no device,device detected,device detected,device detected,device detected,device detected,"('r29', 0)","('c2', 0)",09:51:00,3,2,5,0,0,1,2,2,1,0,0,0,0,2,0,1,0,7,0,1,5,3,5,1,1,0,0,1,0,1,0,0,1,2,0,0,1
444,motion,no motion,no motion,no motion,motion,no motion,0,0,0,0,1,0,0,0,0,0,5,1,1,0,device detected,device detected,device detected,device detected,device detected,no device,"('r25', 1)","('r8', 2)",09:51:15,4,1,2,0,0,1,1,2,0,0,0,3,0,2,0,1,1,7,0,1,5,4,5,0,1,0,0,1,0,1,0,0,1,2,0,1,1
445,motion,no motion,motion,no motion,motion,no motion,0,0,0,0,0,0,0,0,0,0,5,1,1,0,device detected,device detected,no device,no device,device detected,no device,"('r26', 0)","('r8', 2)",09:51:30,4,1,2,0,0,1,1,2,1,0,0,0,0,2,0,1,1,7,0,1,5,3,5,0,1,0,0,0,0,1,0,0,1,3,0,3,2
446,motion,no motion,no motion,no motion,motion,no motion,0,1,0,0,1,0,0,0,0,0,4,1,1,0,device detected,device detected,device detected,no device,device detected,no device,"('r25', 1)","('r8', 2)",09:51:45,4,1,2,0,0,1,1,2,1,0,0,0,0,2,0,2,2,7,0,1,5,3,5,0,1,0,0,0,0,1,0,0,1,3,0,1,2
447,motion,motion,no motion,no motion,motion,motion,0,0,0,0,1,0,0,0,0,0,5,1,0,0,device detected,device detected,device detected,device detected,device detected,no device,"('r29', 0)","('c2', 2)",09:52:00,4,1,2,0,0,1,1,2,1,0,0,0,0,2,0,2,1,7,1,0,5,3,5,0,1,0,0,1,0,1,0,0,1,2,0,2,2
448,motion,motion,motion,no motion,motion,motion,0,1,0,0,0,0,0,0,0,1,5,1,0,0,device detected,no device,device detected,device detected,device detected,no device,"('r30', 1)","('r18', 7)",09:52:15,4,1,2,0,0,1,1,2,2,0,0,0,0,2,0,3,1,7,1,0,5,3,5,0,1,0,0,0,0,1,0,0,2,1,1,0,2
449,motion,motion,no motion,no motion,motion,no motion,0,0,0,0,1,0,0,1,0,0,5,0,0,1,device detected,device detected,device detected,device detected,device detected,no device,"('r26', 0)","('c2', 0)",09:52:30,5,0,2,0,0,1,1,1,2,0,0,0,0,2,0,3,2,7,1,0,5,3,5,0,1,0,1,0,0,1,0,0,2,1,0,0,2
450,motion,motion,no motion,no motion,motion,no motion,0,0,0,0,1,0,0,0,0,0,5,0,0,1,device detected,device detected,device detected,device detected,device detected,no device,"('r20', 0)","('c1', 0)",09:52:45,5,0,2,0,0,1,1,1,2,0,0,0,0,2,0,3,1,7,1,0,4,3,5,0,1,0,2,0,0,1,0,0,2,1,0,1,2
451,motion,motion,motion,no motion,motion,no motion,0,0,0,0,0,2,0,1,0,0,4,0,1,1,device detected,device detected,device detected,device detected,device detected,no device,"('r20', 1)","('c2', 2)",09:53:00,5,0,2,0,0,1,1,2,2,0,0,0,0,2,0,3,1,5,1,1,4,4,4,0,1,0,1,0,0,1,0,0,2,1,1,2,1
452,motion,motion,no motion,motion,motion,no motion,0,0,1,0,0,0,2,0,0,0,4,0,0,0,device detected,device detected,device detected,device detected,no device,device detected,"('r20', 0)","('r7', 1)",09:53:15,5,0,2,0,0,1,1,2,2,0,0,0,0,3,0,3,1,5,1,0,4,1,4,0,1,1,0,0,0,1,0,1,2,1,1,2,3
453,motion,motion,no motion,motion,motion,no motion,0,0,0,0,0,2,0,0,1,0,4,0,0,1,no device,device detected,device detected,device detected,no device,no device,"('r20', 0)","('c2', 2)",09:53:30,5,0,2,0,0,1,2,1,2,0,0,0,0,3,0,3,1,5,1,0,4,0,4,0,1,0,1,0,0,1,0,1,2,1,2,2,3
454,motion,motion,no motion,motion,motion,no motion,0,0,0,0,0,1,0,2,0,0,4,0,0,1,device detected,device detected,device detected,no device,no device,no device,"('r20', 0)","('c1', 2)",09:53:45,5,0,2,0,0,0,2,1,2,0,1,0,0,4,0,3,1,6,1,0,4,0,4,0,1,0,1,0,0,1,0,1,2,1,2,0,3
455,motion,motion,no motion,motion,motion,no motion,0,0,0,0,0,0,1,0,2,0,4,0,0,0,device detected,device detected,device detected,no device,device detected,no device,"('r23', 4)","('c2', 1)",09:54:00,5,0,2,0,0,0,2,1,2,0,1,0,0,3,0,3,1,6,1,0,4,2,4,0,1,1,0,0,0,1,0,1,2,1,1,1,2
456,motion,motion,no motion,motion,motion,no motion,0,0,1,0,0,2,0,0,0,0,4,1,1,0,device detected,device detected,no device,no device,device detected,no device,"('r20', 1)","('r7', 2)",09:54:15,4,1,2,0,0,0,2,2,2,0,1,0,0,3,0,3,1,4,1,1,4,2,4,0,1,0,0,0,0,1,0,1,2,1,1,2,2
457,motion,motion,no motion,motion,motion,no motion,0,1,0,0,0,0,0,0,0,0,4,1,0,1,device detected,device detected,device detected,no device,no device,no device,"('r20', 0)","('c2', 0)",09:54:30,4,1,2,0,0,0,2,3,2,0,1,0,0,3,0,4,1,4,2,0,4,2,4,0,1,0,1,0,0,1,0,0,2,1,1,0,2
458,motion,no motion,no motion,no motion,motion,no motion,0,0,0,0,0,0,0,1,0,0,3,1,1,0,device detected,device detected,device detected,device detected,device detected,no device,"('r26', 0)","('c2', 1)",09:54:45,4,1,2,0,0,0,2,2,2,0,1,0,0,3,0,4,1,4,1,1,4,2,4,0,1,0,0,0,0,1,0,0,2,1,2,1,2
459,motion,motion,motion,no motion,motion,no motion,0,2,1,0,2,1,1,0,0,0,4,1,0,0,device detected,device detected,no device,no device,device detected,no device,"('r20', 0)","('r8', 2)",09:55:00,4,1,2,0,0,0,2,2,2,0,0,0,0,3,0,6,0,3,1,0,4,2,4,0,1,1,0,0,0,1,0,0,2,1,1,3,2
460,motion,motion,no motion,no motion,motion,no motion,0,1,0,0,0,0,0,0,0,0,1,0,3,0,device detected,device detected,device detected,no device,device detected,no device,"('r23', 1)","('c2', 1)",09:55:15,5,0,2,0,0,0,2,2,2,0,0,1,0,3,0,7,0,3,1,3,4,2,1,0,2,0,0,0,0,1,0,0,2,1,1,1,2
461,motion,motion,no motion,no motion,motion,no motion,0,0,1,0,0,0,0,0,0,0,1,0,1,1,device detected,device detected,device detected,device detected,device detected,no device,"('r20', 1)","('r12', 0)",09:55:30,5,0,3,0,0,1,2,2,2,0,0,0,0,2,0,7,0,3,2,1,3,2,1,0,2,1,1,0,0,1,0,0,2,1,1,1,2
462,motion,motion,no motion,no motion,no motion,no motion,0,0,0,1,0,0,0,1,0,0,1,0,2,1,no device,device detected,device detected,device detected,device detected,no device,"('r26', 0)","('r12', 0)",09:55:45,6,0,2,0,0,1,1,2,2,0,0,0,1,2,0,7,0,3,1,2,3,2,1,0,2,0,1,0,0,1,0,0,2,1,2,1,2
463,motion,motion,no motion,no motion,motion,no motion,0,0,0,0,0,0,2,1,0,0,1,0,2,0,device detected,device detected,device detected,device detected,device detected,no device,"('r26', 0)","('c2', 1)",09:56:00,6,0,2,0,0,1,1,2,2,0,0,0,1,3,0,7,0,3,1,2,3,1,1,0,2,0,0,0,0,1,0,0,2,1,3,1,2
464,motion,motion,no motion,no motion,motion,no motion,0,1,0,0,0,0,1,1,0,0,1,0,2,1,device detected,no device,no device,device detected,device detected,no device,"('r30', 1)","('r10', 0)",09:56:15,6,0,2,0,0,1,1,3,2,0,0,0,1,2,0,6,0,3,1,2,3,3,1,0,2,0,1,0,0,1,0,0,2,1,1,2,1
465,motion,motion,no motion,motion,motion,no motion,0,2,0,0,0,0,2,0,0,0,1,0,2,0,device detected,device detected,device detected,no device,device detected,no device,"('r26', 0)","('r10', 0)",09:56:30,6,0,3,0,0,1,1,3,2,0,0,0,1,3,0,4,0,3,1,2,3,1,1,0,2,0,0,0,0,1,0,1,2,1,2,2,2
466,motion,no motion,no motion,motion,motion,motion,0,0,0,1,0,0,1,0,2,0,1,1,2,0,device detected,device detected,device detected,device detected,device detected,no device,"('r25', 2)","('r10', 0)",09:56:45,6,1,2,0,0,1,1,5,2,0,0,0,1,3,0,4,0,3,1,2,3,1,1,0,2,0,0,0,0,1,0,1,2,1,1,1,2
467,motion,motion,no motion,motion,motion,no motion,0,0,0,1,0,0,1,0,0,0,1,0,2,0,device detected,device detected,device detected,device detected,device detected,no device,"('r25', 2)","('c2', 0)",09:57:00,6,0,3,0,0,2,2,5,2,1,0,0,1,2,0,4,0,3,1,2,3,3,1,0,2,0,0,0,0,1,0,1,2,1,0,0,0
468,motion,motion,no motion,motion,motion,motion,0,0,0,0,0,0,0,0,0,0,0,0,3,0,device detected,device detected,device detected,no device,device detected,no device,"('r25', 2)","('r11', 0)",09:57:15,6,0,2,0,0,2,2,5,2,1,0,1,0,2,0,4,0,3,1,3,3,2,0,0,2,1,0,0,0,0,0,1,2,1,0,1,1
469,motion,motion,no motion,motion,motion,no motion,0,0,1,0,0,0,0,0,0,0,1,0,1,1,device detected,device detected,device detected,no device,device detected,no device,"('r29', 0)","('c2', 2)",09:57:30,6,0,2,0,0,2,2,5,2,1,0,0,0,2,0,4,0,3,1,1,3,2,1,0,2,1,1,0,0,0,0,1,2,1,0,2,1
470,motion,motion,no motion,motion,motion,no motion,0,0,0,0,0,0,0,1,0,0,0,0,2,0,device detected,device detected,device detected,device detected,device detected,no device,"('r29', 0)","('r9', 2)",09:57:45,6,0,2,0,0,2,2,5,2,1,0,0,0,2,1,4,0,3,1,2,4,2,0,0,2,0,0,0,0,0,0,1,2,1,1,1,1
471,motion,motion,no motion,motion,motion,no motion,0,0,1,0,0,0,1,0,0,0,0,0,1,0,device detected,device detected,device detected,device detected,device detected,no device,"('r30', 0)","('r9', 2)",09:58:00,6,0,2,1,0,1,2,6,2,1,0,0,0,3,1,4,0,3,1,1,4,1,0,0,2,1,0,0,0,0,0,1,2,1,0,1,1
472,motion,motion,no motion,motion,motion,no motion,0,0,0,0,0,0,0,0,1,0,0,0,1,1,no device,device detected,device detected,device detected,device detected,no device,"('r29', 0)","('c2', 0)",09:58:15,6,0,2,1,0,1,2,6,2,1,1,0,0,2,1,4,0,3,1,1,4,1,0,0,2,0,1,0,0,0,0,1,2,1,1,0,1
473,motion,motion,no motion,no motion,motion,no motion,0,0,0,0,0,0,1,1,0,0,0,0,1,1,no device,device detected,device detected,no device,device detected,no device,"('r30', 0)","('r15', 2)",09:58:30,6,0,1,1,0,1,1,6,2,1,0,1,0,2,2,4,0,3,1,1,3,1,0,0,2,0,1,0,0,0,0,1,3,0,1,2,1
474,motion,motion,motion,motion,motion,no motion,0,1,0,0,0,0,3,1,0,0,0,0,1,0,device detected,device detected,device detected,device detected,device detected,no device,"('r26', 0)","('c2', 2)",09:58:45,6,0,1,0,0,2,1,6,2,1,0,0,0,2,1,5,0,3,1,1,3,1,0,0,2,0,0,0,0,0,0,1,3,0,3,2,1
475,motion,motion,no motion,motion,motion,no motion,0,2,0,0,0,1,1,2,0,0,0,0,1,1,device detected,device detected,device detected,device detected,no device,no device,"('r30', 0)","('r12', 0)",09:59:00,6,0,1,0,0,2,1,6,2,1,0,0,0,2,0,3,0,4,1,1,3,1,0,0,2,1,1,0,0,0,0,1,3,0,0,5,1
476,motion,motion,no motion,motion,motion,no motion,0,0,1,0,0,0,2,0,0,0,0,0,2,0,device detected,device detected,device detected,device detected,device detected,no device,"('r29', 0)","('c2', 1)",09:59:15,6,0,1,0,0,2,1,7,2,1,0,1,0,2,0,3,0,4,1,2,3,1,0,0,2,0,0,0,0,0,0,2,3,0,2,1,1
477,motion,motion,motion,motion,motion,no motion,0,0,0,0,0,1,0,0,1,0,0,0,2,0,device detected,no device,device detected,device detected,device detected,no device,"('r25', 2)","('r8', 6)",09:59:30,6,0,2,0,0,1,1,6,2,1,0,0,0,4,0,3,0,3,1,2,3,2,0,0,2,0,0,0,0,0,0,2,3,0,1,3,0
478,motion,motion,no motion,motion,motion,no motion,0,0,0,1,0,0,0,1,1,0,0,1,2,1,device detected,device detected,device detected,device detected,device detected,no device,"('r29', 0)","('c2', 4)",09:59:45,6,1,1,0,0,1,1,4,3,1,0,0,0,3,0,3,0,3,1,2,3,2,0,0,2,0,1,0,0,0,0,2,3,0,1,4,0
479,motion,motion,no motion,motion,motion,motion,0,0,0,0,0,0,0,0,0,1,0,0,2,0,device detected,device detected,device detected,device detected,no device,no device,"('r29', 0)","('r16', 3)",10:00:00,7,0,1,0,0,1,1,3,3,1,0,0,0,3,0,3,0,3,1,2,4,2,0,0,2,0,0,1,0,0,0,2,3,0,0,5,0
480,motion,motion,no motion,motion,motion,motion,0,0,0,0,0,1,0,0,0,0,0,0,2,1,device detected,device detected,device detected,device detected,device detected,no device,"('r29', 0)","('r16', 3)",10:00:15,7,0,1,0,0,1,1,3,4,1,0,0,0,3,0,3,0,4,1,2,3,2,0,0,2,0,1,1,0,0,0,2,3,0,0,3,0
481,motion,no motion,no motion,motion,motion,motion,0,0,0,0,0,1,1,0,1,0,0,0,2,0,device detected,device detected,device detected,device detected,device detected,no device,"('r30', 0)","('r16', 3)",10:00:30,7,0,1,0,0,1,1,3,4,1,0,0,0,2,0,3,0,3,1,2,3,2,0,0,2,1,0,1,0,0,0,2,3,0,2,3,0
482,motion,motion,no motion,motion,motion,motion,0,0,0,0,0,0,1,0,0,0,0,0,2,0,device detected,device detected,device detected,device detected,device detected,no device,"('r30', 0)","('c2', 4)",10:00:45,7,0,1,0,0,1,0,3,4,2,0,0,0,2,0,3,0,3,1,2,3,2,0,0,3,0,0,1,0,0,0,2,3,0,1,4,0
483,motion,motion,no motion,motion,motion,motion,0,0,0,0,0,0,0,0,0,0,0,0,2,0,device detected,device detected,device detected,device detected,device detected,no device,"('r30', 0)","('c2', 3)",10:01:00,7,0,1,0,0,1,1,3,4,2,0,0,0,2,0,3,0,3,1,2,3,2,0,0,3,0,0,1,0,0,0,2,3,0,1,3,0
484,motion,motion,motion,motion,motion,motion,0,0,1,0,0,1,0,0,0,0,0,0,1,0,device detected,device detected,device detected,device detected,device detected,no device,"('r29', 0)","('r11', 0)",10:01:15,7,0,1,0,0,1,1,3,5,2,0,0,0,2,0,3,0,2,1,1,3,2,0,0,3,1,0,1,0,0,0,2,3,0,1,3,0
485,motion,motion,motion,motion,motion,motion,0,1,0,0,0,0,0,0,0,1,0,0,1,0,no device,device detected,device detected,device detected,device detected,no device,"('r29', 0)","('r11', 0)",10:01:30,7,0,1,0,0,1,1,3,5,2,0,0,0,2,0,2,0,2,1,1,3,2,0,0,3,0,0,1,0,1,0,2,3,1,0,4,0
486,motion,no motion,no motion,motion,motion,motion,0,0,0,0,0,1,0,0,0,0,0,0,1,0,device detected,device detected,device detected,device detected,device detected,no device,"('r30', 1)","('c2', 3)",10:01:45,7,0,1,0,0,1,1,2,5,2,0,1,0,2,0,2,0,3,1,1,3,2,0,0,3,0,0,1,0,1,0,2,3,1,0,3,0
487,motion,motion,no motion,motion,motion,motion,0,1,0,0,0,0,2,0,0,0,1,0,0,0,device detected,device detected,device detected,device detected,device detected,no device,"('r30', 1)","('r13', 0)",10:02:00,7,0,2,0,0,1,1,2,5,2,0,0,0,2,0,3,0,3,1,0,3,2,1,0,3,0,0,1,0,1,0,2,3,1,1,1,0
488,motion,motion,motion,motion,motion,motion,0,0,0,0,0,0,0,1,0,0,1,1,0,1,device detected,device detected,device detected,device detected,device detected,no device,"('r29', 0)","('r13', 0)",10:02:15,6,1,2,0,0,1,1,2,5,1,0,0,0,2,0,3,0,3,1,0,3,2,1,0,2,1,1,1,0,1,0,2,3,1,0,2,0
489,motion,motion,no motion,motion,motion,motion,0,1,0,1,0,0,0,0,0,0,1,0,0,1,device detected,device detected,device detected,no device,device detected,no device,"('r29', 0)","('c2', 3)",10:02:30,6,0,3,0,0,1,1,2,5,1,0,0,0,3,0,2,0,3,1,0,3,1,1,0,2,0,1,1,0,1,0,3,3,1,0,3,0
490,motion,motion,no motion,motion,motion,no motion,0,0,0,0,0,0,0,1,1,0,1,0,0,0,device detected,device detected,device detected,device detected,device detected,no device,"('r29', 0)","('r16', 2)",10:02:45,6,0,2,0,0,1,1,2,4,1,1,1,0,2,0,2,0,3,1,0,3,1,1,0,2,0,0,1,0,1,0,3,3,1,2,3,0
491,motion,motion,no motion,motion,motion,motion,0,1,0,0,0,1,0,1,1,0,1,0,0,1,device detected,device detected,device detected,device detected,no device,no device,"('r25', 1)","('r16', 1)",10:03:00,6,0,2,0,0,1,1,3,4,1,0,0,0,3,0,1,0,4,1,0,3,1,1,0,1,1,1,1,0,1,0,3,3,1,0,4,0
492,motion,motion,no motion,motion,motion,motion,0,0,0,0,0,1,1,0,0,0,1,0,0,0,device detected,device detected,device detected,device detected,device detected,no device,"('r25', 1)","('c2', 0)",10:03:15,6,0,2,0,0,1,2,3,4,1,0,0,1,3,0,1,0,5,1,0,3,1,1,0,1,1,0,1,0,1,0,4,3,1,1,0,0
493,motion,motion,no motion,motion,motion,motion,0,0,0,0,0,0,0,1,0,0,1,0,0,0,device detected,device detected,device detected,device detected,device detected,no device,"('r25', 1)","('r10', 1)",10:03:30,6,0,2,0,0,1,2,3,4,1,0,0,0,3,0,1,0,5,1,0,3,1,1,0,1,1,0,1,0,1,0,5,3,1,0,1,0
494,motion,motion,motion,motion,motion,no motion,0,0,0,0,0,0,0,0,0,0,1,0,0,0,no device,device detected,device detected,device detected,device detected,no device,"('r26', 1)","('r10', 1)",10:03:45,6,0,2,0,0,1,2,3,4,1,0,0,0,3,1,1,0,5,1,0,3,1,1,0,0,1,0,1,0,2,0,5,3,1,0,0,0
495,motion,motion,no motion,motion,motion,motion,0,0,0,0,0,0,0,0,0,0,1,0,0,0,no device,device detected,device detected,device detected,device detected,no device,"('r25', 0)","('c2', 1)",10:04:00,6,0,2,0,0,1,1,3,4,1,0,0,0,3,1,1,0,5,1,0,3,1,1,0,0,0,1,1,0,2,0,5,3,1,0,1,0
496,motion,motion,no motion,motion,motion,motion,0,0,0,0,0,0,0,0,0,0,1,0,0,0,no device,device detected,device detected,device detected,no device,no device,"('r29', 0)","('r15', 1)",10:04:15,6,0,2,0,0,1,2,3,3,1,0,0,0,3,1,1,0,5,1,0,4,1,1,0,0,0,0,1,0,2,0,5,3,1,0,1,0
497,motion,motion,no motion,motion,motion,motion,0,0,0,0,0,1,0,0,0,0,1,0,0,0,no device,device detected,device detected,device detected,device detected,no device,"('r30', 2)","('r15', 1)",10:04:30,6,0,2,0,0,1,2,2,2,1,0,0,0,3,1,1,0,6,1,0,4,1,1,0,0,0,0,1,0,2,0,5,3,1,0,2,0
498,motion,motion,no motion,motion,motion,motion,0,0,0,0,0,0,0,0,0,0,1,1,0,0,no device,device detected,device detected,device detected,device detected,no device,"('r30', 2)","('r15', 1)",10:04:45,5,1,2,0,0,1,3,2,2,1,0,0,0,3,1,1,0,6,1,0,4,1,1,0,0,0,0,1,0,2,0,5,3,1,0,1,0
499,motion,motion,no motion,motion,motion,motion,0,0,0,1,0,0,0,0,0,0,1,0,0,0,no device,device detected,device detected,device detected,device detected,no device,"('r29', 0)","('c2', 2)",10:05:00,5,0,3,0,0,1,1,2,3,1,0,0,0,3,1,1,0,6,1,0,4,1,1,0,0,0,0,1,0,2,0,5,3,1,0,2,0
500,motion,motion,no motion,motion,motion,motion,0,0,0,0,0,0,1,0,0,0,1,0,0,0,no device,device detected,device detected,device detected,no device,no device,"('r30', 2)","('c1', 1)",10:05:15,5,0,2,0,0,1,1,3,3,1,0,1,0,3,1,1,0,6,1,0,4,1,1,0,0,0,0,1,0,2,0,5,3,1,1,0,0
501,motion,motion,no motion,motion,motion,motion,0,0,0,0,0,3,0,0,0,0,1,0,0,0,no device,device detected,device detected,device detected,device detected,no device,"('r30', 2)","('r27', 0)",10:05:30,5,0,2,0,0,1,1,2,3,1,0,0,0,3,1,1,0,3,1,0,4,1,1,0,0,0,0,1,0,2,0,5,2,2,1,5,0
502,motion,motion,no motion,motion,motion,motion,0,0,0,0,0,0,0,0,0,0,1,0,0,0,no device,device detected,device detected,device detected,device detected,no device,"('r29', 0)","('r26', 0)",10:05:45,5,0,2,0,0,1,2,2,4,1,1,0,0,3,0,1,0,3,1,0,4,1,1,0,0,0,0,1,0,2,0,5,2,2,1,3,0
503,motion,motion,no motion,motion,motion,motion,0,1,0,0,0,0,1,0,0,0,1,0,0,0,no device,device detected,device detected,device detected,device detected,no device,"('r29', 0)","('r27', 0)",10:06:00,5,0,2,0,0,1,2,3,4,1,0,0,0,3,0,2,0,3,1,0,4,1,1,0,0,0,0,1,0,2,0,5,2,2,2,1,0
504,motion,motion,no motion,motion,motion,motion,0,0,0,0,0,0,0,0,0,1,1,0,0,0,no device,device detected,device detected,device detected,no device,no device,"('r25', 0)","('c1', 1)",10:06:15,5,0,2,0,0,1,2,4,4,1,0,0,0,3,0,2,0,3,1,0,4,1,1,0,0,0,0,2,0,2,0,5,2,2,1,0,0
505,motion,motion,no motion,motion,motion,motion,0,0,0,1,0,0,0,0,0,0,1,2,0,0,no device,device detected,device detected,device detected,device detected,no device,"('r26', 0)","('r28', 1)",10:06:30,4,2,1,0,0,1,2,4,3,1,0,0,0,3,0,2,0,3,1,0,4,1,1,0,0,0,0,1,0,2,0,5,2,3,1,1,0
506,motion,motion,motion,motion,motion,motion,0,0,0,1,0,1,1,0,0,0,1,1,0,0,no device,device detected,device detected,device detected,device detected,no device,"('r30', 2)","('r28', 1)",10:06:45,4,1,1,0,0,1,2,5,3,1,0,1,0,3,0,2,0,2,1,0,4,1,1,0,0,0,0,1,0,2,0,5,3,2,0,2,0
507,motion,motion,no motion,motion,motion,motion,0,0,0,0,0,1,1,0,1,0,1,1,0,1,no device,device detected,no device,device detected,device detected,no device,"('r26', 0)","('r24', 0)",10:07:00,4,1,1,0,0,1,3,4,3,1,0,0,0,2,0,2,0,1,1,0,4,1,1,0,0,0,1,1,0,2,0,4,3,2,2,3,0
508,motion,motion,motion,motion,motion,no motion,0,2,0,0,0,0,1,3,0,0,1,1,0,2,no device,device detected,device detected,device detected,device detected,no device,"('r26', 0)","('r24', 0)",10:07:15,4,1,1,0,0,1,2,4,3,1,0,0,0,2,0,1,0,1,1,0,4,1,1,0,0,0,2,1,0,2,0,4,3,2,2,4,0
509,motion,motion,no motion,motion,motion,motion,0,0,0,0,0,1,1,0,0,0,1,1,0,1,no device,device detected,device detected,device detected,device detected,no device,"('r26', 1)","('r28', 1)",10:07:30,4,1,1,0,0,1,2,4,3,0,0,0,0,2,1,1,0,2,1,0,4,1,1,0,0,1,1,1,0,2,0,4,4,1,1,4,0
510,motion,no motion,no motion,motion,motion,motion,0,0,1,0,1,0,0,0,1,1,1,2,1,0,no device,device detected,device detected,device detected,device detected,no device,"('r27', 0)","('c1', 1)",10:07:45,3,2,1,0,0,1,1,4,3,0,0,0,0,1,1,1,1,2,1,1,4,1,1,0,0,0,0,2,0,2,0,5,4,1,1,4,0
511,motion,no motion,no motion,motion,motion,motion,0,1,0,0,0,1,0,0,0,0,2,2,0,0,no device,device detected,device detected,device detected,device detected,no device,"('c1', 1)","('c2', 5)",10:08:00,3,2,1,0,0,1,1,3,3,0,0,0,0,1,1,0,1,3,1,0,4,1,2,0,0,0,0,2,0,2,0,5,4,1,1,5,0
512,motion,motion,no motion,motion,motion,motion,0,0,0,0,0,0,1,0,0,0,2,2,0,0,no device,device detected,device detected,device detected,device detected,no device,"('r14', 1)","('r11', 0)",10:08:15,3,2,1,0,0,1,1,3,3,1,0,0,0,1,1,0,1,3,1,0,4,1,2,0,0,0,0,2,0,2,0,5,4,1,2,3,0
513,motion,motion,no motion,motion,motion,motion,0,0,0,0,0,0,0,2,0,0,2,2,0,2,device detected,device detected,device detected,device detected,no device,no device,"('r22', 1)","('r11', 0)",10:08:30,3,2,1,0,0,1,1,3,3,1,0,0,0,1,1,0,1,3,1,0,4,1,2,0,0,0,2,2,0,2,0,5,4,1,0,3,0
514,motion,motion,no motion,motion,motion,motion,0,0,0,0,0,1,0,0,0,0,2,2,0,0,no device,device detected,no device,device detected,device detected,no device,"('outside', 0)","('r11', 0)",10:08:45,3,2,1,0,0,1,1,3,4,1,0,0,0,1,0,0,1,4,1,0,4,1,2,0,0,2,0,2,0,2,0,5,4,1,0,2,0
515,motion,motion,no motion,motion,no motion,motion,0,1,1,0,0,0,0,0,0,0,2,2,1,0,device detected,device detected,no device,device detected,device detected,no device,"('r22', 1)","('c2', 1)",10:09:00,3,2,1,0,0,1,1,3,4,1,0,0,0,1,0,1,1,4,1,1,4,1,2,0,0,0,0,2,0,3,0,5,3,2,0,1,0
516,motion,motion,motion,motion,motion,motion,0,0,0,0,0,0,0,0,0,0,2,2,0,0,no device,device detected,device detected,device detected,device detected,no device,"('r14', 1)","('r9', 4)",10:09:15,3,2,1,0,0,1,1,3,4,1,0,0,0,1,0,1,1,4,2,0,4,1,2,0,0,0,0,2,1,2,0,5,3,2,0,1,0
517,motion,motion,motion,motion,motion,motion,0,0,0,0,0,1,0,0,0,0,2,2,0,0,no device,device detected,device detected,device detected,device detected,no device,"('r6', 1)","('c2', 0)",10:09:30,3,2,1,0,0,1,1,3,4,1,0,0,0,1,0,1,1,5,2,0,4,1,2,0,0,0,0,2,1,2,0,5,3,2,0,0,0
518,motion,motion,motion,motion,motion,motion,0,0,0,0,0,0,0,0,0,0,2,2,0,0,no device,device detected,device detected,device detected,no device,no device,"('r14', 1)","('r9', 4)",10:09:45,3,2,1,0,0,1,1,3,4,1,0,0,0,1,0,1,1,5,2,0,4,1,2,0,0,0,0,2,1,2,0,5,3,2,0,0,0
519,motion,motion,motion,motion,motion,motion,0,0,0,0,0,0,0,0,0,0,1,2,0,0,no device,device detected,device detected,device detected,device detected,no device,"('r6', 1)","('r9', 4)",10:10:00,3,2,1,0,0,1,1,3,4,0,0,0,0,1,0,1,1,5,2,0,4,1,2,0,0,0,0,2,1,2,0,5,3,2,0,1,0
520,motion,motion,motion,motion,motion,motion,0,0,0,0,0,1,0,0,0,0,2,2,0,0,no device,device detected,device detected,device detected,device detected,no device,"('r5', 0)","('c2', 1)",10:10:15,3,2,1,0,0,1,1,3,4,0,0,0,1,1,0,1,1,4,2,0,4,1,2,0,0,0,0,3,1,2,0,5,3,1,0,1,0
521,motion,motion,motion,motion,motion,motion,0,0,0,0,0,0,0,0,0,1,2,2,0,0,no device,device detected,no device,device detected,device detected,no device,"('r5', 0)","('r11', 0)",10:10:30,3,2,1,0,0,1,1,3,3,0,0,0,1,1,0,1,1,4,2,0,4,1,2,0,0,0,0,2,1,2,0,5,3,1,1,2,0
522,motion,motion,no motion,motion,motion,motion,0,0,0,0,0,2,1,1,0,0,2,2,0,1,no device,device detected,device detected,device detected,device detected,no device,"('r5', 0)","('r11', 0)",10:10:45,3,2,1,0,0,1,1,3,2,0,0,0,1,1,0,1,1,5,2,0,4,1,2,0,0,0,1,2,1,2,0,5,3,1,1,1,0
523,motion,motion,motion,motion,no motion,motion,0,0,0,0,0,1,0,1,0,0,2,2,0,1,no device,device detected,device detected,device detected,device detected,no device,"('r5', 0)","('r11', 0)",10:11:00,3,2,1,0,0,1,1,3,3,0,0,0,1,1,0,1,1,4,2,0,4,1,2,0,0,1,1,2,1,2,0,5,3,1,0,1,0
524,motion,motion,motion,motion,no motion,motion,0,0,1,0,0,0,1,0,0,0,2,2,1,0,no device,device detected,no device,device detected,no device,no device,"('r6', 1)","('r11', 0)",10:11:15,3,2,1,0,0,1,1,3,3,0,0,0,0,1,0,1,1,4,2,1,4,1,2,0,0,1,0,1,1,2,0,5,3,2,1,1,0
525,motion,motion,motion,motion,motion,motion,0,1,1,0,0,0,0,1,0,0,3,2,1,1,no device,device detected,device detected,device detected,device detected,device detected,"('r5', 0)","('r11', 0)",10:11:30,3,2,1,0,0,1,1,3,3,0,0,0,0,1,0,2,1,4,2,1,4,1,3,0,0,0,1,1,1,2,0,5,3,2,0,0,0
526,motion,motion,motion,motion,motion,motion,0,0,0,0,0,0,0,0,0,0,4,2,0,0,no device,device detected,no device,device detected,device detected,no device,"('r6', 1)","('c2', 0)",10:11:45,3,2,1,0,0,1,1,3,3,0,0,0,0,1,0,2,1,4,2,0,4,1,4,0,0,0,0,1,1,2,0,6,3,2,0,0,0
527,motion,motion,motion,motion,motion,motion,0,0,0,0,0,1,0,0,0,0,4,3,0,0,no device,device detected,device detected,no device,device detected,no device,"('r5', 0)","('r8', 3)",10:12:00,2,3,1,0,0,1,1,3,3,0,0,0,0,1,0,2,1,3,2,0,4,1,4,0,0,0,0,1,1,2,0,6,3,2,0,1,0
528,motion,motion,motion,motion,motion,motion,0,0,0,0,0,0,0,0,0,0,3,3,0,0,no device,no device,device detected,device detected,device detected,no device,"('r6', 1)","('c2', 0)",10:12:15,2,3,1,0,0,1,1,3,4,0,0,0,0,1,0,2,1,3,2,0,4,1,4,0,0,0,0,1,1,2,0,6,3,2,0,0,0
529,motion,motion,motion,motion,motion,motion,0,0,0,0,0,0,0,0,0,0,4,1,0,1,device detected,device detected,device detected,device detected,no device,no device,"('r5', 0)","('r17', 1)",10:12:30,3,2,1,0,0,1,1,3,4,0,0,0,0,1,0,2,1,3,2,0,4,1,4,0,0,0,1,1,1,2,0,5,3,2,0,0,0
530,motion,motion,motion,motion,motion,motion,0,0,0,0,0,0,0,0,0,0,4,2,0,0,no device,device detected,device detected,device detected,device detected,no device,"('r6', 1)","('c2', 0)",10:12:45,3,2,1,0,0,1,1,3,4,0,0,0,0,1,0,2,1,3,2,0,4,1,4,0,0,1,0,1,1,1,0,6,3,2,0,0,0
531,motion,motion,motion,motion,no motion,motion,0,0,2,0,0,0,0,0,0,0,4,2,1,0,no device,device detected,device detected,device detected,no device,no device,"('r14', 1)","('r16', 2)",10:13:00,3,2,1,0,0,1,1,3,4,0,0,0,0,1,0,2,1,3,2,1,4,1,4,0,0,0,0,1,1,1,0,6,3,2,0,0,0
532,motion,motion,motion,motion,motion,motion,0,0,0,0,0,0,0,0,0,0,5,2,0,0,no device,device detected,device detected,device detected,device detected,no device,"('r6', 1)","('r16', 2)",10:13:15,3,2,1,0,0,1,1,3,4,0,0,0,0,1,0,2,1,3,2,0,4,1,5,0,0,0,0,2,1,1,0,6,3,1,0,0,0
533,motion,motion,no motion,motion,motion,motion,0,1,0,0,0,0,0,0,0,0,5,2,0,0,no device,device detected,device detected,device detected,device detected,no device,"('r6', 1)","('c2', 1)",10:13:30,3,2,1,0,0,1,1,3,4,0,0,0,0,1,0,1,1,3,2,0,4,1,5,0,0,0,0,2,1,1,0,6,3,1,0,1,0
534,motion,motion,motion,motion,motion,motion,0,0,0,0,0,1,0,0,0,0,4,2,1,0,no device,device detected,device detected,device detected,device detected,no device,"('r5', 0)","('r12', 0)",10:13:45,3,2,1,0,0,1,1,3,4,0,0,0,0,1,0,1,1,4,2,1,4,1,4,0,0,0,0,2,1,1,0,6,3,1,0,0,0
535,motion,motion,motion,motion,motion,motion,0,0,1,0,0,0,0,0,0,0,3,2,1,0,no device,device detected,device detected,device detected,device detected,no device,"('r6', 1)","('r3', 1)",10:14:00,3,2,1,0,0,1,1,3,3,0,0,0,0,1,0,1,1,4,2,1,4,1,3,0,0,1,0,2,1,1,0,6,3,1,0,1,0
536,motion,motion,motion,motion,motion,motion,0,0,1,0,0,0,0,0,0,0,3,2,0,2,no device,device detected,device detected,device detected,device detected,no device,"('r6', 1)","('r3', 1)",10:14:15,3,2,1,0,0,1,1,3,4,0,0,0,0,1,0,1,1,4,2,0,4,1,3,0,0,0,2,2,1,1,0,6,3,1,0,0,0
537,motion,motion,motion,motion,motion,motion,0,0,0,0,0,0,0,2,0,1,2,2,0,0,no device,device detected,device detected,no device,device detected,no device,"('r4', 0)","('r3', 1)",10:14:30,3,2,1,0,0,1,1,3,4,0,0,0,0,1,0,1,1,4,2,0,4,1,3,0,0,0,0,3,1,1,0,6,3,1,1,0,0
538,motion,motion,motion,motion,motion,motion,0,0,0,0,1,0,1,0,0,0,3,2,0,1,no device,device detected,no device,device detected,device detected,no device,"('r4', 0)","('r12', 0)",10:14:45,3,2,1,0,0,1,1,3,3,0,0,0,0,1,0,1,0,4,2,0,4,1,3,0,0,0,1,3,1,1,0,5,3,1,0,3,0
539,motion,motion,motion,motion,motion,motion,0,0,0,0,0,0,1,1,0,0,3,2,0,1,device detected,device detected,device detected,no device,device detected,no device,"('r6', 1)","('c2', 2)",10:15:00,3,2,1,0,0,1,1,2,3,1,0,0,0,1,0,1,0,4,2,0,3,1,3,0,0,0,1,3,1,1,0,5,3,1,2,2,0
540,motion,motion,motion,motion,motion,motion,0,0,0,1,0,0,1,2,0,0,3,1,0,0,no device,device detected,device detected,device detected,device detected,no device,"('r14', 1)","('r16', 1)",10:15:15,3,1,2,0,0,1,1,1,3,2,0,1,0,1,0,1,0,4,2,0,3,1,3,0,0,0,1,3,1,1,0,5,3,1,1,2,0
541,motion,motion,no motion,motion,motion,motion,0,0,0,0,0,0,2,0,0,0,3,1,0,2,no device,no device,device detected,device detected,device detected,no device,"('r22', 1)","('c2', 2)",10:15:30,3,1,3,0,0,1,1,1,3,1,0,1,0,1,0,1,0,4,2,0,3,1,3,0,0,1,2,3,1,1,0,3,3,1,1,2,0
542,motion,no motion,motion,motion,motion,motion,0,0,1,1,0,0,0,0,1,0,3,2,2,1,no device,device detected,device detected,device detected,device detected,no device,"('r22', 1)","('r12', 1)",10:15:45,3,2,3,0,0,1,1,1,4,1,0,1,0,2,0,1,0,4,1,2,3,1,3,0,0,2,1,3,1,1,0,2,3,1,0,0,0
543,motion,motion,motion,motion,motion,motion,0,0,2,1,0,0,0,1,0,0,3,2,1,0,no device,device detected,device detected,device detected,device detected,no device,"('r14', 1)","('r12', 0)",10:16:00,4,2,3,0,0,1,1,1,4,1,0,0,0,1,0,1,0,4,2,1,3,2,3,0,0,1,0,3,1,2,0,2,3,1,1,0,0
544,motion,motion,motion,motion,motion,motion,0,0,0,1,0,0,0,0,0,2,4,2,0,1,no device,device detected,device detected,device detected,device detected,no device,"('r22', 2)","('c2', 0)",10:16:15,5,2,2,0,0,1,1,1,4,1,0,0,0,1,0,1,0,4,2,0,3,2,4,0,0,0,1,4,1,2,0,2,3,0,1,0,0
545,motion,motion,motion,motion,motion,motion,0,0,0,0,0,0,0,0,0,1,4,1,0,0,no device,device detected,device detected,device detected,device detected,no device,"('outside', 0)","('r9', 3)",10:16:30,6,1,2,0,0,1,1,1,3,1,0,0,0,1,0,1,0,4,2,0,4,2,4,0,0,0,0,3,1,2,0,2,3,0,2,1,0
546,motion,motion,motion,motion,motion,motion,0,0,0,1,0,0,1,1,0,0,4,0,0,1,no device,device detected,device detected,device detected,device detected,no device,"('outside', 0)","('r9', 3)",10:16:45,6,0,3,0,0,1,1,1,3,1,0,0,0,1,0,1,0,4,2,0,4,2,4,0,0,0,1,3,1,2,0,2,2,1,2,0,0
547,motion,motion,motion,motion,motion,motion,0,0,0,0,0,0,1,1,0,0,4,1,0,2,no device,device detected,no device,no device,device detected,no device,"('r22', 2)","('r9', 3)",10:17:00,5,1,2,0,0,1,1,0,3,0,0,1,0,1,0,1,0,4,2,0,4,2,4,0,0,0,2,3,1,2,0,2,1,2,0,3,0
548,motion,motion,motion,motion,motion,motion,0,0,0,0,0,2,0,0,0,0,3,2,1,1,no device,device detected,no device,device detected,device detected,device detected,"('r14', 1)","('r9', 3)",10:17:15,4,2,1,0,0,1,1,0,3,0,0,3,0,1,0,1,0,4,2,1,5,2,3,1,0,0,1,2,1,2,0,2,1,2,0,2,0
549,motion,motion,motion,motion,motion,motion,0,0,1,0,0,1,0,0,0,0,3,2,0,1,no device,device detected,no device,device detected,device detected,no device,"('r14', 1)","('c2', 1)",10:17:30,4,2,2,0,0,1,1,0,3,0,0,1,1,1,0,1,0,5,2,0,4,3,3,0,0,1,1,2,1,2,0,3,1,2,0,1,0
550,motion,motion,motion,motion,motion,motion,0,0,0,1,0,0,0,0,0,0,3,3,0,1,no device,device detected,device detected,device detected,device detected,no device,"('c1', 0)","('r10', 0)",10:17:45,4,3,1,0,0,1,1,1,3,0,0,1,1,1,0,1,0,5,2,0,4,3,3,0,0,1,1,2,1,1,0,4,2,1,0,0,0
551,motion,motion,motion,motion,motion,motion,0,0,0,0,0,0,0,1,0,0,3,1,0,1,no device,device detected,device detected,device detected,device detected,no device,"('r28', 3)","('r10', 0)",10:18:00,6,1,1,0,0,1,1,1,2,0,0,1,1,1,0,1,0,5,2,0,4,3,3,0,0,0,1,3,1,1,0,4,2,0,1,1,0
552,motion,motion,motion,motion,motion,motion,0,0,0,0,0,0,0,1,0,1,3,1,0,0,no device,device detected,device detected,device detected,device detected,no device,"('r28', 3)","('c2', 1)",10:18:15,6,1,1,0,0,1,2,1,2,0,0,0,1,1,0,1,0,5,2,0,4,3,3,0,0,0,0,3,1,1,0,4,2,1,1,1,0
553,motion,motion,motion,motion,motion,motion,0,0,0,0,0,1,1,0,0,0,3,1,0,0,no device,device detected,device detected,device detected,no device,no device,"('c1', 0)","('r15', 0)",10:18:30,6,1,1,0,0,1,1,1,2,0,0,0,1,2,0,1,0,6,2,0,4,2,3,0,0,0,0,3,1,1,0,4,3,0,0,2,0
554,motion,motion,motion,motion,motion,motion,0,0,0,0,0,1,0,0,0,0,3,1,0,0,no device,device detected,no device,device detected,device detected,no device,"('c2', 0)","('c2', 0)",10:18:45,6,1,1,0,0,2,2,1,2,0,0,0,1,1,0,1,0,7,2,0,4,2,3,0,0,0,0,3,1,1,0,4,3,0,0,0,0
555,motion,motion,no motion,motion,no motion,motion,0,0,0,0,0,0,0,0,0,1,3,1,0,0,no device,device detected,device detected,device detected,device detected,no device,"('r15', 0)","('r7', 2)",10:19:00,6,1,1,0,0,2,2,1,2,0,0,0,1,1,0,1,0,7,2,0,4,2,3,0,0,0,0,2,1,1,0,4,3,0,1,0,0
556,motion,motion,motion,motion,motion,motion,0,0,0,0,0,0,1,0,0,0,3,1,1,1,no device,device detected,device detected,device detected,device detected,no device,"('r15', 0)","('c2', 1)",10:19:15,6,1,1,0,0,2,2,1,2,0,0,0,1,1,0,1,0,7,1,1,4,2,3,0,0,0,1,2,1,1,0,3,3,0,0,1,0
557,motion,no motion,motion,motion,motion,motion,0,0,1,1,0,0,0,1,0,0,2,3,2,3,device detected,no device,device detected,device detected,device detected,no device,"('r15', 0)","('r12', 1)",10:19:30,5,3,0,0,0,2,1,1,2,0,0,1,1,1,0,1,0,7,0,2,3,2,2,0,0,0,3,2,1,1,0,2,2,1,1,1,0
558,motion,no motion,motion,motion,motion,motion,0,0,3,1,0,0,0,1,1,1,2,2,0,1,no device,device detected,device detected,device detected,no device,no device,"('r15', 0)","('r12', 0)",10:19:45,5,2,2,0,0,2,1,1,2,0,0,0,1,2,0,1,0,7,0,0,4,2,2,0,0,2,1,3,1,1,0,2,2,1,0,1,0
559,motion,no motion,motion,motion,motion,motion,0,1,0,1,0,0,0,0,0,0,2,3,0,4,no device,no device,device detected,device detected,device detected,device detected,"('c2', 0)","('r3', 0)",10:20:00,5,3,0,0,0,2,1,1,2,0,0,1,1,2,0,2,0,7,0,0,3,2,2,1,0,0,4,2,1,1,0,2,2,1,0,0,0
560,motion,no motion,motion,motion,motion,motion,0,3,0,0,0,0,0,2,1,0,2,2,0,1,no device,no device,device detected,device detected,device detected,no device,"('c1', 3)","('r3', 0)",10:20:15,6,2,0,0,0,1,1,1,2,0,0,0,0,2,0,0,0,7,0,0,3,2,2,0,0,0,1,2,1,1,0,3,2,1,3,4,1
561,motion,no motion,motion,motion,motion,motion,0,0,0,0,0,2,3,2,1,0,2,3,0,2,no device,no device,device detected,device detected,no device,no device,"('r28', 2)","('r3', 0)",10:20:30,5,3,0,0,0,1,1,1,4,0,0,0,0,1,0,0,0,7,0,0,3,3,2,0,0,0,2,2,1,1,0,3,2,1,2,3,0
562,motion,no motion,motion,motion,motion,motion,0,0,0,0,0,1,3,0,0,1,2,3,0,3,no device,no device,device detected,device detected,device detected,device detected,"('r24', 0)","('r3', 0)",10:20:45,5,3,0,0,0,1,2,1,4,0,1,0,0,1,0,0,0,8,0,0,2,3,2,0,0,1,3,3,1,1,0,2,1,2,1,0,0
563,motion,no motion,motion,motion,motion,motion,0,0,1,0,0,1,0,0,0,1,1,4,0,1,no device,no device,device detected,device detected,device detected,no device,"('r28', 3)","('r12', 0)",10:21:00,4,4,0,0,0,1,2,1,4,0,1,0,0,1,0,0,0,7,0,1,3,3,2,0,0,0,1,3,1,1,0,3,0,4,0,1,0
564,motion,motion,motion,motion,motion,motion,0,0,0,0,1,0,0,0,0,0,3,4,0,0,no device,no device,device detected,device detected,device detected,no device,"('r24', 0)","('r12', 0)",10:21:15,4,4,0,0,0,1,2,1,4,0,1,0,0,1,0,0,1,7,0,0,3,3,3,0,0,0,0,5,1,1,0,4,0,2,0,0,0
565,motion,no motion,motion,motion,motion,motion,0,0,0,0,0,0,0,0,0,0,3,4,0,0,no device,no device,device detected,device detected,device detected,no device,"('r22', 3)","('r3', 0)",10:21:30,4,4,0,0,0,1,2,1,4,0,1,0,0,1,0,0,1,7,0,0,3,3,3,0,0,0,0,5,1,1,0,4,0,2,0,0,0
566,motion,motion,motion,motion,motion,motion,0,0,0,1,0,0,0,0,0,0,3,4,0,0,no device,device detected,device detected,no device,device detected,no device,"('r22', 2)","('r12', 0)",10:21:45,3,4,1,0,0,1,2,1,4,0,0,0,0,2,0,0,1,7,0,0,3,2,3,0,0,0,0,5,1,1,0,4,0,2,0,1,0
567,motion,no motion,motion,motion,motion,motion,0,0,0,0,0,0,0,0,1,0,3,4,0,0,no device,device detected,device detected,device detected,device detected,device detected,"('outside', 0)","('r12', 0)",10:22:00,3,4,1,0,0,1,2,1,3,0,0,0,0,1,0,0,1,7,0,0,3,2,3,1,0,0,0,4,1,1,0,4,0,2,1,2,0
568,motion,motion,motion,motion,motion,motion,0,0,0,0,0,0,2,0,0,0,3,4,0,0,no device,device detected,device detected,device detected,device detected,no device,"('r22', 2)","('r12', 0)",10:22:15,3,4,1,0,0,1,2,0,3,0,0,0,0,1,0,0,1,7,0,0,3,2,3,0,0,0,0,5,1,1,0,4,0,2,1,3,0
569,motion,no motion,motion,motion,motion,motion,0,0,0,0,1,0,0,0,0,1,3,4,0,1,no device,device detected,device detected,device detected,device detected,no device,"('outside', 0)","('c2', 0)",10:22:30,3,4,1,0,0,1,2,0,4,1,0,0,0,1,0,0,2,7,0,0,3,2,3,0,0,0,1,7,1,1,0,3,0,1,0,0,0
570,motion,no motion,no motion,motion,motion,motion,0,0,0,0,1,6,1,1,0,1,3,4,0,0,no device,device detected,device detected,no device,device detected,no device,"('outside', 0)","('c2', 8)",10:22:45,3,4,1,0,0,0,2,0,4,1,0,0,0,2,0,0,1,1,0,0,3,2,3,0,0,1,0,6,0,1,0,3,0,1,1,8,0
571,motion,no motion,motion,motion,motion,motion,0,0,0,1,0,3,1,0,1,0,3,3,0,1,no device,device detected,device detected,no device,device detected,no device,"('outside', 0)","('r15', 0)",10:23:00,3,3,2,0,0,0,4,0,4,1,0,1,0,1,0,0,1,4,0,0,3,2,3,0,0,0,1,5,0,1,0,3,0,2,1,3,0
572,motion,no motion,no motion,motion,motion,motion,0,2,0,0,0,0,1,1,0,0,3,3,0,0,no device,device detected,device detected,no device,device detected,no device,"('r22', 2)","('r15', 0)",10:23:15,3,3,2,0,0,0,4,0,4,1,0,1,0,1,0,2,1,4,0,0,3,2,3,0,0,0,0,5,0,1,0,3,0,2,1,2,0
573,motion,no motion,no motion,motion,motion,motion,0,0,0,2,0,0,0,0,1,0,3,4,0,1,no device,device detected,device detected,device detected,device detected,no device,"('r24', 0)","('c2', 2)",10:23:30,3,4,1,0,0,1,4,0,4,1,0,0,0,1,1,2,1,4,0,0,3,2,3,0,0,0,1,4,0,1,0,2,0,3,0,2,0
574,motion,no motion,no motion,motion,motion,motion,0,0,0,0,0,0,0,0,0,0,3,3,0,0,no device,device detected,device detected,device detected,device detected,no device,"('r24', 0)","('r16', 2)",10:23:45,4,3,1,0,0,1,4,0,4,1,0,0,1,1,1,2,1,4,0,0,4,2,3,0,0,0,0,5,0,1,0,2,0,2,0,1,0
575,motion,no motion,motion,motion,motion,motion,0,0,0,0,0,0,0,0,0,0,3,3,0,0,no device,no device,device detected,no device,device detected,no device,"('r28', 6)","('r16', 2)",10:24:00,4,3,0,0,0,1,4,0,4,1,0,1,1,1,1,2,1,4,0,0,4,2,3,0,0,0,0,6,0,1,0,2,0,1,0,1,0
576,motion,no motion,motion,motion,motion,motion,0,1,0,0,0,0,0,0,0,2,3,3,0,0,no device,no device,device detected,device detected,no device,no device,"('r24', 0)","('c2', 1)",10:24:15,4,3,0,0,0,1,4,0,4,1,0,0,1,1,1,3,1,4,0,0,4,2,3,0,0,0,0,4,0,1,0,2,0,2,1,1,0
577,motion,no motion,no motion,motion,motion,motion,0,0,0,0,0,0,2,0,0,1,3,3,0,0,no device,no device,device detected,device detected,device detected,no device,"('r22', 2)","('c1', 1)",10:24:30,4,3,0,0,0,1,4,0,3,1,0,0,1,1,1,3,1,4,0,0,4,2,3,0,0,0,0,6,0,1,0,2,0,1,1,1,0
578,motion,no motion,no motion,motion,motion,motion,0,0,0,0,0,1,0,0,0,1,3,2,0,0,no device,no device,device detected,device detected,device detected,no device,"('r24', 0)","('r27', 0)",10:24:45,4,3,0,0,0,1,4,0,3,1,0,0,1,1,1,3,1,5,0,0,4,2,3,0,0,0,0,7,0,1,0,2,0,1,0,0,0
579,motion,motion,motion,motion,motion,motion,0,0,0,0,0,0,0,0,0,0,2,3,0,0,no device,no device,device detected,device detected,device detected,no device,"('r24', 0)","('r27', 0)",10:25:00,4,3,0,0,0,1,4,0,3,1,0,0,1,1,1,3,1,5,0,0,4,2,3,0,0,0,0,6,0,1,0,2,0,2,0,0,0
580,motion,motion,no motion,motion,no motion,motion,0,0,0,0,0,0,0,0,0,1,3,3,0,0,no device,no device,device detected,no device,device detected,no device,"('r24', 0)","('r21', 4)",10:25:15,4,3,0,0,0,1,4,0,3,1,0,0,1,1,1,3,1,5,0,0,4,2,3,0,0,0,0,5,0,1,0,2,0,2,1,0,0
581,motion,no motion,no motion,motion,motion,motion,0,0,0,0,0,0,1,0,0,0,3,3,0,0,device detected,no device,device detected,device detected,device detected,no device,"('r24', 0)","('r27', 0)",10:25:30,4,3,0,0,0,1,4,0,3,1,0,0,1,1,1,3,1,5,0,0,4,2,3,0,0,0,0,5,0,1,0,2,0,2,0,1,0
582,motion,no motion,no motion,motion,motion,motion,0,2,0,0,0,1,0,0,0,0,3,3,0,0,no device,no device,device detected,device detected,device detected,no device,"('r24', 0)","('r32', 2)",10:25:45,4,3,0,0,0,1,4,0,4,0,0,0,1,1,1,1,1,4,0,0,4,2,3,0,0,0,0,6,0,1,0,2,0,1,0,4,0
583,motion,no motion,no motion,motion,motion,motion,0,0,0,0,0,1,0,0,0,0,3,3,0,0,no device,no device,no device,device detected,device detected,no device,"('r28', 6)","('r27', 0)",10:26:00,4,3,0,0,0,1,4,1,4,0,0,0,1,1,0,1,1,3,0,0,4,2,3,0,0,0,0,6,0,1,0,2,0,1,0,5,0
584,motion,no motion,no motion,motion,motion,motion,0,0,0,0,0,0,1,0,0,0,3,3,0,1,no device,no device,device detected,device detected,device detected,no device,"('c1', 1)","('r32', 2)",10:26:15,4,3,0,0,0,1,4,1,4,0,0,0,1,1,0,1,1,3,0,0,3,2,3,0,0,0,1,6,0,1,0,2,0,1,1,4,0
585,motion,no motion,motion,motion,motion,motion,0,0,0,0,0,0,0,1,0,0,3,2,0,1,no device,no device,device detected,device detected,device detected,no device,"('c1', 0)","('r31', 0)",10:26:30,4,3,0,0,0,1,4,0,3,0,0,0,0,1,0,1,1,3,0,0,3,2,3,0,0,1,1,6,1,0,0,2,0,1,0,7,0
586,motion,motion,no motion,motion,motion,motion,0,0,1,0,0,0,0,0,0,0,3,3,1,0,device detected,no device,device detected,device detected,device detected,no device,"('r28', 5)","('r32', 2)",10:26:45,4,3,0,0,0,1,3,0,3,0,0,0,0,1,0,1,1,3,0,1,3,2,3,0,1,1,0,5,0,0,0,2,0,2,0,8,0
587,motion,motion,no motion,motion,motion,motion,0,0,1,0,0,1,0,0,0,0,3,3,1,0,device detected,no device,device detected,device detected,device detected,no device,"('r24', 0)","('r32', 2)",10:27:00,4,3,0,0,0,1,3,0,1,0,0,0,0,1,0,1,1,2,1,1,3,2,3,0,1,0,0,5,0,0,0,2,0,2,0,11,0
588,motion,motion,no motion,motion,motion,motion,0,0,0,0,1,1,0,0,0,0,4,3,0,0,device detected,no device,no device,device detected,device detected,no device,"('r22', 2)","('r32', 2)",10:27:15,4,3,0,0,0,1,1,0,1,0,0,0,0,1,0,1,2,1,1,0,3,2,4,0,1,0,0,5,0,0,0,2,0,2,0,13,0
589,motion,motion,motion,motion,motion,motion,0,0,0,0,0,0,0,0,0,0,3,3,1,1,device detected,no device,device detected,device detected,device detected,no device,"('r14', 1)","('r31', 0)",10:27:30,4,3,0,0,0,1,1,0,1,0,0,0,0,1,0,1,2,1,1,1,2,2,3,0,1,0,1,5,0,0,0,2,0,2,0,13,0
590,motion,motion,no motion,motion,no motion,motion,0,0,1,0,1,0,0,0,0,0,2,3,0,0,device detected,no device,device detected,device detected,device detected,no device,"('r6', 1)","('r32', 3)",10:27:45,4,3,0,0,0,1,1,0,1,1,0,0,0,1,1,1,1,1,1,0,2,2,3,0,1,1,0,5,0,0,0,3,0,2,0,12,0
591,motion,motion,no motion,motion,motion,motion,0,0,0,1,0,1,0,0,0,0,3,2,0,0,no device,no device,device detected,no device,device detected,no device,"('r4', 0)","('r31', 0)",10:28:00,4,2,1,0,0,1,1,1,1,1,0,0,0,1,1,1,1,2,1,0,2,2,3,0,1,1,0,6,0,0,0,3,0,1,0,10,0
592,motion,motion,no motion,motion,motion,motion,0,0,0,0,0,4,0,1,0,1,3,2,0,0,device detected,no device,no device,device detected,device detected,no device,"('r6', 1)","('r31', 0)",10:28:15,4,2,0,0,0,1,1,1,1,1,0,1,0,1,0,1,1,5,1,0,2,2,3,0,1,0,0,4,0,0,0,3,0,2,2,8,0
593,motion,motion,no motion,motion,motion,motion,0,0,0,0,0,2,3,0,0,0,3,2,0,0,device detected,no device,device detected,device detected,device detected,no device,"('r5', 0)","('r32', 3)",10:28:30,4,2,0,0,0,1,1,1,1,1,0,0,0,1,0,1,1,5,1,0,2,2,3,0,1,0,0,2,0,0,0,3,0,4,1,10,0
594,motion,motion,no motion,motion,motion,motion,0,1,0,0,1,4,3,0,0,0,3,2,0,0,device detected,no device,device detected,device detected,device detected,no device,"('r6', 1)","('r32', 3)",10:28:45,4,2,0,0,0,1,2,1,0,1,0,0,0,1,0,0,0,3,1,0,2,2,3,0,1,0,0,2,0,0,0,3,0,4,1,14,0
595,motion,motion,no motion,motion,motion,motion,0,0,0,0,0,3,2,1,0,0,3,2,0,1,device detected,no device,device detected,device detected,device detected,no device,"('r5', 0)","('r31', 0)",10:29:00,4,2,1,0,0,1,6,1,0,2,0,0,0,1,0,0,0,4,1,0,2,2,3,0,1,0,1,2,0,0,0,3,0,4,2,5,0
596,motion,no motion,no motion,motion,motion,motion,0,0,0,1,0,0,2,0,0,0,3,3,1,1,device detected,no device,device detected,device detected,device detected,no device,"('r5', 0)","('r31', 0)",10:29:15,4,3,0,0,0,1,6,1,0,1,1,0,0,1,0,0,0,4,0,1,2,2,3,0,1,1,1,2,0,0,0,2,0,4,0,7,0
597,motion,no motion,no motion,motion,motion,motion,0,0,1,0,2,1,0,0,0,0,2,2,2,0,device detected,no device,device detected,device detected,device detected,no device,"('r5', 0)","('r32', 2)",10:29:30,5,2,0,0,0,1,10,1,0,1,0,0,0,1,0,0,2,5,0,2,2,2,3,0,1,1,0,2,0,0,0,2,0,4,0,1,0
598,motion,no motion,no motion,motion,motion,motion,0,0,1,0,0,0,0,0,0,0,4,2,2,0,no device,no device,device detected,no device,device detected,no device,"('r5', 0)","('r31', 0)",10:29:45,5,2,0,0,0,1,8,1,0,1,0,0,0,1,0,0,2,5,0,2,2,2,4,0,1,0,0,2,0,0,0,2,0,4,0,3,0
599,motion,no motion,no motion,motion,motion,motion,0,0,0,0,0,1,1,0,0,0,5,2,1,1,device detected,no device,device detected,device detected,device detected,no device,"('r5', 0)","('r31', 0)",10:30:00,5,2,0,0,0,1,8,2,0,1,0,0,0,1,0,0,2,6,0,1,1,2,5,0,1,0,1,2,0,0,0,2,0,4,1,0,0
600,motion,no motion,no motion,motion,motion,no motion,0,0,0,0,0,1,1,2,0,0,5,2,1,1,device detected,no device,device detected,device detected,device detected,no device,"('r6', 1)","('r31', 0)",10:30:15,5,2,0,0,0,1,8,2,0,1,0,0,0,1,0,0,2,5,0,1,1,2,5,0,1,0,1,1,0,0,0,2,0,5,2,0,0
601,motion,no motion,no motion,motion,motion,motion,0,0,0,0,0,1,1,1,0,0,5,2,1,0,device detected,no device,device detected,device detected,device detected,no device,"('r5', 0)","('r31', 0)",10:30:30,5,2,0,0,0,1,8,2,0,1,0,0,0,1,0,0,2,4,0,1,2,2,5,0,1,1,0,2,0,0,0,2,0,4,0,2,0
602,motion,no motion,no motion,motion,motion,motion,0,0,1,0,0,0,0,0,0,1,5,2,2,0,device detected,no device,device detected,device detected,device detected,no device,"('r6', 1)","('r31', 0)",10:30:45,5,2,0,0,0,1,7,2,0,1,1,1,0,1,0,0,2,4,0,2,2,2,5,0,1,0,0,2,0,0,0,2,1,2,1,1,0
603,motion,no motion,no motion,motion,motion,motion,0,0,0,0,0,2,0,1,0,0,6,2,1,1,device detected,no device,device detected,device detected,device detected,no device,"('r14', 2)","('r31', 0)",10:31:00,5,2,1,0,0,1,6,1,0,1,0,0,0,2,0,0,2,5,0,1,2,1,6,0,1,0,1,2,0,0,0,2,1,2,0,3,0
604,motion,no motion,no motion,motion,motion,motion,0,1,0,2,1,0,0,0,1,0,6,2,1,0,device detected,no device,no device,device detected,no device,no device,"('r6', 1)","('r31', 0)",10:31:15,5,2,1,0,0,1,6,1,0,1,1,0,0,1,0,1,1,5,0,1,2,1,6,0,1,0,0,2,0,1,0,2,0,3,1,2,0
605,motion,motion,motion,motion,motion,motion,0,1,0,0,0,0,1,0,0,0,7,2,0,1,device detected,no device,no device,device detected,no device,no device,"('r6', 1)","('r32', 2)",10:31:30,5,2,0,0,0,1,5,1,0,1,0,1,0,1,0,0,1,5,0,0,1,0,7,0,1,0,1,2,1,0,0,2,0,3,0,6,1
606,motion,no motion,no motion,motion,no motion,motion,0,0,0,2,0,4,1,0,0,0,7,1,0,0,no device,no device,device detected,device detected,no device,no device,"('r6', 1)","('r32', 2)",10:31:45,5,1,1,0,0,1,5,1,0,1,0,0,0,1,0,0,1,9,0,0,2,0,7,0,2,0,0,2,0,0,0,2,0,3,1,2,1
607,motion,no motion,no motion,motion,motion,motion,0,0,0,0,0,0,1,0,1,0,7,1,0,0,device detected,device detected,device detected,device detected,no device,no device,"('r5', 0)","('r27', 0)",10:32:00,5,1,1,0,0,1,5,0,0,1,0,0,0,2,0,0,1,9,0,0,2,0,7,0,2,0,0,1,0,0,0,2,0,4,1,2,1
608,motion,no motion,no motion,motion,motion,motion,0,0,0,0,0,0,0,1,0,0,7,1,0,1,device detected,no device,device detected,device detected,device detected,no device,"('r6', 2)","('r27', 1)",10:32:15,5,1,0,0,0,2,5,0,0,1,0,0,0,1,0,0,1,9,0,0,2,1,7,0,2,0,1,1,0,0,0,2,0,4,0,3,0
609,motion,no motion,no motion,motion,motion,motion,0,0,0,0,1,0,1,0,0,0,7,1,0,0,device detected,no device,no device,device detected,no device,no device,"('r4', 0)","('r21', 2)",10:32:30,5,1,0,0,0,2,5,0,0,1,0,0,0,2,0,0,0,9,0,0,2,0,7,0,2,1,0,1,0,0,0,2,0,4,1,3,0
610,motion,no motion,no motion,motion,motion,motion,0,0,1,0,0,1,0,1,0,0,6,1,2,1,device detected,no device,device detected,device detected,no device,no device,"('r4', 0)","('r27', 1)",10:32:45,5,1,0,0,0,3,4,1,0,1,0,0,0,1,0,0,0,8,0,2,2,0,6,0,1,0,1,1,1,0,0,2,0,4,0,4,0
611,motion,motion,no motion,motion,motion,motion,0,1,0,0,0,0,1,0,0,0,6,1,0,0,device detected,no device,device detected,device detected,no device,no device,"('r6', 3)","('r27', 0)",10:33:00,5,1,0,0,0,3,5,1,0,1,0,0,0,1,0,1,0,8,2,0,3,0,6,0,1,0,0,2,1,0,0,2,1,2,1,1,0
612,motion,motion,motion,motion,motion,motion,0,0,0,0,0,0,0,0,0,2,6,1,0,0,device detected,no device,no device,device detected,no device,no device,"('r5', 0)","('r21', 3)",10:33:15,5,1,0,0,0,3,5,1,0,1,0,0,0,1,0,1,0,8,2,0,3,0,6,0,1,0,0,2,1,0,0,2,0,3,1,1,0
613,motion,motion,motion,motion,motion,motion,0,0,0,0,0,0,1,0,0,0,6,1,0,0,no device,no device,device detected,device detected,no device,device detected,"('r5', 0)","('r21', 3)",10:33:30,5,1,0,0,0,3,5,0,0,1,0,0,0,1,0,1,0,8,2,0,3,0,6,1,1,0,0,1,1,0,0,2,0,3,0,3,0
614,motion,motion,no motion,motion,motion,motion,0,1,0,0,0,2,0,0,0,0,6,1,0,0,device detected,no device,no device,device detected,device detected,no device,"('r6', 3)","('r27', 0)",10:33:45,5,1,0,0,0,3,5,0,0,1,0,0,0,1,0,0,0,9,2,0,3,1,6,0,2,0,0,1,0,0,0,2,0,3,0,3,0
615,motion,motion,no motion,motion,motion,motion,0,0,0,0,0,0,0,0,0,0,6,0,0,0,device detected,no device,device detected,device detected,device detected,no device,"('r14', 1)","('r26', 0)",10:34:00,5,1,0,0,0,3,5,0,0,1,0,1,0,1,0,0,0,9,2,0,3,1,6,0,2,0,0,2,0,0,0,2,0,2,0,2,0
616,motion,motion,no motion,motion,motion,motion,0,0,0,0,0,0,0,0,0,0,6,1,0,0,device detected,device detected,no device,device detected,device detected,no device,"('r6', 2)","('r20', 0)",10:34:15,5,1,1,0,0,2,5,0,0,1,0,0,0,2,0,0,0,9,2,0,3,1,6,0,2,0,0,2,0,0,0,2,0,2,0,2,0
617,motion,motion,no motion,motion,motion,motion,0,0,0,1,0,0,0,0,1,0,6,2,0,0,device detected,no device,device detected,device detected,device detected,no device,"('r4', 0)","('r20', 0)",10:34:30,5,2,0,0,0,2,5,0,0,2,0,0,0,1,0,0,0,9,2,0,3,1,6,0,2,0,0,2,0,0,0,2,0,2,1,1,0
618,motion,motion,no motion,motion,motion,motion,0,0,0,0,0,1,1,0,0,0,6,2,0,0,device detected,no device,device detected,device detected,device detected,no device,"('r6', 2)","('r23', 6)",10:34:45,5,2,0,0,0,2,5,0,0,2,0,0,0,1,0,0,0,8,2,0,3,1,6,0,2,0,0,2,0,0,0,2,0,2,0,3,0
619,motion,motion,no motion,motion,motion,motion,0,0,0,1,0,0,0,0,0,0,6,2,0,0,device detected,device detected,device detected,device detected,device detected,no device,"('r4', 0)","('r20', 0)",10:35:00,4,2,1,0,0,2,3,0,0,2,0,1,0,1,0,0,0,8,2,0,3,1,6,0,2,0,0,3,0,0,0,2,0,1,0,4,0
620,motion,motion,no motion,motion,motion,motion,0,0,0,0,0,2,0,0,0,0,6,2,0,0,device detected,device detected,device detected,device detected,device detected,no device,"('r6', 2)","('r20', 0)",10:35:15,4,2,1,0,0,2,3,0,0,2,0,1,0,1,0,0,0,9,2,0,3,1,6,0,2,0,0,3,0,0,0,2,0,1,0,3,0
621,motion,motion,motion,motion,no motion,motion,0,0,0,1,0,1,0,0,0,0,6,3,0,0,device detected,no device,device detected,device detected,no device,no device,"('r5', 0)","('r20', 0)",10:35:30,4,3,0,0,0,3,3,0,0,2,0,0,0,0,0,0,0,10,2,0,3,1,6,0,2,0,0,3,0,0,0,2,0,1,0,3,0
622,motion,motion,no motion,motion,no motion,motion,0,0,0,0,0,1,0,0,0,0,6,2,0,0,device detected,no device,device detected,device detected,device detected,no device,"('r5', 0)","('r20', 0)",10:35:45,5,2,0,0,0,3,3,0,0,2,0,0,0,0,0,0,0,9,2,0,3,1,6,0,2,0,0,3,0,0,0,2,0,1,0,4,0
623,motion,motion,no motion,motion,no motion,motion,0,0,0,0,0,1,0,0,0,0,6,1,0,0,device detected,no device,no device,no device,device detected,no device,"('r5', 0)","('r20', 0)",10:36:00,5,2,0,0,0,3,3,0,0,2,0,0,0,0,0,0,0,10,2,0,3,1,6,0,2,0,0,2,0,0,0,2,0,2,0,3,0
624,motion,motion,no motion,motion,no motion,motion,0,0,0,0,0,1,0,0,0,0,6,2,0,0,device detected,no device,device detected,device detected,device detected,no device,"('r6', 3)","('r20', 0)",10:36:15,5,2,0,0,0,3,3,0,0,2,0,0,0,0,0,0,0,9,2,0,3,1,6,0,2,0,0,2,0,0,0,2,0,2,0,4,0
625,motion,motion,no motion,motion,no motion,motion,0,0,0,0,0,3,0,0,0,0,5,2,1,0,device detected,no device,device detected,device detected,no device,no device,"('r6', 3)","('r20', 1)",10:36:30,5,2,0,0,0,3,3,0,0,2,0,0,0,0,0,0,0,8,2,1,3,1,5,0,2,0,0,2,0,0,0,2,0,2,0,5,0
626,motion,motion,no motion,motion,no motion,motion,0,0,1,0,0,0,0,0,0,0,5,1,0,0,device detected,no device,device detected,device detected,device detected,no device,"('r5', 0)","('r19', 2)",10:36:45,6,1,0,0,0,3,3,0,0,2,0,1,1,0,0,0,0,8,2,0,3,1,5,0,2,1,0,2,0,0,0,2,0,2,0,3,0
627,motion,motion,no motion,motion,no motion,motion,0,0,0,1,0,0,0,0,0,0,5,0,0,1,device detected,device detected,device detected,no device,device detected,no device,"('r5', 0)","('r19', 2)",10:37:00,6,0,2,0,0,3,3,0,0,2,0,0,1,0,0,0,0,8,2,0,3,1,5,0,2,0,1,2,0,0,0,2,0,2,0,3,0
628,motion,motion,no motion,motion,no motion,motion,0,0,0,1,0,0,0,1,0,0,5,2,0,0,device detected,no device,no device,device detected,device detected,no device,"('r6', 3)","('r20', 0)",10:37:15,5,2,0,0,0,3,3,0,0,2,0,1,1,0,0,0,0,8,2,0,3,1,5,0,2,0,0,2,0,0,0,2,0,2,1,3,0
629,motion,motion,no motion,no motion,no motion,motion,0,0,0,0,0,0,1,0,0,0,5,1,0,0,device detected,no device,no device,device detected,device detected,no device,"('r6', 3)","('r26', 0)",10:37:30,6,1,0,0,0,3,3,0,1,2,0,0,1,0,0,0,0,8,2,0,3,1,5,0,2,0,0,2,0,0,0,2,0,2,0,4,0
630,motion,motion,motion,motion,motion,motion,0,0,0,0,0,0,1,0,0,0,5,1,0,0,device detected,no device,device detected,device detected,device detected,no device,"('r6', 2)","('r20', 0)",10:37:45,6,1,0,0,0,2,3,0,1,3,0,0,1,1,0,0,0,8,2,0,3,1,5,0,1,0,0,2,1,0,0,2,0,2,1,2,0
631,motion,motion,no motion,motion,motion,motion,0,0,0,0,0,1,0,1,0,0,5,0,0,0,device detected,no device,device detected,device detected,device detected,no device,"('r14', 1)","('r26', 0)",10:38:00,7,0,0,0,0,2,3,0,1,3,0,0,1,1,0,0,0,7,2,0,3,1,5,0,2,0,1,2,0,0,0,2,0,2,0,3,0
632,motion,motion,no motion,motion,motion,motion,0,0,1,0,0,2,0,0,0,0,5,1,1,0,device detected,no device,device detected,device detected,device detected,no device,"('r14', 1)","('r26', 0)",10:38:15,6,1,0,0,0,2,3,1,1,3,0,0,1,1,0,0,0,7,2,1,3,1,5,0,2,0,0,3,0,0,0,2,0,1,0,2,0
633,motion,motion,no motion,motion,motion,motion,0,0,0,0,0,2,0,0,0,0,6,1,0,0,device detected,no device,device detected,device detected,device detected,no device,"('r14', 1)","('r30', 0)",10:38:30,6,1,0,0,1,1,2,1,1,2,0,0,1,1,0,0,0,9,2,0,3,1,6,0,2,0,0,3,0,0,0,2,0,1,0,2,0
634,motion,motion,no motion,motion,motion,motion,0,0,0,0,0,0,0,0,0,0,6,2,0,0,device detected,no device,no device,device detected,device detected,no device,"('c1', 0)","('r29', 0)",10:38:45,5,2,0,0,0,2,2,1,1,2,0,0,1,1,1,0,0,9,2,0,3,1,6,0,2,0,0,2,0,0,0,2,0,2,0,1,0
635,motion,motion,motion,motion,motion,motion,0,0,0,1,0,0,0,0,0,0,4,1,1,0,no device,device detected,device detected,device detected,device detected,no device,"('c1', 0)","('r30', 0)",10:39:00,5,1,1,0,0,1,2,1,2,2,0,0,1,2,1,0,0,9,2,1,3,1,5,0,2,0,0,2,0,0,0,2,0,2,0,0,0
636,motion,motion,no motion,motion,motion,motion,0,0,1,0,0,0,0,0,1,0,5,1,0,0,device detected,no device,device detected,device detected,device detected,no device,"('c2', 0)","('r29', 0)",10:39:15,5,1,0,0,0,1,2,1,2,2,0,1,1,1,1,0,0,9,2,0,3,1,5,0,2,1,0,2,0,0,0,2,0,2,1,0,0
637,motion,motion,no motion,motion,motion,motion,0,0,1,0,0,0,1,0,0,0,5,1,1,1,device detected,no device,device detected,no device,device detected,no device,"('r10', 2)","('r25', 1)",10:39:30,5,1,0,0,0,0,2,1,2,2,0,0,1,2,1,0,0,9,2,1,3,1,5,0,1,0,1,2,0,0,0,2,0,2,0,2,0
638,motion,motion,no motion,motion,motion,motion,0,1,0,0,0,0,1,1,0,0,6,1,0,0,device detected,no device,device detected,no device,device detected,no device,"('c2', 3)","('r25', 1)",10:39:45,5,1,0,0,0,0,2,1,1,2,0,0,1,2,1,1,0,9,2,0,3,1,6,0,1,0,0,2,0,0,0,2,0,2,0,3,0
639,motion,motion,no motion,motion,motion,motion,0,2,0,0,0,1,0,0,0,0,6,0,0,0,no device,no device,device detected,no device,device detected,no device,"('c1', 0)","('r26', 0)",10:40:00,5,1,0,0,0,0,2,1,1,1,0,0,1,2,1,3,0,10,2,0,3,1,6,0,1,0,0,2,0,0,0,2,0,2,0,1,0
640,motion,motion,no motion,motion,motion,motion,0,0,0,0,0,0,0,0,0,0,5,0,0,0,device detected,no device,device detected,no device,device detected,no device,"('c1', 0)","('r27', 0)",10:40:15,6,0,0,0,0,0,3,1,1,1,0,0,1,2,1,3,0,10,2,0,3,1,6,0,1,0,0,2,0,0,0,2,0,2,0,0,0
641,motion,motion,no motion,motion,motion,motion,0,0,0,0,0,0,0,0,0,0,6,1,0,0,no device,no device,device detected,no device,device detected,no device,"('c1', 0)","('r21', 3)",10:40:30,5,1,0,0,0,0,2,1,1,1,0,0,1,2,1,3,0,10,2,0,3,1,6,0,1,0,0,2,0,0,0,2,0,2,0,1,0
642,motion,motion,no motion,motion,motion,motion,0,0,0,0,0,0,0,0,0,0,6,1,0,1,device detected,no device,device detected,device detected,device detected,no device,"('c2', 2)","('r27', 1)",10:40:45,5,1,0,0,0,1,1,0,1,1,0,0,1,1,2,3,0,10,2,0,3,1,6,0,1,0,1,2,0,0,0,1,0,2,0,2,0
643,motion,motion,motion,motion,motion,motion,0,0,0,0,0,3,0,0,0,0,6,1,1,0,device detected,device detected,device detected,no device,device detected,no device,"('r8', 0)","('r27', 0)",10:41:00,5,1,0,0,0,1,1,0,1,1,0,0,1,1,2,3,0,10,1,1,4,1,6,0,1,0,0,2,0,0,0,1,0,2,0,2,0
644,motion,motion,no motion,motion,motion,motion,0,0,1,0,0,2,0,0,0,0,6,1,0,0,device detected,no device,device detected,device detected,device detected,no device,"('c2', 3)","('r27', 0)",10:41:15,5,1,0,0,0,1,1,1,0,1,0,0,1,1,3,3,0,8,1,0,4,1,6,0,1,1,0,2,0,0,0,1,0,2,0,3,0
645,motion,no motion,no motion,motion,motion,motion,0,0,0,0,0,0,0,0,0,0,6,1,1,1,device detected,no device,device detected,device detected,device detected,no device,"('c1', 0)","('r26', 0)",10:41:30,5,1,0,0,0,1,1,1,1,1,0,0,1,1,3,3,0,8,0,1,4,1,6,0,1,0,1,2,0,0,0,1,0,2,0,2,0
646,motion,no motion,no motion,motion,motion,motion,0,0,0,0,0,1,0,1,0,0,6,2,1,0,device detected,no device,device detected,device detected,no device,no device,"('r14', 1)","('r20', 1)",10:41:45,4,2,0,0,0,1,1,0,1,1,0,0,1,1,3,3,0,9,0,1,4,1,6,0,1,0,0,2,0,0,0,1,0,2,1,2,0
647,motion,no motion,no motion,motion,motion,motion,0,0,0,0,0,0,0,0,1,0,6,2,1,0,device detected,no device,device detected,no device,no device,no device,"('r22', 1)","('r23', 6)",10:42:00,4,2,0,0,0,1,1,0,1,1,0,0,1,2,4,3,0,9,0,1,4,1,6,0,1,0,0,1,0,0,0,1,0,3,0,1,0
648,motion,no motion,no motion,motion,motion,motion,0,1,0,1,0,0,0,0,0,0,6,1,1,0,device detected,device detected,device detected,device detected,device detected,no device,"('r22', 2)","('r23', 6)",10:42:15,4,1,1,0,0,1,1,0,1,1,0,0,1,1,4,2,0,9,0,1,4,2,6,0,1,0,0,1,0,0,0,1,1,2,0,2,0
649,motion,no motion,no motion,motion,motion,motion,0,0,0,0,0,1,1,0,0,0,5,0,1,0,device detected,no device,device detected,device detected,device detected,no device,"('r24', 0)","('r20', 1)",10:42:30,4,1,0,0,0,1,1,0,1,1,0,1,0,2,4,2,0,10,0,1,4,1,6,0,1,0,0,1,0,0,0,1,1,2,1,1,0
650,motion,no motion,no motion,motion,motion,motion,0,0,0,0,0,0,1,1,1,0,6,1,1,1,device detected,no device,device detected,device detected,device detected,no device,"('r28', 1)","('r19', 0)",10:42:45,4,1,0,0,0,1,1,0,0,1,0,0,0,1,4,2,0,10,0,1,4,1,6,0,1,0,1,1,0,0,0,1,0,3,2,2,0
651,motion,no motion,motion,motion,no motion,motion,0,0,0,0,0,1,0,2,0,0,6,2,1,2,device detected,no device,device detected,device detected,device detected,no device,"('r34', 2)","('r19', 0)",10:43:00,3,2,0,0,0,1,2,0,0,1,0,0,1,1,4,2,0,9,0,1,5,1,6,0,1,0,2,1,0,0,0,1,1,2,0,1,0
652,motion,no motion,motion,motion,motion,motion,0,0,1,0,0,0,0,0,0,0,6,2,2,0,no device,device detected,device detected,device detected,no device,no device,"('r34', 2)","('r19', 0)",10:43:15,3,2,0,0,0,1,2,0,0,1,0,0,1,1,4,2,0,9,0,2,5,1,6,0,1,0,0,1,0,0,0,2,1,2,0,1,0
653,motion,motion,no motion,motion,motion,motion,0,1,0,0,0,0,0,0,0,0,5,2,2,0,device detected,no device,device detected,device detected,device detected,no device,"('r34', 3)","('r19', 1)",10:43:30,3,2,0,0,0,1,2,0,0,1,0,0,0,1,4,3,0,9,1,2,5,1,5,0,1,0,0,1,0,0,0,2,0,3,0,1,0
654,motion,motion,no motion,motion,motion,motion,0,0,1,0,0,2,0,0,0,0,5,2,0,1,no device,no device,device detected,device detected,device detected,no device,"('r28', 3)","('r20', 1)",10:43:45,3,2,0,0,0,1,2,0,0,1,0,0,0,1,4,3,0,9,1,1,4,1,5,0,1,1,1,3,0,0,0,2,0,1,0,1,0
655,motion,motion,no motion,motion,no motion,motion,0,0,0,0,0,0,1,1,0,1,5,2,0,3,device detected,no device,no device,device detected,device detected,no device,"('r28', 2)","('r19', 2)",10:44:00,3,2,0,0,0,1,2,0,0,1,0,0,0,0,4,3,0,9,2,0,4,2,5,0,1,0,3,2,0,0,0,2,0,1,1,0,0
656,motion,motion,no motion,motion,motion,motion,0,1,0,0,0,0,1,1,0,0,2,2,3,0,device detected,no device,device detected,no device,device detected,device detected,"('c1', 1)","('r20', 3)",10:44:15,3,2,0,0,0,1,1,0,0,1,0,0,0,1,4,2,0,9,2,3,4,1,2,0,1,1,1,2,0,0,0,2,0,1,1,3,0
657,motion,motion,motion,motion,motion,motion,0,0,2,0,0,1,1,0,0,0,2,2,1,0,device detected,no device,device detected,device detected,device detected,no device,"('r28', 2)","('r19', 2)",10:44:30,3,2,0,0,0,1,2,0,0,1,0,0,0,1,3,2,0,8,2,1,4,1,2,0,2,2,0,2,0,0,0,3,0,1,0,5,0
658,motion,motion,no motion,motion,motion,motion,0,1,0,0,0,0,1,1,0,0,2,2,1,2,no device,no device,device detected,no device,device detected,no device,"('r24', 0)","('r20', 1)",10:44:45,3,2,0,0,0,1,3,0,1,1,0,0,0,1,3,1,0,8,2,1,3,1,2,0,2,0,2,2,0,0,0,3,0,1,2,3,0
659,motion,motion,no motion,motion,motion,motion,0,0,0,0,0,0,3,1,0,0,2,2,1,1,device detected,no device,device detected,device detected,device detected,no device,"('r24', 0)","('r19', 2)",10:45:00,3,2,0,0,0,1,3,0,1,1,0,0,1,1,3,1,0,8,2,1,3,1,2,0,2,0,1,2,0,0,0,3,0,1,3,2,0
660,motion,motion,no motion,motion,motion,motion,0,1,0,0,0,1,0,0,0,0,2,2,1,0,device detected,no device,device detected,device detected,no device,no device,"('r28', 2)","('r19', 2)",10:45:15,3,2,0,0,0,1,4,0,1,1,0,0,0,1,3,2,0,7,2,1,3,1,2,0,2,1,0,2,0,0,0,3,0,1,3,2,0
661,motion,motion,no motion,motion,motion,motion,0,0,1,0,0,1,1,0,0,0,3,2,1,0,device detected,no device,device detected,device detected,device detected,no device,"('r28', 2)","('r19', 2)",10:45:30,3,2,0,0,0,1,4,1,1,1,0,0,0,1,3,2,0,8,2,1,3,1,3,0,2,0,0,2,0,0,0,3,0,1,2,1,0
662,motion,motion,no motion,motion,motion,motion,0,2,0,0,0,0,0,0,0,1,3,3,1,0,device detected,device detected,device detected,device detected,no device,no device,"('c1', 3)","('r19', 2)",10:45:45,2,3,0,0,0,1,4,0,1,1,0,0,0,1,3,3,0,8,2,1,3,1,3,0,2,0,0,1,0,0,0,3,0,1,3,1,0
663,motion,motion,no motion,motion,motion,motion,0,0,0,0,0,0,1,0,0,0,3,4,1,0,device detected,no device,device detected,device detected,device detected,no device,"('r28', 2)","('r19', 2)",10:46:00,1,4,0,0,0,1,4,0,1,1,0,0,0,1,3,3,0,8,2,1,3,1,3,0,2,0,0,2,0,0,0,3,0,0,2,2,0
664,motion,motion,no motion,motion,motion,motion,0,2,0,1,0,0,0,0,0,0,3,3,1,1,device detected,device detected,device detected,device detected,device detected,no device,"('r28', 2)","('r19', 2)",10:46:15,1,3,1,0,0,1,2,0,1,1,0,0,0,1,2,4,0,8,2,1,3,1,3,0,2,0,1,2,0,0,0,2,0,0,2,4,0
665,motion,motion,no motion,motion,motion,motion,0,0,0,0,0,3,1,2,0,0,2,3,2,1,device detected,no device,device detected,device detected,device detected,no device,"('c1', 1)","('r20', 2)",10:46:30,1,3,0,0,0,2,2,1,1,1,0,1,0,0,2,4,0,8,2,2,3,1,2,0,2,0,1,2,0,0,0,2,0,0,1,4,0
666,motion,motion,no motion,motion,no motion,motion,0,1,0,0,0,1,0,0,0,2,3,3,1,1,device detected,no device,device detected,device detected,device detected,no device,"('r28', 2)","('r23', 3)",10:46:45,1,3,0,0,0,2,2,1,1,1,0,0,0,0,2,5,0,9,2,1,3,1,3,0,2,0,1,2,0,0,0,2,0,0,1,3,0
667,motion,motion,no motion,motion,motion,motion,0,0,0,0,0,1,0,0,0,1,3,3,1,0,device detected,no device,device detected,device detected,no device,no device,"('r28', 3)","('r20', 1)",10:47:00,1,3,0,0,0,2,2,1,1,1,0,0,0,1,3,5,0,8,2,1,3,0,3,0,2,1,0,3,0,0,0,2,0,0,0,3,0
668,motion,motion,no motion,motion,no motion,motion,0,0,1,0,0,1,0,0,1,0,3,2,2,0,device detected,no device,device detected,device detected,no device,no device,"('c1', 1)","('r23', 3)",10:47:15,1,3,0,0,0,2,2,1,1,1,0,1,0,0,3,5,0,7,2,2,3,0,3,0,2,0,0,3,0,0,0,2,0,0,1,3,0
669,motion,motion,no motion,motion,no motion,motion,0,0,0,0,0,1,2,1,0,0,3,3,0,0,device detected,device detected,device detected,no device,no device,no device,"('c1', 0)","('r20', 0)",10:47:30,1,3,1,0,0,2,2,2,1,1,0,0,0,0,3,5,0,8,4,0,3,0,3,0,1,1,1,3,0,0,0,2,0,0,0,1,0
670,motion,motion,no motion,motion,no motion,motion,0,0,0,1,0,0,0,0,0,0,2,3,2,1,device detected,no device,device detected,device detected,no device,no device,"('r28', 3)","('r20', 2)",10:47:45,1,4,0,0,0,2,2,2,1,1,0,1,0,0,2,5,0,8,3,2,3,0,2,0,1,1,1,3,0,0,0,2,0,0,0,1,0
671,motion,motion,no motion,motion,no motion,motion,0,0,1,1,0,3,0,1,0,0,2,2,2,0,device detected,device detected,device detected,device detected,no device,no device,"('r24', 0)","('r20', 2)",10:48:00,2,2,1,0,0,2,2,2,1,1,0,1,0,0,2,5,0,7,2,2,3,0,2,0,2,1,0,2,0,0,0,2,0,1,1,2,0
672,motion,motion,motion,motion,no motion,motion,0,0,0,1,0,0,1,0,0,0,2,3,2,1,device detected,no device,device detected,device detected,no device,no device,"('r28', 1)","('r20', 2)",10:48:15,2,3,0,0,0,2,2,3,1,1,0,1,0,0,2,5,0,7,2,2,3,0,2,0,2,0,1,1,0,0,0,2,0,2,0,2,0
673,motion,motion,no motion,motion,no motion,motion,0,0,0,0,1,1,0,0,0,0,2,2,1,0,device detected,device detected,device detected,device detected,no device,no device,"('r28', 1)","('r23', 2)",10:48:30,3,2,1,0,0,2,2,3,1,1,0,0,0,0,2,5,1,6,2,2,4,0,2,0,2,0,0,1,0,0,0,2,0,2,0,2,0
674,motion,motion,no motion,motion,no motion,motion,0,0,0,1,2,1,1,0,0,0,2,3,2,0,device detected,no device,device detected,device detected,no device,no device,"('r34', 1)","('r20', 2)",10:48:45,3,3,0,0,0,2,2,2,1,1,0,1,0,0,2,5,1,5,2,2,4,0,2,0,2,0,0,2,0,0,0,2,0,1,1,2,0
675,motion,motion,no motion,motion,no motion,motion,0,0,0,0,1,0,1,1,0,1,2,4,2,1,device detected,device detected,device detected,no device,device detected,no device,"('r33', 0)","('r23', 2)",10:49:00,2,4,1,0,0,2,2,2,1,1,0,0,0,0,2,5,0,5,2,2,4,0,2,0,2,0,1,3,0,0,0,2,0,1,0,2,0
676,motion,motion,no motion,motion,no motion,motion,0,0,0,2,0,0,0,0,0,0,2,4,2,0,device detected,device detected,device detected,no device,no device,no device,"('r33', 0)","('r23', 2)",10:49:15,2,4,1,0,0,2,2,2,1,2,0,0,0,0,3,5,0,5,2,2,5,0,2,0,2,0,0,2,0,0,0,2,0,2,0,0,0
677,motion,motion,motion,motion,no motion,motion,0,0,0,0,0,0,0,0,0,0,2,3,2,0,device detected,no device,device detected,device detected,no device,no device,"('r34', 2)","('r23', 2)",10:49:30,3,3,0,0,0,2,2,2,1,2,0,1,0,0,3,5,0,5,2,2,5,0,2,0,1,1,0,2,0,0,0,2,0,2,0,0,0
678,motion,motion,no motion,motion,no motion,motion,0,0,1,0,0,0,0,0,0,0,2,3,1,1,device detected,no device,device detected,device detected,no device,no device,"('r28', 2)","('r23', 2)",10:49:45,3,3,0,0,0,2,2,2,1,2,0,0,0,0,3,5,0,5,2,1,5,0,2,0,1,1,1,2,0,0,0,2,1,1,0,1,0
679,motion,motion,no motion,motion,no motion,motion,0,0,1,0,0,1,1,1,0,0,2,3,2,2,no device,no device,device detected,no device,no device,no device,"('c1', 2)","('r23', 2)",10:50:00,3,3,0,0,0,2,2,2,1,2,0,0,0,0,3,5,0,4,2,2,4,0,2,0,0,0,2,2,0,0,0,2,1,1,2,1,0
680,motion,motion,no motion,motion,no motion,motion,0,0,0,0,1,0,1,2,0,0,2,3,1,2,no device,device detected,device detected,device detected,no device,no device,"('r14', 0)","('r20', 1)",10:50:15,3,3,0,0,0,2,2,1,1,2,0,0,0,0,2,5,1,4,3,1,4,0,2,0,0,0,2,2,0,0,0,2,1,1,1,3,0
681,motion,motion,no motion,motion,no motion,motion,0,2,0,0,0,0,1,0,0,0,2,3,1,1,no device,no device,device detected,device detected,no device,no device,"('r22', 0)","('r20', 1)",10:50:30,3,3,0,0,0,2,2,1,1,2,0,0,0,0,2,5,1,4,3,1,3,0,2,0,0,1,1,2,0,0,0,3,1,1,0,4,0
682,motion,motion,motion,motion,no motion,motion,0,0,1,1,1,0,1,1,0,0,2,2,2,0,no device,device detected,device detected,device detected,no device,no device,"('r14', 0)","('r23', 2)",10:50:45,3,2,1,0,0,2,2,2,1,2,0,0,0,0,3,5,0,4,3,2,3,0,2,0,0,0,0,2,0,0,0,3,0,2,0,4,0
683,motion,motion,no motion,motion,no motion,motion,0,0,0,0,0,1,0,0,0,0,3,3,1,0,no device,device detected,device detected,device detected,no device,no device,"('r14', 0)","('r23', 3)",10:51:00,2,3,1,0,0,2,2,4,1,2,0,0,0,0,3,5,0,5,3,1,3,0,3,0,0,0,0,2,0,0,0,3,0,2,0,1,0
684,motion,motion,motion,motion,no motion,motion,0,0,0,1,0,0,0,0,0,0,3,2,1,0,no device,device detected,device detected,device detected,device detected,no device,"('r14', 0)","('r23', 3)",10:51:15,2,2,2,0,0,2,2,5,1,2,0,0,0,0,3,5,0,5,3,1,3,0,3,0,0,0,0,1,0,0,0,3,0,3,0,0,0
685,motion,motion,motion,motion,no motion,motion,0,0,0,0,0,0,0,0,0,0,3,2,1,0,no device,device detected,device detected,device detected,no device,no device,"('c1', 0)","('r20', 1)",10:51:30,2,2,2,0,0,2,2,5,1,1,0,0,0,0,3,5,0,5,3,1,3,0,3,0,0,0,0,3,0,0,0,3,0,1,0,1,0
686,motion,motion,no motion,motion,no motion,motion,0,0,0,0,0,0,1,0,0,0,3,2,1,0,no device,device detected,device detected,device detected,no device,no device,"('r14', 0)","('r23', 3)",10:51:45,2,2,2,0,0,2,2,5,1,1,0,0,0,0,3,5,0,5,3,1,3,0,3,0,0,0,0,4,0,0,0,3,0,0,1,0,0
687,motion,motion,no motion,motion,no motion,motion,0,0,0,0,0,0,0,1,0,1,3,2,1,1,no device,device detected,device detected,device detected,no device,no device,"('r6', 2)","('r20', 1)",10:52:00,2,2,2,0,0,2,2,5,1,1,0,0,0,0,3,5,0,5,3,1,3,0,3,0,0,0,1,3,0,0,0,3,0,0,1,0,0
688,motion,motion,no motion,motion,no motion,motion,0,0,0,0,0,0,0,1,0,0,3,2,1,0,no device,device detected,device detected,device detected,no device,no device,"('r5', 0)","('r23', 3)",10:52:15,2,2,2,0,0,2,2,4,1,1,0,0,0,0,3,5,0,5,3,1,3,0,3,0,0,1,1,3,0,0,0,3,0,0,0,1,0
689,motion,motion,no motion,motion,no motion,motion,0,1,0,0,0,1,1,0,0,0,2,2,1,0,no device,device detected,no device,device detected,no device,no device,"('r5', 0)","('r20', 2)",10:52:30,2,2,2,0,0,2,2,4,1,1,0,0,0,0,3,4,0,4,3,2,3,0,2,0,0,1,0,3,0,1,0,3,0,0,1,2,0
690,motion,motion,no motion,motion,no motion,motion,0,0,1,0,0,0,1,1,0,1,2,2,2,1,no device,device detected,no device,device detected,no device,no device,"('r6', 2)","('r23', 2)",10:52:45,2,2,2,0,0,2,2,3,1,1,0,0,0,0,3,4,0,4,4,2,3,0,2,0,0,0,1,2,0,1,0,3,0,0,2,2,0
691,motion,motion,no motion,motion,motion,motion,0,0,0,0,0,0,0,1,1,0,3,2,1,1,no device,device detected,device detected,device detected,device detected,no device,"('r6', 2)","('r23', 3)",10:53:00,2,2,2,0,0,2,2,3,1,1,0,0,0,1,4,4,0,4,4,1,3,0,3,0,0,1,1,2,0,1,0,3,0,0,0,1,0
692,motion,motion,no motion,motion,no motion,motion,0,0,1,0,0,0,0,0,0,0,2,2,3,0,no device,device detected,device detected,no device,device detected,no device,"('r6', 2)","('r23', 2)",10:53:15,2,2,2,0,0,2,2,3,1,1,0,0,0,0,4,4,0,4,4,3,3,1,2,0,0,1,0,2,0,1,0,3,0,0,0,1,0
693,motion,motion,no motion,motion,no motion,motion,0,0,0,1,1,0,0,0,0,0,3,1,1,0,device detected,device detected,device detected,device detected,device detected,no device,"('r14', 0)","('r20', 1)",10:53:30,2,1,3,0,0,2,2,3,1,1,0,0,0,0,3,4,1,4,5,1,3,1,3,0,1,0,0,2,0,1,0,3,0,0,0,1,0
694,motion,motion,no motion,motion,motion,motion,0,1,0,0,0,0,0,0,0,0,3,1,1,0,device detected,device detected,device detected,device detected,device detected,no device,"('r6', 1)","('r23', 3)",10:53:45,2,1,3,0,0,1,2,4,1,1,0,0,0,2,3,3,1,4,5,1,3,0,3,0,1,0,0,2,0,1,0,3,0,0,0,1,0
695,motion,motion,no motion,motion,no motion,motion,0,1,0,1,0,0,0,0,2,0,4,2,0,0,no device,device detected,device detected,device detected,no device,no device,"('r14', 0)","('r23', 4)",10:54:00,2,2,2,0,0,1,2,3,0,1,0,0,0,0,3,4,1,4,5,0,3,0,4,0,1,0,0,2,0,1,0,3,0,0,2,2,0
696,motion,motion,no motion,motion,no motion,motion,0,0,0,0,0,1,1,1,0,0,4,2,0,1,device detected,device detected,device detected,device detected,no device,no device,"('c1', 0)","('r23', 4)",10:54:15,2,2,2,0,0,1,2,3,0,1,0,0,0,0,4,4,1,5,5,0,3,0,4,0,1,0,1,2,0,1,0,3,0,0,0,1,0
697,motion,motion,motion,motion,no motion,motion,0,0,0,0,0,0,0,0,0,0,3,2,1,0,device detected,device detected,device detected,device detected,no device,no device,"('r14', 0)","('r23', 3)",10:54:30,2,2,1,0,0,1,2,3,0,1,0,2,0,0,4,4,1,5,5,1,4,0,3,0,1,0,0,2,0,1,0,3,0,0,0,0,0
698,motion,motion,no motion,motion,no motion,motion,0,0,0,0,0,0,1,0,0,0,3,2,1,0,device detected,device detected,device detected,device detected,no device,no device,"('c1', 1)","('r20', 1)",10:54:45,2,2,2,0,0,1,2,3,0,1,0,0,0,0,4,4,1,5,5,1,4,0,3,0,1,0,0,2,0,1,0,3,0,0,1,0,0
699,motion,motion,no motion,motion,no motion,motion,0,0,0,1,0,0,0,1,0,0,3,3,1,1,no device,no device,device detected,device detected,no device,no device,"('r27', 1)","('r26', 0)",10:55:00,2,3,1,0,0,1,2,3,0,1,0,0,0,0,4,4,1,5,5,1,4,0,3,0,1,0,1,2,0,1,0,3,0,0,0,0,0
700,motion,motion,no motion,motion,no motion,motion,0,0,1,0,0,0,0,0,0,0,4,2,2,0,device detected,device detected,no device,device detected,no device,no device,"('r27', 0)","('r30', 1)",10:55:15,3,2,1,0,0,1,2,3,0,1,0,0,0,0,4,4,1,5,4,2,4,0,4,0,1,0,0,2,0,1,0,3,0,0,0,0,0
701,motion,motion,no motion,motion,motion,motion,0,0,0,0,0,0,0,0,0,0,4,2,2,0,device detected,device detected,device detected,device detected,no device,no device,"('r21', 4)","('r26', 0)",10:55:30,3,2,1,0,0,1,2,3,0,1,0,0,0,0,4,4,1,5,4,2,4,0,4,0,1,0,0,2,0,1,0,3,0,0,0,0,0
702,motion,motion,no motion,motion,motion,motion,0,0,1,0,0,0,0,0,0,0,4,2,1,0,device detected,device detected,device detected,device detected,no device,no device,"('r27', 0)","('r25', 1)",10:55:45,3,2,1,0,0,1,2,3,0,1,0,0,0,0,4,4,1,5,4,1,4,0,4,0,1,1,0,2,0,1,0,3,0,0,0,0,0
703,motion,motion,motion,motion,no motion,motion,0,0,0,0,0,0,0,0,0,0,4,2,1,1,no device,no device,device detected,device detected,no device,no device,"('c1', 0)","('r29', 1)",10:56:00,3,2,1,0,0,1,2,2,0,1,0,0,0,0,4,4,1,5,4,1,4,0,4,0,0,0,1,2,1,1,0,3,0,0,0,1,0
704,motion,motion,motion,motion,no motion,motion,0,0,0,0,0,0,0,0,0,0,4,2,1,0,no device,device detected,no device,no device,no device,no device,"('r28', 2)","('r29', 1)",10:56:15,3,2,1,0,0,1,2,2,0,1,1,0,0,0,4,4,1,5,4,1,5,0,4,0,0,0,0,2,1,1,0,3,0,0,0,0,0
705,motion,motion,no motion,motion,no motion,motion,0,0,0,0,0,0,0,0,0,0,4,2,1,0,no device,device detected,device detected,device detected,no device,no device,"('r24', 0)","('r30', 1)",10:56:30,3,2,1,0,0,1,2,2,0,1,0,0,0,0,4,4,1,5,4,1,5,0,4,0,0,1,0,2,0,1,0,3,0,0,0,1,0
706,motion,motion,motion,motion,no motion,motion,0,0,1,0,0,1,0,0,0,0,4,2,3,0,no device,device detected,device detected,no device,no device,no device,"('r24', 0)","('r29', 0)",10:56:45,3,2,1,0,0,1,2,2,0,1,0,0,0,0,4,4,1,6,3,3,5,0,4,0,0,0,0,2,0,1,0,3,0,0,0,0,0
707,motion,motion,no motion,motion,no motion,motion,0,0,1,0,0,0,0,0,0,0,5,2,1,0,no device,device detected,device detected,device detected,no device,no device,"('r28', 2)","('r30', 1)",10:57:00,3,2,1,0,0,1,2,2,0,1,0,0,0,0,4,4,1,6,3,1,5,0,5,0,0,1,0,2,0,1,0,3,0,0,0,0,0
708,motion,motion,motion,motion,motion,motion,0,0,0,1,0,0,0,0,0,0,5,2,1,3,no device,device detected,device detected,device detected,device detected,no device,"('c1', 0)","('r29', 0)",10:57:15,2,2,2,0,0,1,2,2,0,1,0,0,0,0,4,4,1,6,3,1,5,0,5,0,0,0,3,2,0,1,0,1,0,0,0,0,0
709,motion,motion,no motion,motion,no motion,motion,0,0,0,0,0,0,0,1,0,0,4,2,2,1,no device,device detected,device detected,device detected,no device,no device,"('c1', 1)","('r29', 0)",10:57:30,2,2,1,0,0,1,2,2,0,1,0,1,0,0,4,4,1,6,3,2,6,0,4,0,0,0,1,2,0,1,0,1,0,0,1,0,0
710,motion,motion,no motion,motion,no motion,motion,0,1,0,0,0,0,1,0,0,0,5,2,1,1,no device,device detected,device detected,device detected,no device,no device,"('c1', 0)","('r30', 1)",10:57:45,2,2,1,0,0,1,2,2,0,1,0,0,0,0,4,3,1,6,3,1,6,0,5,0,0,0,1,2,0,1,0,1,0,0,0,3,0
711,motion,motion,no motion,motion,no motion,motion,0,0,0,0,0,1,1,0,0,0,5,2,1,1,no device,device detected,device detected,device detected,no device,no device,"('r14', 0)","('r30', 1)",10:58:00,2,2,1,0,0,1,2,2,0,1,0,0,0,0,5,3,1,5,3,1,6,0,5,0,0,0,1,2,0,1,0,1,0,0,1,2,0
712,motion,motion,no motion,motion,motion,motion,0,0,0,0,0,5,0,1,0,0,5,2,1,2,no device,device detected,device detected,no device,no device,no device,"('r6', 1)","('r26', 0)",10:58:15,2,2,1,0,0,1,2,2,0,1,0,0,0,0,4,3,1,1,3,1,6,0,5,0,0,0,2,2,0,1,0,1,0,0,0,7,0
713,motion,motion,motion,motion,motion,motion,0,1,0,0,0,3,0,0,0,0,5,2,1,3,no device,device detected,device detected,device detected,no device,no device,"('r4', 0)","('r20', 1)",10:58:30,2,2,1,0,0,1,2,2,0,0,0,0,0,0,4,2,1,4,3,1,4,0,5,0,0,1,3,2,0,1,0,1,0,0,0,6,0
714,motion,motion,no motion,motion,no motion,motion,0,0,1,0,0,2,1,1,0,0,5,2,2,1,no device,device detected,device detected,device detected,no device,no device,"('r4', 0)","('r19', 3)",10:58:45,2,2,1,0,0,1,2,3,0,0,0,0,1,0,4,2,1,2,3,2,4,0,5,0,0,0,1,2,0,1,0,2,0,0,0,7,0
715,motion,motion,no motion,motion,no motion,motion,0,1,1,0,0,0,0,0,0,0,5,3,0,2,no device,device detected,device detected,no device,no device,no device,"('r6', 1)","('r19', 4)",10:59:00,1,3,1,0,0,1,2,4,0,0,0,0,1,0,5,1,1,2,4,0,3,0,5,0,0,1,2,2,0,1,0,2,0,0,0,6,0
716,motion,motion,no motion,motion,no motion,motion,0,1,0,1,0,0,0,0,0,0,5,2,1,2,no device,device detected,device detected,device detected,no device,no device,"('r6', 1)","('r20', 1)",10:59:15,1,2,2,0,0,1,2,10,0,0,0,0,1,0,5,0,1,2,3,1,4,0,5,0,0,0,2,2,0,1,0,2,0,0,0,1,0
717,motion,motion,motion,motion,no motion,motion,0,0,1,0,1,0,0,1,0,0,5,2,0,2,no device,device detected,device detected,device detected,no device,no device,"('r6', 1)","('r26', 1)",10:59:30,1,2,1,0,0,1,2,10,0,0,0,1,1,0,5,0,0,2,3,0,4,0,5,0,0,1,2,2,0,1,0,1,0,0,1,2,0
718,motion,motion,no motion,motion,no motion,motion,0,0,0,0,0,1,1,0,0,0,5,2,0,2,no device,device detected,device detected,device detected,no device,no device,"('r5', 0)","('r20', 0)",10:59:45,1,2,2,0,0,1,2,10,0,1,0,0,1,0,5,0,0,3,3,0,4,0,5,0,0,1,2,1,0,1,0,1,0,1,0,1,0
719,motion,motion,motion,no motion,no motion,motion,0,0,1,1,0,0,0,0,0,0,5,3,1,1,no device,device detected,device detected,device detected,no device,no device,"('r6', 1)","('r23', 5)",11:00:00,1,3,1,0,0,1,2,10,0,1,0,1,1,0,5,0,0,3,3,1,4,0,5,0,0,0,2,1,0,1,0,1,0,1,0,0,0
720,motion,motion,no motion,motion,no motion,motion,0,0,0,0,0,0,0,0,0,0,5,2,0,1,no device,device detected,device detected,device detected,no device,no device,"('r14', 0)","('r23', 5)",11:00:15,2,2,2,0,0,1,2,10,0,1,0,0,1,0,5,0,0,3,4,0,4,0,5,0,0,0,1,1,0,1,0,2,0,1,0,0,0
721,motion,motion,no motion,motion,no motion,motion,0,0,0,0,0,0,0,0,0,0,5,2,1,2,no device,no device,device detected,device detected,no device,no device,"('r6', 1)","('r23', 5)",11:00:30,2,2,2,0,0,1,2,10,0,1,0,0,1,0,4,0,0,3,3,1,4,0,5,0,0,0,2,1,0,1,0,1,0,1,0,1,0
722,motion,motion,no motion,motion,motion,motion,0,0,0,0,0,0,0,0,0,0,5,2,1,1,no device,device detected,device detected,device detected,no device,device detected,"('r14', 0)","('r20', 1)",11:00:45,2,2,2,0,0,1,2,10,0,1,0,0,1,0,4,0,0,3,3,1,4,0,5,0,0,1,1,1,0,1,0,1,0,1,0,1,0
723,motion,motion,no motion,motion,no motion,motion,0,0,0,0,0,0,0,0,0,0,4,2,2,0,no device,device detected,device detected,device detected,no device,no device,"('r14', 0)","('r23', 4)",11:01:00,2,2,2,0,0,1,2,10,0,1,0,0,1,0,4,0,0,3,3,2,4,0,4,0,0,1,0,2,0,2,0,1,0,0,0,1,0
724,motion,motion,motion,no motion,no motion,motion,0,0,0,0,0,0,1,0,0,0,4,2,2,0,no device,device detected,no device,device detected,no device,no device,"('c1', 1)","('r23', 4)",11:01:15,2,2,2,0,0,1,2,10,0,1,0,0,1,0,4,0,0,3,3,2,4,0,4,0,0,0,0,2,0,3,0,1,0,0,1,0,0
725,motion,motion,no motion,motion,no motion,motion,0,0,0,0,0,0,0,1,0,0,5,2,1,1,device detected,device detected,device detected,no device,no device,no device,"('r14', 0)","('r23', 5)",11:01:30,2,2,2,0,0,1,2,10,0,1,0,0,1,0,4,0,0,3,3,1,4,0,5,0,0,0,1,2,0,3,0,1,0,0,0,0,0
726,motion,motion,no motion,motion,no motion,motion,0,0,0,0,0,0,0,0,0,0,5,1,0,0,no device,device detected,device detected,device detected,no device,no device,"('r14', 0)","('r23', 5)",11:01:45,2,2,2,0,0,1,2,10,0,1,0,0,1,0,4,0,0,3,3,1,4,0,5,0,0,1,0,2,0,3,0,1,0,0,0,0,0
727,motion,motion,motion,motion,motion,motion,0,0,0,0,0,0,0,0,0,0,5,2,1,1,no device,device detected,device detected,device detected,no device,no device,"('r14', 0)","('r20', 1)",11:02:00,2,2,2,0,0,1,1,10,0,1,0,0,1,0,3,0,0,3,3,1,3,0,5,0,0,0,1,2,0,4,0,1,0,0,0,2,0
728,motion,motion,no motion,motion,no motion,motion,0,0,0,0,0,0,0,0,0,0,3,2,2,0,no device,device detected,no device,device detected,no device,no device,"('r22', 0)","('r19', 3)",11:02:15,2,2,2,0,0,1,1,6,0,1,0,0,0,0,2,0,0,3,3,2,3,0,4,0,0,0,0,2,0,4,0,2,0,0,0,8,0
729,motion,motion,no motion,motion,no motion,motion,0,0,1,0,0,0,1,0,0,0,4,2,1,0,no device,device detected,device detected,device detected,no device,no device,"('r14', 0)","('r20', 1)",11:02:30,2,2,2,0,0,1,1,5,0,1,0,0,0,0,1,0,0,3,3,1,3,0,4,0,0,1,0,2,0,4,0,2,0,0,1,9,0
730,motion,motion,no motion,motion,no motion,motion,0,0,0,2,0,0,2,1,0,0,4,2,1,1,no device,device detected,device detected,device detected,no device,no device,"('c1', 2)","('r26', 0)",11:02:45,2,2,2,0,0,1,1,5,1,1,0,0,0,0,1,0,0,3,3,1,3,0,4,0,0,0,2,2,0,4,0,2,0,0,2,6,0
731,motion,motion,motion,motion,no motion,no motion,0,0,0,0,0,0,0,2,1,1,3,2,2,1,no device,device detected,device detected,device detected,no device,no device,"('r14', 1)","('r30', 4)",11:03:00,2,2,1,0,0,1,1,5,1,1,0,1,0,1,1,0,0,3,3,2,3,0,3,0,0,1,1,1,0,4,0,2,0,0,2,6,0
732,motion,motion,motion,motion,no motion,motion,0,0,1,0,0,0,1,1,0,0,3,2,3,1,device detected,device detected,no device,no device,no device,device detected,"('r14', 0)","('r29', 1)",11:03:15,2,2,1,0,0,2,1,5,1,1,0,1,0,0,1,0,0,3,3,3,4,0,3,0,0,0,1,1,1,3,0,2,0,0,0,7,0
733,motion,motion,no motion,motion,motion,no motion,0,0,0,0,0,0,0,0,0,0,4,2,2,0,no device,device detected,device detected,device detected,no device,no device,"('r14', 0)","('r25', 0)",11:03:30,2,2,2,1,0,1,1,6,2,1,0,1,0,0,1,0,0,3,3,2,4,0,4,0,0,1,0,1,0,4,0,2,0,0,0,4,0
734,motion,motion,no motion,motion,no motion,motion,0,0,0,1,0,0,0,0,0,0,5,4,1,0,no device,device detected,device detected,device detected,no device,no device,"('c1', 0)","('r29', 0)",11:03:45,1,4,2,1,0,1,0,7,2,1,0,0,0,0,0,0,0,3,3,1,4,0,5,0,0,0,0,1,0,5,0,2,0,0,0,5,0
735,motion,motion,no motion,motion,no motion,no motion,0,0,1,0,0,0,1,0,0,1,4,4,2,1,no device,device detected,device detected,device detected,no device,no device,"('r28', 0)","('r29', 0)",11:04:00,1,4,2,1,0,1,0,7,2,1,0,0,0,0,0,0,0,3,2,2,4,0,4,0,0,1,1,0,0,5,0,1,0,0,0,6,0
736,motion,motion,motion,motion,no motion,no motion,0,0,0,0,0,1,0,1,0,0,3,4,3,0,no device,device detected,device detected,device detected,no device,no device,"('r28', 0)","('r30', 5)",11:04:15,1,4,2,1,0,1,1,8,2,1,0,0,0,0,0,0,0,4,2,3,4,0,3,0,0,0,0,0,0,5,0,2,0,0,1,3,0
737,no motion,motion,no motion,motion,no motion,no motion,0,0,0,0,0,1,2,0,0,0,4,4,0,0,no device,device detected,device detected,no device,no device,no device,"('c1', 0)","('r26', 0)",11:04:30,1,4,2,1,0,1,1,7,2,1,0,0,0,0,0,0,0,5,4,0,4,0,4,0,0,0,0,0,0,5,0,2,0,0,0,4,0
738,motion,motion,no motion,motion,motion,no motion,0,0,0,0,0,0,1,0,0,0,3,4,1,0,no device,no device,device detected,device detected,no device,no device,"('c2', 2)","('r27', 0)",11:04:45,1,4,2,1,0,1,1,7,2,1,0,1,0,0,0,0,0,5,4,1,4,0,3,0,0,0,0,0,0,5,0,2,0,0,1,2,0
739,no motion,motion,no motion,motion,no motion,no motion,0,0,1,0,0,1,0,1,0,0,3,5,0,1,no device,device detected,device detected,device detected,no device,no device,"('r12', 0)","('r26', 1)",11:05:00,0,5,3,1,0,1,1,7,2,1,0,0,0,0,0,0,0,4,4,0,4,0,3,0,0,1,1,0,0,5,0,2,0,0,0,3,0
740,no motion,motion,no motion,motion,motion,no motion,0,0,0,1,0,0,1,0,0,0,3,6,0,1,no device,device detected,device detected,device detected,no device,no device,"('r3', 2)","('r27', 1)",11:05:15,0,6,2,1,0,1,1,7,2,1,0,0,0,0,0,0,0,4,4,0,5,0,3,0,0,0,1,0,0,5,0,2,0,0,1,2,0
741,motion,motion,no motion,motion,motion,motion,0,0,0,0,0,0,0,1,1,0,3,5,0,0,device detected,device detected,device detected,device detected,no device,no device,"('r12', 0)","('r21', 5)",11:05:30,1,5,2,1,0,1,1,7,2,1,0,0,0,1,0,0,0,4,4,0,5,0,3,0,0,1,0,0,0,4,0,2,0,0,1,2,0
742,motion,motion,no motion,motion,motion,no motion,0,0,0,0,0,1,1,0,0,0,3,5,0,0,no device,device detected,device detected,device detected,no device,no device,"('r3', 2)","('r21', 5)",11:05:45,1,5,2,1,0,0,1,7,2,1,0,0,0,2,0,0,0,5,4,0,5,0,3,0,0,1,0,0,0,4,0,2,0,0,0,2,0
743,motion,motion,no motion,motion,motion,no motion,0,1,0,0,0,0,0,0,1,0,3,5,0,0,no device,device detected,device detected,device detected,no device,no device,"('r2', 5)","('r27', 1)",11:06:00,1,5,2,0,0,1,1,7,2,1,0,0,0,1,0,1,0,5,4,0,5,0,3,0,0,0,1,0,0,4,0,2,0,0,1,1,0
744,motion,motion,motion,motion,motion,no motion,0,0,0,0,0,0,0,1,0,0,3,5,0,2,no device,device detected,device detected,device detected,no device,no device,"('r1', 1)","('r27', 2)",11:06:15,1,5,2,0,0,1,1,7,2,1,0,0,0,1,0,1,0,5,4,0,5,0,3,0,0,0,2,0,0,4,0,2,0,0,0,1,0
745,motion,motion,no motion,motion,motion,no motion,0,0,0,0,0,0,0,0,0,0,3,5,0,1,no device,device detected,device detected,device detected,no device,no device,"('r2', 5)","('r21', 5)",11:06:30,1,5,2,0,0,1,1,6,2,1,0,0,0,1,0,1,0,5,4,0,5,0,3,0,0,1,1,0,0,4,0,2,0,0,0,2,0
746,motion,motion,no motion,motion,no motion,no motion,0,1,1,0,0,0,0,0,0,0,3,5,1,1,no device,device detected,device detected,device detected,no device,no device,"('r3', 1)","('r27', 1)",11:06:45,1,5,1,0,0,1,1,6,2,1,0,1,0,1,0,0,0,5,4,1,5,0,3,0,0,1,1,0,0,3,0,2,0,0,0,3,0
747,motion,motion,no motion,motion,motion,no motion,0,0,0,1,0,0,0,0,0,0,2,4,1,1,no device,device detected,device detected,device detected,no device,no device,"('r12', 0)","('r26', 0)",11:07:00,1,4,2,0,0,1,1,7,1,1,0,0,0,1,0,0,0,5,5,1,6,0,2,0,0,0,1,0,0,3,0,2,0,0,0,4,0
748,motion,motion,motion,motion,motion,no motion,0,0,1,1,0,0,1,1,0,0,2,3,0,0,no device,device detected,device detected,no device,no device,no device,"('c2', 3)","('r20', 0)",11:07:15,1,3,3,0,0,1,1,7,1,1,0,0,0,1,0,0,0,5,5,0,6,0,2,0,0,2,0,0,0,2,0,2,0,0,2,3,0
749,motion,motion,motion,motion,motion,no motion,0,0,0,0,0,0,1,0,1,0,2,3,0,1,no device,no device,device detected,device detected,no device,no device,"('r17', 0)","('r26', 0)",11:07:30,1,3,3,0,0,1,1,7,1,1,0,0,0,2,1,0,0,5,5,0,6,0,2,0,0,0,1,0,0,3,0,2,0,0,0,3,0
750,motion,motion,no motion,motion,motion,no motion,0,0,0,0,0,0,0,1,0,0,2,3,1,1,no device,device detected,device detected,device detected,no device,no device,"('r17', 0)","('r30', 3)",11:07:45,1,3,3,0,0,1,2,7,1,1,0,0,0,2,2,0,0,5,4,1,6,0,2,0,0,0,1,0,0,3,0,1,0,0,1,1,0
751,motion,motion,no motion,motion,motion,no motion,0,0,0,0,0,0,1,0,0,0,2,3,1,1,no device,device detected,device detected,device detected,no device,no device,"('c2', 4)","('r29', 0)",11:08:00,1,3,3,0,0,1,2,6,1,1,0,0,0,2,1,0,0,5,4,1,6,0,2,0,0,0,1,0,0,3,0,1,0,0,0,4,0
752,motion,motion,no motion,motion,motion,no motion,0,0,0,0,0,1,0,2,0,0,2,3,0,0,no device,device detected,device detected,device detected,no device,no device,"('r16', 0)","('r29', 0)",11:08:15,1,3,3,0,0,1,2,6,1,1,0,0,1,2,1,0,0,6,5,0,6,0,2,0,0,0,0,0,0,3,0,1,0,0,1,2,0
753,motion,motion,no motion,motion,motion,no motion,0,0,0,0,0,1,0,0,1,0,2,3,0,2,no device,device detected,device detected,device detected,no device,no device,"('c2', 5)","('r29', 0)",11:08:30,1,3,3,0,0,1,2,5,1,1,0,0,1,3,0,0,0,5,5,0,4,0,2,0,0,0,2,0,0,3,0,1,0,0,0,5,0
754,motion,motion,no motion,motion,motion,motion,0,0,0,0,0,1,0,3,0,1,2,3,0,0,no device,device detected,device detected,device detected,no device,device detected,"('r11', 0)","('r30', 3)",11:08:45,1,3,3,0,0,2,2,7,1,1,0,0,1,2,0,0,0,4,5,0,4,0,2,0,0,0,0,1,0,3,0,1,0,0,1,4,0
755,motion,motion,no motion,motion,motion,no motion,0,0,0,0,0,0,0,0,2,1,2,3,0,0,no device,device detected,device detected,device detected,no device,no device,"('c2', 3)","('r29', 0)",11:09:00,1,3,3,0,0,2,1,7,2,2,0,0,1,2,0,0,0,4,5,0,4,0,2,0,0,0,0,0,0,3,0,1,0,0,2,3,0
756,motion,motion,no motion,motion,motion,no motion,0,1,0,0,0,0,0,0,0,0,2,3,0,0,no device,no device,device detected,device detected,no device,no device,"('r17', 0)","('r30', 3)",11:09:15,1,3,3,0,0,2,1,7,2,2,0,0,1,2,0,1,0,4,5,0,4,0,2,0,0,0,0,0,0,3,0,1,0,0,2,2,0
757,motion,motion,no motion,motion,motion,no motion,0,0,0,0,0,0,0,0,1,0,2,3,2,0,no device,device detected,device detected,no device,no device,device detected,"('r17', 0)","('r26', 0)",11:09:30,1,3,3,0,1,0,1,8,3,2,0,0,1,4,0,1,0,4,3,2,4,0,2,0,0,0,0,0,0,3,0,1,0,0,1,0,0
758,motion,motion,no motion,motion,motion,no motion,0,0,0,0,0,0,0,0,1,0,2,3,2,0,no device,device detected,device detected,no device,no device,no device,"('c2', 2)","('r30', 3)",11:09:45,1,3,3,0,1,0,1,8,1,2,0,0,1,5,0,1,0,4,3,2,4,0,2,0,0,0,0,0,0,3,0,1,0,0,0,2,0
759,motion,motion,no motion,motion,motion,no motion,0,0,0,0,0,2,1,0,1,0,2,3,2,0,no device,device detected,device detected,no device,no device,no device,"('r8', 8)","('r29', 0)",11:10:00,1,3,3,0,1,0,1,8,1,2,0,0,0,4,0,1,0,4,3,2,4,0,2,0,0,0,0,0,0,3,0,1,0,0,2,2,0
760,motion,motion,motion,motion,motion,no motion,0,0,0,0,0,0,1,1,0,0,2,3,2,1,no device,device detected,device detected,no device,no device,no device,"('c2', 2)","('r30', 3)",11:10:15,1,3,3,0,1,0,1,9,1,2,0,0,0,4,0,1,0,4,3,2,4,0,2,0,0,0,1,0,0,3,0,1,0,0,0,2,0
761,motion,motion,no motion,motion,motion,no motion,0,1,0,1,0,0,0,0,0,0,2,4,2,0,no device,device detected,device detected,no device,no device,no device,"('r9', 1)","('r26', 1)",11:10:30,1,4,2,0,1,0,1,9,1,2,0,0,0,4,0,2,0,4,3,2,4,0,2,0,0,1,0,0,0,3,0,1,0,0,0,1,0
762,motion,motion,no motion,motion,motion,no motion,0,1,1,0,0,0,0,0,0,0,2,4,4,0,no device,device detected,device detected,no device,no device,no device,"('r9', 1)","('r27', 0)",11:10:45,1,4,2,0,1,0,1,10,1,2,0,0,0,4,0,1,0,4,2,4,4,0,2,0,0,0,0,0,0,3,0,1,0,0,0,1,0
763,motion,motion,motion,motion,motion,no motion,0,0,0,0,0,0,0,0,0,0,3,4,4,0,no device,no device,device detected,no device,no device,no device,"('c2', 1)","('r21', 4)",11:11:00,1,4,2,0,1,0,1,9,1,2,0,1,0,4,0,1,0,4,1,4,4,0,3,0,0,0,0,0,0,3,0,1,0,0,0,1,0
764,motion,motion,no motion,motion,motion,no motion,0,0,0,1,0,0,0,0,0,0,4,3,3,0,no device,device detected,device detected,no device,no device,no device,"('r8', 10)","('r27', 0)",11:11:15,1,3,3,0,1,0,1,10,1,2,0,0,0,4,0,1,0,4,1,3,4,0,4,0,0,0,0,0,0,3,0,1,0,0,0,1,0
765,motion,no motion,no motion,motion,motion,no motion,0,0,0,0,0,0,0,0,0,0,4,3,3,0,no device,device detected,device detected,no device,no device,no device,"('r8', 11)","('r26', 0)",11:11:30,1,3,3,0,1,0,1,11,1,2,0,0,0,4,0,1,0,4,1,3,4,0,4,0,0,0,0,0,0,3,0,1,0,0,0,0,0
766,motion,motion,motion,motion,motion,no motion,0,0,0,0,0,0,0,0,0,0,4,3,3,0,no device,device detected,device detected,no device,no device,no device,"('c2', 1)","('r27', 0)",11:11:45,1,3,3,0,1,0,1,11,1,1,0,0,0,4,0,1,0,4,1,3,4,0,4,0,0,0,0,0,0,3,0,1,0,0,0,1,0
767,motion,motion,no motion,motion,motion,no motion,0,0,0,0,0,0,0,0,0,0,4,3,3,0,no device,device detected,device detected,no device,no device,no device,"('r17', 0)","('r32', 1)",11:12:00,1,3,3,0,1,0,1,10,1,1,0,0,0,4,1,1,0,4,1,3,4,0,4,0,0,0,0,0,0,3,0,1,0,0,0,1,0
768,motion,motion,motion,motion,motion,no motion,0,2,0,1,0,0,1,0,0,0,5,2,2,0,no device,device detected,device detected,no device,no device,no device,"('r17', 0)","('r31', 0)",11:12:15,1,2,4,0,1,0,1,9,1,1,0,0,0,4,1,0,0,4,1,2,4,0,5,0,0,0,0,0,0,3,0,1,0,0,1,2,0
769,no motion,motion,no motion,motion,motion,no motion,0,0,0,0,0,2,1,1,0,0,5,2,2,1,no device,device detected,device detected,no device,no device,no device,"('r17', 0)","('r32', 1)",11:12:30,1,2,3,0,1,0,1,8,1,1,0,1,0,4,1,0,0,5,1,2,4,0,5,0,0,0,1,0,0,3,0,1,0,0,1,1,0
770,motion,motion,motion,motion,motion,motion,0,0,0,0,1,0,0,0,0,1,7,2,0,0,device detected,device detected,device detected,no device,no device,no device,"('r17', 1)","('r31', 0)",11:12:45,1,2,3,0,1,0,1,7,1,1,0,0,0,4,1,0,1,5,1,0,5,0,7,0,0,0,0,1,0,3,0,1,0,0,0,2,0
771,motion,motion,motion,motion,motion,motion,0,0,0,0,0,0,2,0,0,0,7,1,0,1,no device,device detected,device detected,no device,no device,no device,"('c2', 1)","('r32', 1)",11:13:00,1,2,3,0,1,0,1,6,1,1,0,0,0,4,1,0,1,5,1,0,4,0,7,0,0,0,1,0,0,3,0,1,0,1,2,1,0
772,motion,motion,no motion,motion,motion,motion,0,0,0,0,0,1,1,2,1,0,7,2,0,2,no device,device detected,device detected,no device,device detected,no device,"('r11', 0)","('r32', 1)",11:13:15,1,2,3,0,1,0,1,6,0,1,0,0,0,4,1,0,1,4,1,0,4,1,7,0,0,1,2,0,0,3,0,1,0,1,0,2,0
773,motion,motion,no motion,motion,motion,no motion,0,0,1,0,0,0,1,0,2,0,8,2,0,0,no device,device detected,device detected,no device,device detected,no device,"('r11', 1)","('r31', 0)",11:13:30,1,2,3,0,1,0,1,6,0,1,1,0,0,3,0,0,1,4,1,0,4,1,8,0,0,2,0,0,0,3,0,1,0,1,2,1,0
774,motion,motion,no motion,motion,motion,motion,0,0,1,1,1,0,1,1,2,0,8,3,1,0,no device,device detected,device detected,no device,device detected,no device,"('r11', 1)","('r31', 0)",11:13:45,1,3,2,0,1,0,1,7,0,1,1,0,0,2,0,0,0,4,1,1,5,1,8,0,0,0,0,0,0,4,0,1,0,1,1,2,0
775,motion,motion,no motion,motion,motion,no motion,0,0,0,0,0,0,1,1,0,0,9,3,0,2,no device,no device,device detected,no device,device detected,no device,"('c2', 1)","('r32', 1)",11:14:00,1,3,2,0,1,0,1,7,0,0,1,0,0,2,1,0,0,4,1,0,4,1,9,0,0,0,2,0,0,4,0,1,0,1,1,1,0
776,motion,motion,motion,motion,motion,no motion,0,0,0,0,0,0,1,1,0,0,9,3,0,0,no device,device detected,device detected,no device,device detected,no device,"('r11', 1)","('r27', 0)",11:14:15,1,3,2,0,1,0,1,6,0,0,1,0,0,2,1,0,0,4,1,0,5,1,9,0,0,3,0,0,1,2,0,1,0,1,1,1,0
777,motion,motion,no motion,motion,motion,no motion,0,0,2,0,0,2,0,1,0,0,9,3,2,2,no device,device detected,device detected,device detected,device detected,no device,"('r11', 1)","('r21', 5)",11:14:30,1,3,2,0,1,0,1,4,0,0,1,0,0,2,1,0,0,3,1,2,5,1,9,0,0,0,2,0,0,3,0,1,0,1,0,4,0
778,motion,motion,no motion,motion,motion,motion,0,0,1,0,0,0,0,1,0,0,8,3,1,0,no device,no device,device detected,no device,device detected,no device,"('c2', 5)","('r21', 5)",11:14:45,1,3,2,0,1,0,0,4,0,0,1,0,0,2,1,0,0,3,3,2,5,1,8,0,0,1,0,1,0,2,0,1,0,0,1,5,0
779,motion,motion,no motion,motion,motion,motion,0,0,0,0,0,1,1,0,0,0,8,3,2,1,no device,device detected,device detected,device detected,device detected,no device,"('r18', 2)","('r21', 5)",11:15:00,1,3,2,0,1,1,0,4,0,0,1,0,0,1,1,0,0,2,3,2,5,1,8,0,0,0,1,1,0,2,0,1,0,0,0,7,0
780,motion,motion,no motion,motion,motion,motion,0,1,0,0,0,0,2,1,0,0,8,3,2,1,no device,device detected,device detected,no device,no device,no device,"('c2', 3)","('r27', 1)",11:15:15,1,3,2,0,1,0,3,3,0,0,1,0,0,3,2,1,0,2,2,3,4,0,8,0,0,0,1,1,0,2,0,1,0,0,1,3,0
781,motion,motion,no motion,motion,motion,motion,0,1,1,0,0,0,1,1,1,0,8,3,1,1,no device,no device,device detected,device detected,no device,no device,"('r8', 3)","('r32', 2)",11:15:30,1,3,2,0,0,1,3,3,0,0,1,0,0,2,2,2,0,2,2,2,4,0,8,0,0,1,1,1,0,2,0,2,0,0,2,1,0
782,motion,motion,no motion,motion,motion,motion,0,1,0,0,0,0,0,2,0,0,9,3,1,4,no device,device detected,device detected,device detected,no device,no device,"('c2', 1)","('r31', 0)",11:15:45,1,3,2,0,0,1,4,3,0,0,1,0,0,2,2,1,0,2,2,1,4,0,9,0,0,0,4,1,0,2,0,2,0,0,0,1,0
783,motion,motion,motion,motion,motion,motion,0,0,0,1,0,0,0,2,0,0,9,2,2,0,no device,no device,device detected,device detected,no device,no device,"('r17', 0)","('r31', 0)",11:16:00,1,2,3,0,0,1,4,3,0,1,1,0,0,2,2,1,0,2,1,2,4,0,9,0,0,1,0,0,0,2,0,3,0,1,2,0,0
784,motion,motion,no motion,motion,motion,no motion,0,0,1,0,0,1,1,0,1,0,8,2,0,0,no device,device detected,device detected,no device,device detected,no device,"('r17', 0)","('r32', 3)",11:16:15,1,2,3,0,0,1,3,3,0,0,1,0,0,2,2,1,0,3,2,0,4,1,9,0,0,1,0,0,0,3,0,3,0,1,0,2,0
785,no motion,no motion,no motion,motion,motion,no motion,0,0,0,0,0,0,0,0,0,0,8,3,1,1,no device,no device,device detected,device detected,device detected,no device,"('c2', 3)","('r31', 0)",11:16:30,0,3,3,0,0,1,3,3,0,0,1,0,0,2,1,1,0,3,2,1,4,0,8,0,0,0,1,1,0,3,0,3,0,0,0,3,1
786,no motion,motion,motion,motion,motion,no motion,0,0,0,0,0,0,1,0,0,1,9,3,0,0,no device,device detected,device detected,device detected,no device,no device,"('r13', 0)","('r31', 0)",11:16:45,0,3,3,0,0,1,3,3,0,0,1,0,0,2,1,1,0,3,2,0,4,0,9,0,0,0,0,0,0,3,0,4,0,0,2,2,1
787,no motion,motion,no motion,motion,motion,motion,0,0,0,0,0,4,0,2,0,1,9,3,0,1,no device,device detected,device detected,device detected,no device,no device,"('c2', 4)","('r31', 1)",11:17:00,0,3,3,0,0,1,3,3,0,0,1,0,0,2,1,1,0,1,2,0,3,0,9,0,0,0,1,0,0,3,1,3,0,1,1,4,1
788,no motion,motion,no motion,motion,motion,no motion,0,0,0,0,0,3,0,0,0,0,8,3,0,1,no device,device detected,no device,no device,no device,no device,"('c2', 1)","('r31', 1)",11:17:15,0,3,3,0,0,1,3,3,0,0,1,0,0,2,1,1,0,4,2,0,3,0,9,0,0,0,1,0,0,2,1,4,1,0,1,1,1
789,no motion,motion,no motion,motion,motion,no motion,0,0,0,0,0,0,0,1,0,0,9,3,0,0,no device,device detected,device detected,device detected,no device,no device,"('c2', 1)","('r32', 5)",11:17:30,0,3,3,0,0,1,3,3,0,0,1,0,0,2,1,1,0,4,2,0,3,0,9,0,0,0,0,0,0,2,0,5,1,0,2,1,1
790,no motion,motion,no motion,motion,motion,no motion,0,1,0,1,0,0,1,0,0,0,9,4,0,0,no device,device detected,device detected,device detected,device detected,no device,"('r18', 4)","('r31', 0)",11:17:45,0,4,2,0,0,1,3,3,0,0,1,0,0,2,1,0,0,4,2,0,3,1,9,0,0,0,0,0,0,2,0,5,1,0,1,3,0
791,motion,motion,no motion,motion,motion,no motion,0,0,0,0,0,0,0,0,1,0,9,3,0,2,no device,device detected,device detected,no device,no device,no device,"('c2', 2)","('r32', 4)",11:18:00,1,3,2,1,0,0,4,3,0,0,1,0,0,2,1,0,0,4,2,0,2,0,9,0,0,0,2,0,0,2,0,4,1,0,2,2,0
792,motion,motion,no motion,motion,motion,no motion,0,0,0,0,0,0,0,3,0,0,9,3,0,1,no device,device detected,device detected,no device,no device,no device,"('r9', 0)","('r27', 1)",11:18:15,1,3,2,1,0,0,4,3,0,0,1,0,0,2,1,0,0,4,2,0,2,0,9,0,0,0,1,0,0,2,0,4,1,0,3,2,0
793,motion,motion,motion,motion,motion,no motion,0,0,0,0,0,0,1,0,0,0,9,3,0,1,no device,device detected,device detected,device detected,no device,no device,"('r9', 0)","('r27', 1)",11:18:30,1,3,2,1,0,0,4,3,0,0,1,0,0,2,1,0,0,4,2,0,2,0,9,0,0,0,1,0,0,2,0,4,1,0,2,3,0
794,motion,motion,no motion,motion,motion,motion,0,1,0,0,0,0,0,0,0,1,9,3,0,0,no device,device detected,device detected,no device,device detected,no device,"('r9', 0)","('r21', 2)",11:18:45,1,3,2,1,0,0,4,3,0,1,1,0,0,0,1,1,0,4,2,0,2,2,9,0,0,1,0,1,0,2,0,4,1,0,1,1,0
795,no motion,motion,no motion,motion,motion,no motion,0,0,1,0,0,2,0,0,0,0,10,3,0,0,no device,device detected,device detected,no device,device detected,no device,"('r9', 0)","('r21', 2)",11:19:00,1,3,2,1,0,0,4,3,0,1,1,0,0,0,1,1,0,2,2,0,2,1,10,0,0,0,0,0,0,2,0,4,1,1,1,3,1
796,motion,motion,no motion,motion,no motion,no motion,0,0,0,0,0,0,0,0,0,0,10,3,0,0,no device,device detected,device detected,no device,device detected,no device,"('r9', 0)","('r27', 0)",11:19:15,1,3,2,1,0,0,5,3,0,0,0,0,0,0,1,1,0,2,2,0,2,1,10,0,0,0,0,0,0,2,0,4,1,1,1,4,1
797,motion,motion,no motion,motion,no motion,motion,0,0,0,0,0,1,1,0,0,0,9,2,1,0,no device,device detected,device detected,no device,device detected,no device,"('r9', 0)","('r27', 0)",11:19:30,1,3,2,1,0,0,4,3,0,0,0,0,0,0,1,1,0,1,2,1,2,1,9,0,0,0,0,0,0,2,0,4,1,1,2,5,1
798,motion,motion,no motion,motion,no motion,no motion,0,3,1,0,0,1,0,0,0,0,8,3,1,1,no device,device detected,device detected,no device,device detected,no device,"('r9', 0)","('r32', 4)",11:19:45,1,3,2,1,0,0,4,3,0,0,0,0,0,0,1,3,0,0,2,1,2,1,8,0,0,0,1,0,0,2,0,4,1,1,2,4,1
799,motion,motion,no motion,motion,no motion,no motion,0,1,1,0,0,2,0,1,0,0,8,3,0,2,no device,device detected,device detected,no device,device detected,no device,"('r9', 0)","('r27', 2)",11:20:00,1,3,2,1,0,0,4,3,0,0,0,0,0,0,1,4,0,2,2,0,2,1,8,0,0,1,2,0,0,2,0,2,1,1,3,1,1
800,motion,motion,no motion,motion,motion,motion,0,1,0,0,0,0,0,1,1,0,8,3,0,2,no device,device detected,device detected,device detected,device detected,no device,"('r9', 1)","('r26', 0)",11:20:15,1,3,2,1,0,1,4,1,1,0,0,0,0,0,1,3,0,2,2,0,2,1,8,0,0,0,2,0,0,2,1,1,1,1,3,3,1
801,motion,motion,no motion,motion,no motion,no motion,0,0,0,1,0,1,2,2,0,0,8,4,1,1,no device,device detected,device detected,device detected,device detected,no device,"('c2', 0)","('r27', 1)",11:20:30,1,4,1,1,0,1,4,1,2,0,0,0,0,0,1,3,0,3,1,1,2,1,8,0,0,0,1,0,0,2,0,2,1,1,5,0,1
802,no motion,motion,no motion,motion,motion,motion,0,0,0,0,0,0,0,0,1,1,8,3,1,1,no device,device detected,device detected,device detected,device detected,no device,"('r12', 0)","('r32', 2)",11:20:45,2,3,1,1,0,1,4,1,2,0,0,0,0,1,1,3,0,3,1,1,2,1,8,0,0,0,1,1,0,2,0,2,1,1,3,0,1
803,motion,motion,no motion,motion,motion,motion,0,1,0,0,0,0,1,0,0,0,9,3,0,0,no device,device detected,no device,device detected,no device,no device,"('r12', 0)","('r32', 2)",11:21:00,2,3,1,1,0,1,4,1,2,0,0,0,0,1,1,2,0,3,1,0,3,0,9,0,0,1,0,3,0,1,0,2,0,0,4,0,2
804,motion,motion,motion,motion,motion,motion,0,0,0,0,0,1,0,1,0,1,8,3,1,2,no device,device detected,device detected,device detected,no device,no device,"('r12', 0)","('r32', 2)",11:21:15,2,3,1,1,0,1,4,1,1,0,0,0,0,1,1,2,0,2,1,1,3,0,8,0,0,0,2,2,0,1,0,2,0,0,4,2,2
805,motion,no motion,motion,motion,motion,motion,0,0,1,0,0,1,0,1,0,0,8,3,0,1,no device,device detected,device detected,device detected,device detected,no device,"('c2', 1)","('r32', 2)",11:21:30,2,3,1,1,0,1,4,1,1,0,0,0,0,1,1,2,0,3,1,0,3,1,8,0,0,1,1,2,0,1,0,2,0,0,5,1,1
806,motion,motion,no motion,motion,motion,motion,0,1,0,0,0,0,1,0,1,3,8,3,0,2,no device,device detected,device detected,device detected,device detected,no device,"('r12', 0)","('r31', 0)",11:21:45,2,3,1,1,0,1,4,1,1,0,0,0,0,2,1,3,0,3,1,0,3,1,8,0,0,0,2,5,0,2,0,1,0,0,0,1,1
807,motion,motion,no motion,motion,motion,motion,0,0,0,0,0,0,0,0,0,0,8,3,0,1,no device,device detected,device detected,device detected,device detected,no device,"('r3', 1)","('r31', 0)",11:22:00,2,3,1,1,0,1,4,1,1,0,0,0,1,2,1,3,0,3,1,0,3,1,8,0,0,0,1,5,0,2,0,2,0,0,0,0,1
808,motion,motion,no motion,motion,motion,motion,0,0,0,0,0,0,0,0,0,0,8,3,0,2,no device,device detected,device detected,device detected,device detected,no device,"('r2', 3)","('r32', 2)",11:22:15,2,3,1,1,0,1,4,1,1,0,0,0,0,2,1,3,0,3,1,0,2,1,8,0,0,0,2,5,0,2,0,2,0,0,0,1,1
809,motion,motion,no motion,motion,motion,motion,0,0,0,0,0,0,0,0,0,0,7,3,1,2,no device,device detected,device detected,no device,device detected,no device,"('r1', 2)","('r31', 1)",11:22:30,2,3,1,1,0,1,4,1,1,0,0,0,0,1,1,3,0,3,1,1,2,2,7,0,0,0,2,5,0,2,1,1,0,0,0,1,1
810,motion,motion,no motion,motion,no motion,motion,0,0,2,0,0,0,0,0,0,0,7,2,0,2,no device,device detected,device detected,no device,device detected,no device,"('r2', 2)","('r31', 0)",11:22:45,3,2,1,1,0,1,4,0,1,0,0,0,0,1,1,3,0,3,1,0,2,3,7,0,0,1,2,5,0,2,0,2,0,0,0,2,0
811,motion,motion,no motion,motion,motion,motion,0,0,0,0,0,0,1,0,0,0,6,2,1,3,no device,device detected,device detected,device detected,device detected,no device,"('r3', 1)","('r32', 2)",11:23:00,3,2,1,1,0,1,4,0,1,0,0,0,0,1,1,3,0,3,1,1,2,3,6,0,0,0,3,5,0,2,0,2,0,0,1,1,0
812,motion,motion,no motion,motion,motion,motion,0,1,1,0,0,0,0,2,0,0,6,2,0,4,no device,device detected,device detected,device detected,device detected,no device,"('r2', 2)","('r27', 4)",11:23:15,3,2,1,1,0,1,4,0,1,0,0,0,0,1,1,2,0,3,1,0,2,3,6,0,0,1,4,5,0,2,0,1,0,0,1,2,0
813,motion,motion,motion,no motion,motion,motion,0,1,0,0,0,0,1,1,0,0,6,2,0,3,no device,device detected,device detected,device detected,device detected,no device,"('r1', 3)","('r32', 1)",11:23:30,3,2,1,1,0,1,5,0,1,0,0,1,0,1,1,1,0,3,1,0,3,3,6,0,0,0,3,5,1,1,0,1,0,0,1,2,0
814,motion,motion,motion,motion,motion,motion,0,0,0,0,0,1,0,1,0,1,6,2,0,2,no device,device detected,no device,device detected,device detected,no device,"('r1', 3)","('r31', 0)",11:23:45,3,2,2,1,0,1,5,0,1,0,0,0,1,1,1,1,0,4,1,0,3,3,6,0,0,0,2,6,1,1,0,1,0,0,1,0,0
815,motion,motion,motion,motion,motion,motion,0,0,0,1,0,0,1,0,0,1,6,3,0,2,no device,device detected,device detected,device detected,device detected,no device,"('r1', 3)","('r31', 0)",11:24:00,3,3,1,1,0,1,5,0,1,0,0,0,1,1,1,1,0,4,1,0,3,3,6,0,0,0,2,4,1,1,0,1,0,1,1,1,0
816,motion,motion,motion,motion,motion,motion,0,0,0,0,0,0,0,1,0,0,6,2,0,3,no device,device detected,device detected,device detected,device detected,no device,"('r2', 2)","('r31', 0)",11:24:15,4,2,1,1,0,1,5,0,1,1,0,0,0,1,1,1,0,4,1,0,3,3,6,0,0,0,3,3,1,1,0,1,1,1,0,1,0
817,motion,motion,motion,motion,motion,motion,0,0,0,0,0,0,0,0,0,0,6,2,0,2,no device,device detected,device detected,device detected,device detected,no device,"('r2', 2)","('r32', 1)",11:24:30,4,2,1,1,0,1,5,1,1,1,0,0,0,1,1,1,0,4,1,0,3,3,6,0,0,1,2,3,1,1,0,1,1,1,0,0,0
818,motion,motion,no motion,motion,motion,motion,0,0,0,0,0,0,0,0,0,0,5,2,0,2,device detected,device detected,device detected,device detected,device detected,no device,"('r3', 1)","('r27', 2)",11:24:45,4,2,1,1,0,1,4,1,1,1,0,0,0,1,1,1,0,4,1,0,3,3,6,0,2,0,2,3,0,1,0,1,1,1,0,1,0
819,motion,motion,no motion,motion,motion,motion,0,0,0,0,0,0,0,0,0,0,6,2,0,2,no device,device detected,device detected,device detected,device detected,no device,"('r2', 2)","('c1', 0)",11:25:00,4,2,1,0,0,2,4,0,1,2,0,0,0,1,1,1,0,4,1,0,3,3,6,0,1,1,2,3,0,1,0,1,2,0,0,1,0
820,motion,motion,motion,motion,motion,motion,0,1,0,0,0,0,0,1,0,0,6,2,0,2,no device,device detected,device detected,device detected,device detected,no device,"('r2', 2)","('r27', 2)",11:25:15,4,2,1,0,0,2,4,0,1,2,0,0,0,1,1,2,0,4,1,0,3,3,6,0,1,0,2,3,0,1,0,1,1,1,1,0,0
821,motion,motion,no motion,motion,motion,motion,0,0,0,0,0,1,1,1,0,0,6,3,0,1,device detected,device detected,no device,device detected,device detected,no device,"('r3', 1)","('r27', 1)",11:25:30,3,3,1,0,0,2,4,0,1,1,0,0,0,1,1,2,0,3,1,0,3,3,6,0,1,0,1,3,0,1,0,1,1,1,1,3,0
822,motion,motion,no motion,no motion,motion,motion,0,2,0,0,0,1,1,0,0,0,6,2,0,2,device detected,device detected,device detected,device detected,device detected,no device,"('r2', 3)","('r26', 0)",11:25:45,3,3,1,0,0,2,5,0,1,1,0,1,0,1,1,0,0,2,1,0,3,3,6,0,1,0,2,3,0,1,0,0,1,1,0,5,0
823,motion,motion,no motion,no motion,motion,motion,0,0,0,0,0,1,0,2,0,0,6,3,0,1,device detected,device detected,device detected,device detected,device detected,no device,"('r3', 2)","('r27', 1)",11:26:00,3,3,2,0,0,2,6,1,2,2,0,0,0,1,1,0,0,1,1,0,3,3,6,0,1,0,1,3,0,1,0,0,0,2,1,2,0
824,motion,motion,no motion,no motion,motion,motion,0,0,0,1,0,0,1,0,0,0,6,5,0,1,device detected,device detected,device detected,device detected,device detected,no device,"('r2', 5)","('r27', 1)",11:26:15,2,5,1,0,0,2,6,1,3,2,0,0,0,1,1,0,0,1,1,0,3,3,6,0,1,0,1,3,0,1,0,0,0,2,0,2,0
825,motion,motion,no motion,no motion,motion,motion,0,0,0,0,0,1,0,0,0,1,6,4,0,1,device detected,device detected,device detected,device detected,no device,no device,"('r2', 4)","('r27', 1)",11:26:30,3,4,1,0,0,2,7,1,2,2,0,0,0,1,1,0,0,2,1,0,3,3,6,0,1,0,1,2,0,1,0,0,0,2,1,1,0
826,motion,no motion,motion,motion,motion,motion,0,0,0,0,0,0,0,0,0,0,6,4,0,0,no device,no device,device detected,device detected,device detected,no device,"('r1', 3)","('r26', 0)",11:26:45,3,4,1,0,0,2,6,2,2,2,0,0,0,1,1,0,0,2,1,0,3,3,6,0,1,0,0,2,0,1,0,1,0,2,1,1,0
827,motion,motion,no motion,motion,motion,motion,0,0,0,0,0,0,0,0,0,0,6,4,0,0,device detected,device detected,no device,device detected,device detected,no device,"('r1', 3)","('r27', 0)",11:27:00,3,4,1,0,0,2,7,1,3,2,0,0,0,1,1,0,0,2,1,0,3,3,6,0,1,0,0,3,0,1,0,1,0,1,1,0,0
828,motion,motion,no motion,motion,motion,motion,0,0,0,0,0,0,0,0,0,0,6,4,0,0,device detected,device detected,device detected,device detected,device detected,no device,"('r1', 3)","('r32', 1)",11:27:15,3,4,1,0,0,2,7,1,3,1,0,0,0,1,1,0,0,2,1,0,3,3,6,0,1,0,0,3,0,1,0,1,0,1,1,1,0
829,motion,motion,motion,no motion,motion,motion,0,0,0,0,0,0,0,0,0,0,6,3,0,0,device detected,device detected,device detected,device detected,device detected,no device,"('r2', 3)","('r31', 0)",11:27:30,4,3,1,0,0,2,7,1,4,1,0,0,0,1,1,0,0,2,1,0,4,2,6,0,1,0,0,3,1,0,0,0,0,1,1,0,1
830,motion,no motion,motion,no motion,motion,motion,0,0,0,0,0,0,0,0,0,0,6,3,0,0,device detected,device detected,device detected,device detected,device detected,no device,"('r3', 1)","('r31', 0)",11:27:45,4,3,1,0,0,2,7,1,4,1,0,0,0,1,1,0,0,2,1,0,4,1,6,0,1,0,0,3,1,0,0,0,0,1,1,0,2
831,motion,motion,motion,no motion,motion,motion,0,0,0,0,0,0,0,0,0,0,6,4,0,0,device detected,device detected,device detected,device detected,device detected,no device,"('r12', 0)","('r31', 0)",11:28:00,3,4,1,0,0,2,7,1,4,1,0,0,0,1,1,0,0,2,1,0,4,1,6,0,1,0,0,3,1,0,0,0,1,0,1,0,2
832,motion,no motion,motion,no motion,motion,motion,0,0,0,1,0,0,0,0,0,0,6,3,0,0,device detected,device detected,device detected,device detected,no device,no device,"('r12', 0)","('r32', 0)",11:28:15,3,3,2,0,0,2,6,1,4,1,0,0,0,1,1,0,0,2,1,0,4,1,6,0,2,0,0,3,0,0,0,0,1,0,1,1,2
833,motion,motion,no motion,no motion,motion,motion,0,0,0,0,0,0,0,0,0,0,6,3,0,0,device detected,device detected,device detected,device detected,no device,no device,"('r3', 1)","('r31', 0)",11:28:30,3,3,1,0,0,2,7,1,4,1,0,1,0,1,1,0,0,2,1,0,4,1,6,0,2,0,0,3,0,0,0,0,0,1,1,0,2
834,motion,motion,no motion,no motion,motion,motion,0,0,0,0,0,0,0,0,0,0,6,3,0,1,device detected,device detected,device detected,device detected,device detected,no device,"('r12', 0)","('r31', 0)",11:28:45,3,3,1,0,0,2,7,1,4,1,0,0,0,1,1,0,0,2,1,0,3,1,6,0,2,0,1,3,0,0,0,0,0,1,1,1,2
835,motion,motion,no motion,motion,motion,motion,0,1,0,0,0,0,0,0,1,0,6,3,0,0,device detected,device detected,device detected,device detected,device detected,no device,"('c2', 1)","('r31', 0)",11:29:00,3,3,1,0,0,2,6,1,4,1,0,0,0,2,1,1,0,2,1,0,3,1,6,0,2,0,0,3,0,0,0,1,0,1,0,1,2
836,motion,motion,no motion,motion,motion,motion,0,0,0,0,0,0,0,0,0,0,6,2,0,0,no device,device detected,device detected,device detected,device detected,device detected,"('r13', 0)","('r32', 1)",11:29:15,4,2,1,0,0,2,5,1,4,1,0,0,0,2,1,1,0,2,1,0,3,1,6,0,2,0,0,3,0,0,0,1,0,1,0,2,2
837,motion,motion,motion,motion,motion,motion,0,0,0,0,0,1,0,0,0,0,6,2,0,0,device detected,device detected,no device,no device,device detected,no device,"('r13', 1)","('r32', 1)",11:29:30,4,2,1,0,0,2,5,1,4,1,0,0,1,2,1,1,0,1,1,0,3,1,6,0,1,0,0,3,1,0,0,1,0,1,0,2,2
838,motion,motion,motion,no motion,motion,motion,0,0,0,0,0,0,0,0,0,0,6,2,0,0,no device,device detected,no device,device detected,device detected,no device,"('r13', 0)","('r27', 0)",11:29:45,4,2,1,0,0,2,5,1,4,1,0,0,0,2,1,1,0,1,1,0,3,1,6,0,1,0,0,3,1,0,0,1,0,1,0,3,2
839,motion,motion,no motion,no motion,motion,motion,0,0,0,0,0,0,0,0,0,0,5,1,1,0,device detected,device detected,device detected,device detected,device detected,no device,"('r13', 0)","('r26', 0)",11:30:00,4,2,1,0,0,2,6,1,3,1,0,0,0,2,1,1,0,1,1,1,3,1,5,0,1,0,0,3,0,1,0,1,0,1,0,3,2
840,motion,motion,no motion,no motion,motion,motion,0,0,1,1,0,0,1,0,0,0,5,1,0,0,device detected,device detected,device detected,device detected,device detected,no device,"('r13', 0)","('r20', 0)",11:30:15,4,1,2,0,0,2,5,1,3,1,0,0,0,2,1,1,0,1,1,0,3,2,5,0,1,1,0,3,0,1,0,1,0,1,1,3,1
841,motion,motion,no motion,motion,motion,motion,0,0,0,0,0,2,0,1,0,0,5,1,0,2,device detected,device detected,no device,device detected,device detected,no device,"('r13', 0)","('r20', 0)",11:30:30,4,1,1,0,0,2,5,1,3,1,0,1,0,2,1,1,0,1,1,0,3,2,5,0,1,0,2,3,0,1,0,1,0,1,0,3,1
842,motion,motion,no motion,motion,motion,motion,0,0,0,0,0,0,0,1,1,0,5,1,0,1,device detected,device detected,device detected,device detected,device detected,no device,"('r13', 0)","('r19', 1)",11:30:45,4,1,1,0,0,2,5,1,3,2,1,0,0,1,1,1,0,1,1,0,3,1,5,0,1,0,1,3,0,1,0,1,0,1,2,2,2
843,motion,motion,motion,motion,motion,motion,0,0,0,0,0,0,1,0,0,0,5,1,0,0,device detected,device detected,device detected,device detected,no device,no device,"('c2', 1)","('r19', 1)",11:31:00,4,1,1,0,0,2,5,1,3,3,1,0,0,1,0,1,0,1,1,0,3,1,5,0,1,1,0,3,0,1,0,1,0,1,3,1,2
844,motion,motion,no motion,motion,motion,motion,0,0,1,0,0,0,0,0,0,1,5,1,1,0,device detected,device detected,device detected,no device,device detected,no device,"('r12', 0)","('r19', 1)",11:31:15,4,1,1,0,0,2,5,1,3,3,1,0,0,1,0,1,0,1,1,1,3,1,5,0,1,0,0,4,0,1,0,1,0,1,2,1,2
845,motion,motion,no motion,motion,motion,motion,0,1,0,0,0,0,0,1,0,0,6,1,0,1,device detected,device detected,device detected,device detected,no device,no device,"('r3', 1)","('r20', 0)",11:31:30,4,1,1,0,0,2,4,1,3,3,1,0,0,1,0,2,0,1,1,0,3,0,6,0,1,0,1,4,0,1,0,1,0,1,1,1,3
846,motion,motion,no motion,motion,motion,motion,0,0,0,0,0,0,0,0,0,0,6,1,0,0,device detected,device detected,device detected,device detected,device detected,no device,"('r12', 0)","('r19', 1)",11:31:45,4,1,1,0,0,2,4,1,3,2,1,0,0,1,1,2,0,1,1,0,4,1,6,0,1,0,0,3,0,1,0,1,1,1,1,1,2
847,motion,motion,no motion,motion,motion,motion,0,1,0,0,0,0,1,0,0,0,6,1,0,0,no device,no device,device detected,device detected,device detected,no device,"('r3', 1)","('r19', 1)",11:32:00,4,1,1,0,0,2,4,1,2,2,1,0,0,1,1,1,0,1,1,0,4,1,6,0,1,0,0,3,0,1,0,1,1,1,0,4,2
848,motion,motion,no motion,motion,motion,motion,0,1,0,0,0,1,0,0,0,0,6,1,0,0,device detected,device detected,device detected,no device,no device,no device,"('r2', 1)","('r20', 0)",11:32:15,4,1,1,0,0,2,4,1,3,2,1,0,0,2,1,0,0,0,1,0,4,0,6,0,1,0,0,4,0,1,0,1,1,0,0,5,2
849,motion,no motion,no motion,motion,motion,motion,0,0,0,0,0,0,1,0,0,0,6,1,0,1,no device,device detected,device detected,device detected,device detected,no device,"('r1', 4)","('r19', 1)",11:32:30,4,1,1,0,0,2,6,1,3,2,0,0,0,2,1,0,0,0,1,0,3,1,6,0,1,0,1,3,0,1,0,1,1,1,1,3,1
850,motion,motion,no motion,motion,motion,motion,0,0,0,0,0,1,0,1,0,0,6,1,0,0,device detected,device detected,device detected,device detected,device detected,no device,"('r1', 4)","('r20', 0)",11:32:45,4,1,1,0,0,2,7,0,3,2,0,0,0,2,0,0,0,1,1,0,3,1,6,0,1,0,0,3,0,1,0,1,1,1,2,3,1
851,motion,motion,no motion,motion,motion,motion,0,0,0,0,0,0,2,0,0,0,5,1,1,0,no device,device detected,device detected,no device,device detected,no device,"('r1', 4)","('r23', 5)",11:33:00,4,1,1,0,0,2,6,0,3,2,1,0,0,2,0,0,0,1,1,1,3,1,5,0,1,0,0,2,0,1,0,1,2,1,2,3,1
852,motion,motion,no motion,motion,motion,motion,0,0,0,0,0,1,0,1,0,0,5,1,0,1,device detected,device detected,device detected,device detected,device detected,no device,"('r1', 4)","('r20', 0)",11:33:15,4,1,1,0,0,2,5,0,3,2,1,1,0,2,0,0,0,2,2,0,3,1,5,0,1,0,1,2,0,1,0,1,2,1,1,2,1
853,motion,motion,no motion,motion,motion,motion,0,0,0,0,0,0,0,0,0,0,5,1,1,0,device detected,device detected,device detected,device detected,no device,no device,"('r2', 1)","('r20', 1)",11:33:30,4,1,2,0,0,2,5,0,3,2,1,1,0,2,0,0,0,2,1,1,3,0,5,0,1,0,0,2,0,1,0,2,2,1,1,1,2
854,motion,motion,no motion,motion,motion,motion,0,1,1,1,0,0,0,0,0,0,5,2,0,0,device detected,device detected,device detected,no device,no device,no device,"('r2', 2)","('r20', 0)",11:33:45,4,2,1,0,0,2,5,0,3,2,1,1,0,2,0,1,0,2,1,0,3,0,5,0,1,1,0,2,0,1,0,2,3,0,1,0,2
855,motion,motion,no motion,motion,motion,motion,0,0,0,0,0,1,0,0,0,0,5,3,0,1,device detected,no device,device detected,device detected,device detected,no device,"('r3', 1)","('r23', 5)",11:34:00,3,3,1,0,0,2,4,0,3,2,0,1,0,2,0,1,0,3,1,0,3,1,5,0,1,0,1,2,0,1,0,2,3,0,1,1,1
856,motion,motion,no motion,motion,no motion,motion,0,0,0,0,0,0,0,1,0,0,4,2,0,0,device detected,no device,device detected,device detected,no device,no device,"('r2', 2)","('r20', 0)",11:34:15,4,2,1,0,0,2,4,0,3,2,0,1,0,2,0,1,0,3,1,0,3,1,5,0,1,0,0,2,0,1,0,2,3,0,2,1,1
857,motion,motion,no motion,motion,motion,motion,0,0,0,0,0,0,1,0,0,0,5,2,0,1,device detected,device detected,device detected,device detected,device detected,no device,"('r3', 1)","('r23', 5)",11:34:30,4,2,1,0,0,2,5,0,3,2,0,2,0,2,0,1,0,3,1,0,3,1,5,0,1,1,1,2,0,0,0,1,3,0,1,0,1
858,motion,no motion,motion,motion,motion,motion,0,1,0,0,0,0,1,1,0,0,5,3,0,1,device detected,device detected,device detected,device detected,no device,no device,"('r2', 3)","('r23', 5)",11:34:45,3,3,2,0,0,2,5,0,3,2,0,1,0,2,0,0,0,3,1,0,3,0,5,0,1,0,1,2,0,0,0,1,3,0,1,2,2
859,motion,motion,no motion,motion,motion,motion,0,0,0,1,0,2,1,1,0,1,5,2,0,0,device detected,device detected,device detected,device detected,no device,no device,"('r1', 3)","('r23', 5)",11:35:00,3,2,3,0,0,2,5,0,3,2,0,2,0,2,1,0,0,2,1,0,3,0,5,0,1,0,0,3,0,0,0,1,2,1,0,2,2
860,motion,motion,no motion,motion,motion,motion,0,0,0,0,0,0,1,0,0,0,5,2,0,0,device detected,device detected,no device,device detected,no device,no device,"('r1', 3)","('r20', 0)",11:35:15,3,2,4,0,0,2,5,0,3,3,0,1,0,2,0,0,0,2,1,0,3,0,5,0,1,0,0,3,0,0,0,1,2,1,1,1,2
861,motion,motion,no motion,motion,motion,motion,0,0,0,1,0,0,0,0,1,0,5,3,0,0,device detected,no device,device detected,device detected,no device,no device,"('r1', 3)","('r23', 5)",11:35:30,3,3,2,0,0,2,6,0,3,3,0,2,0,3,0,0,0,2,1,0,3,0,5,0,1,0,0,3,0,0,0,1,2,1,0,0,2
862,motion,motion,no motion,no motion,motion,motion,0,0,0,1,0,0,0,0,0,0,4,4,1,0,device detected,device detected,device detected,device detected,device detected,no device,"('r2', 4)","('r20', 1)",11:35:45,3,4,1,0,0,2,5,0,2,3,0,2,0,3,0,0,0,2,1,1,3,1,4,0,1,0,0,3,0,0,0,1,2,1,0,2,1
863,motion,motion,no motion,motion,motion,motion,0,0,1,3,0,0,1,1,0,0,3,4,1,1,device detected,device detected,device detected,device detected,no device,no device,"('r2', 4)","('r26', 1)",11:36:00,3,4,2,0,0,2,5,0,2,3,0,1,0,4,0,0,0,2,1,1,3,0,3,0,1,1,1,3,0,0,0,1,2,1,0,1,1
864,motion,motion,no motion,no motion,motion,motion,0,0,0,0,0,0,0,0,2,0,3,4,1,1,device detected,no device,device detected,no device,no device,no device,"('r1', 3)","('r27', 1)",11:36:15,3,4,2,0,0,2,5,0,2,3,0,1,0,3,0,0,0,2,1,1,4,0,3,0,2,0,1,2,0,0,0,0,2,2,1,1,1
865,motion,motion,no motion,motion,motion,motion,0,0,0,0,0,0,1,0,0,0,4,4,0,0,device detected,device detected,no device,device detected,no device,no device,"('r1', 3)","('r21', 4)",11:36:30,3,4,1,0,0,2,5,0,2,3,1,2,0,3,0,0,0,2,1,0,4,0,4,0,2,0,0,2,0,0,0,1,2,2,0,1,1
866,motion,no motion,motion,motion,motion,motion,0,0,0,0,0,0,0,0,0,0,3,4,1,0,device detected,device detected,device detected,device detected,no device,no device,"('r2', 4)","('r27', 0)",11:36:45,3,4,1,0,0,2,5,0,2,2,1,1,1,3,0,0,0,2,1,1,4,0,3,0,2,0,0,2,0,0,0,1,2,2,0,2,1
867,motion,motion,no motion,motion,motion,motion,0,0,0,0,0,0,1,0,0,0,3,4,0,0,device detected,device detected,device detected,device detected,no device,no device,"('r2', 4)","('c1', 1)",11:37:00,3,4,1,0,0,2,5,0,3,2,0,1,1,3,0,0,0,2,2,0,4,0,3,0,2,0,0,2,0,0,0,1,2,2,1,1,1
868,motion,motion,motion,motion,motion,motion,0,0,0,0,0,0,0,1,0,0,3,4,0,1,device detected,device detected,device detected,device detected,no device,no device,"('r2', 4)","('c1', 0)",11:37:15,3,4,1,0,0,2,5,1,2,2,0,1,1,3,0,0,0,2,2,0,4,0,3,0,2,0,1,3,0,0,0,1,2,1,0,1,1
869,motion,motion,no motion,motion,motion,motion,0,0,0,0,0,0,0,0,1,1,2,4,1,0,device detected,device detected,no device,device detected,no device,no device,"('r2', 4)","('r27', 0)",11:37:30,3,4,1,0,0,2,5,0,2,2,0,0,1,2,0,0,0,2,2,1,4,0,2,0,2,1,0,2,0,0,0,1,3,0,2,3,1
870,motion,motion,no motion,motion,motion,motion,0,0,1,0,0,0,0,1,0,1,2,4,2,1,device detected,device detected,device detected,device detected,no device,no device,"('r2', 4)","('r21', 4)",11:37:45,3,4,1,0,0,2,5,0,2,2,0,0,1,2,0,0,0,2,2,2,4,0,2,0,2,0,1,1,0,0,0,1,2,1,2,3,1
871,motion,motion,motion,no motion,motion,motion,0,0,0,1,0,0,0,1,0,1,3,3,0,1,device detected,device detected,device detected,device detected,no device,no device,"('r3', 2)","('r21', 4)",11:38:00,3,3,2,0,0,2,4,0,2,1,0,0,2,2,0,0,0,2,3,0,4,0,3,0,2,1,1,2,0,0,0,1,2,1,0,4,1
872,motion,motion,no motion,no motion,motion,motion,0,1,0,1,0,0,1,0,0,0,3,4,0,1,device detected,device detected,device detected,device detected,no device,no device,"('r2', 4)","('r21', 4)",11:38:15,3,4,1,0,0,2,4,0,2,1,0,0,1,2,0,1,0,2,3,0,4,0,3,0,3,1,1,2,0,0,0,0,3,0,1,3,1
873,motion,motion,no motion,no motion,motion,motion,0,0,1,0,0,0,0,1,0,0,3,4,1,0,device detected,device detected,device detected,device detected,no device,no device,"('r1', 3)","('r27', 0)",11:38:30,3,4,1,0,0,2,4,0,2,2,0,0,1,2,0,1,0,2,3,1,6,0,3,0,3,0,0,2,0,0,0,0,3,0,0,2,1
874,motion,motion,no motion,no motion,motion,motion,0,0,1,0,0,2,0,0,0,0,3,5,0,0,device detected,device detected,device detected,device detected,no device,no device,"('r2', 5)","('c1', 0)",11:38:45,2,5,1,0,0,1,4,0,2,1,0,0,1,3,0,1,0,3,3,0,6,0,3,0,3,1,0,2,0,0,0,0,3,0,0,2,1
875,motion,motion,motion,no motion,motion,motion,0,0,0,0,0,1,0,1,1,0,3,2,0,0,no device,device detected,device detected,no device,device detected,no device,"('r3', 1)","('c1', 2)",11:39:00,5,2,1,0,0,1,4,0,2,1,0,0,1,2,0,1,0,4,3,0,6,1,3,0,3,0,0,2,0,0,0,0,2,1,2,1,0
876,motion,motion,no motion,no motion,motion,motion,0,0,0,0,0,1,2,0,0,0,3,2,0,0,no device,device detected,device detected,device detected,device detected,no device,"('r2', 2)","('c2', 4)",11:39:15,5,2,1,0,0,1,3,0,2,1,0,1,1,2,0,1,0,3,3,0,6,1,3,0,3,0,0,2,0,0,0,0,2,1,0,4,0
877,motion,motion,no motion,no motion,motion,motion,0,0,0,0,0,0,0,0,0,0,3,4,0,0,device detected,device detected,device detected,device detected,no device,no device,"('r2', 4)","('r15', 1)",11:39:30,3,4,2,0,0,1,3,0,2,1,0,0,0,2,1,1,0,3,3,0,6,0,3,0,2,1,0,2,0,0,0,0,2,1,0,4,1
878,motion,motion,no motion,no motion,motion,motion,0,0,0,1,0,0,0,1,0,0,3,5,1,0,device detected,device detected,device detected,device detected,no device,no device,"('r1', 3)","('c2', 3)",11:39:45,3,5,1,0,0,1,3,0,2,1,0,1,0,2,1,1,0,3,2,1,6,0,3,0,2,0,0,2,0,0,0,0,2,1,1,3,1
879,motion,motion,no motion,motion,motion,motion,0,0,1,0,0,0,0,0,1,0,2,5,1,0,device detected,device detected,device detected,no device,no device,no device,"('r2', 5)","('c2', 2)",11:40:00,3,5,2,0,0,1,3,0,2,2,0,0,0,3,1,1,0,3,2,1,6,0,2,0,2,0,0,2,0,1,0,0,2,1,0,2,1
880,motion,motion,no motion,no motion,motion,motion,0,0,0,1,0,0,0,0,0,0,2,6,2,0,device detected,device detected,device detected,device detected,no device,no device,"('r1', 3)","('r8', 0)",11:40:15,3,6,1,0,0,1,3,0,2,2,0,0,0,3,1,1,0,3,1,2,6,0,2,0,2,0,0,3,0,1,0,0,2,0,0,2,1
881,motion,motion,no motion,no motion,motion,motion,0,0,1,0,0,1,0,0,0,1,2,7,0,0,device detected,no device,device detected,no device,no device,no device,"('r1', 2)","('c2', 4)",11:40:30,2,7,1,0,0,1,3,0,2,1,0,0,0,3,1,1,0,2,2,0,6,0,2,0,2,1,0,2,0,1,0,0,1,1,1,4,1
882,motion,motion,no motion,no motion,motion,motion,0,0,0,0,0,1,2,1,0,0,2,6,0,1,no device,device detected,device detected,device detected,no device,no device,"('r2', 6)","('r7', 3)",11:40:45,3,6,1,0,0,1,3,0,0,1,0,0,0,3,1,1,0,1,2,0,5,0,2,0,2,0,1,3,0,1,0,0,1,0,2,7,1
883,motion,motion,no motion,no motion,motion,motion,0,0,0,0,0,0,2,1,2,0,2,6,0,0,device detected,device detected,device detected,device detected,device detected,no device,"('r1', 3)","('c2', 5)",11:41:00,3,6,1,0,0,1,3,1,0,1,0,1,0,5,1,1,0,1,2,0,5,0,2,0,2,1,0,3,0,0,0,0,1,0,1,5,1
884,motion,motion,motion,no motion,motion,motion,0,0,1,0,0,1,0,1,0,0,2,7,1,2,device detected,device detected,device detected,device detected,device detected,no device,"('r2', 7)","('r17', 0)",11:41:15,2,7,2,0,0,1,3,1,0,1,0,0,1,4,1,1,0,2,2,1,4,1,2,0,2,0,2,3,0,0,0,0,1,0,0,3,1
885,motion,motion,no motion,motion,motion,motion,0,1,0,1,0,0,0,0,0,0,2,7,0,1,device detected,device detected,device detected,device detected,device detected,no device,"('r3', 1)","('r17', 0)",11:41:30,3,7,1,0,0,1,3,0,0,1,0,0,1,4,1,2,0,2,3,0,3,1,2,0,2,1,1,3,0,0,0,1,1,0,0,3,1
886,motion,motion,no motion,motion,motion,motion,0,2,1,1,0,0,0,1,0,1,2,5,1,0,device detected,device detected,device detected,device detected,device detected,no device,"('r3', 2)","('r17', 0)",11:41:45,4,5,2,0,0,1,3,0,0,1,0,0,1,4,1,4,0,2,3,1,3,2,2,0,2,0,0,4,0,0,0,1,1,0,0,1,0
887,motion,motion,no motion,motion,motion,motion,0,0,0,1,0,1,0,0,0,0,2,5,0,0,device detected,device detected,device detected,device detected,device detected,no device,"('r12', 1)","('r17', 0)",11:42:00,3,5,2,0,0,1,3,0,0,1,0,1,1,5,1,4,0,1,4,0,3,1,2,0,2,0,0,3,0,0,0,1,1,1,0,2,0
888,motion,motion,no motion,motion,motion,motion,0,1,0,1,0,0,0,0,0,1,2,4,0,0,device detected,device detected,device detected,device detected,device detected,device detected,"('r3', 3)","('c2', 5)",11:42:15,2,5,3,0,0,1,3,0,0,0,0,0,1,4,1,3,0,1,4,0,3,1,2,1,2,0,0,2,0,0,0,1,1,1,1,5,0
889,motion,motion,no motion,motion,motion,motion,0,0,0,0,0,0,0,1,0,0,2,4,1,1,device detected,device detected,device detected,device detected,device detected,no device,"('r2', 4)","('r13', 1)",11:42:30,3,4,1,0,0,1,3,0,0,0,0,2,1,4,1,3,0,1,3,1,3,1,2,0,2,0,1,3,0,0,0,1,1,1,0,5,0
890,motion,motion,motion,motion,motion,motion,0,0,2,1,0,1,2,0,0,0,2,3,0,0,device detected,no device,device detected,device detected,device detected,no device,"('r3', 2)","('r13', 2)",11:42:45,3,3,2,0,0,1,3,0,0,0,0,0,2,4,1,3,0,0,3,0,3,1,2,0,2,2,0,3,0,0,0,1,1,1,2,5,0
891,motion,motion,no motion,motion,motion,motion,0,0,0,0,0,0,2,2,1,1,2,3,0,3,device detected,device detected,device detected,device detected,device detected,no device,"('r12', 2)","('r13', 2)",11:43:00,3,3,1,0,0,2,3,0,0,0,0,2,2,4,1,3,0,0,3,0,3,1,2,0,2,0,3,3,0,1,0,1,1,2,0,2,0
892,motion,motion,no motion,motion,motion,motion,0,0,0,0,0,0,0,2,0,0,2,3,0,1,device detected,device detected,device detected,device detected,device detected,no device,"('r3', 2)","('r13', 2)",11:43:15,3,3,2,0,0,3,3,0,0,0,0,0,2,3,1,3,0,0,3,0,4,1,2,0,2,0,1,3,0,1,0,1,2,1,1,3,0
893,motion,motion,motion,no motion,motion,motion,0,0,0,1,0,0,2,0,0,0,2,4,0,1,device detected,device detected,device detected,device detected,device detected,no device,"('r3', 1)","('c2', 4)",11:43:30,3,4,1,1,0,2,3,0,0,0,0,0,1,3,1,3,0,0,3,0,4,1,2,0,2,0,1,3,0,1,0,1,3,0,1,4,0
894,motion,motion,no motion,motion,motion,motion,0,0,0,0,0,0,0,1,0,0,2,3,0,2,device detected,device detected,device detected,device detected,device detected,no device,"('r12', 0)","('r18', 0)",11:43:45,4,3,1,1,0,2,3,0,0,0,0,0,1,3,1,3,0,0,3,0,4,1,2,0,2,0,2,3,0,1,0,1,3,0,0,4,0
895,motion,motion,no motion,motion,motion,motion,0,0,0,0,0,0,1,0,0,0,2,4,0,1,device detected,device detected,device detected,device detected,device detected,no device,"('c2', 4)","('c2', 4)",11:44:00,3,4,1,1,0,2,3,0,0,0,0,0,0,3,1,3,0,0,3,0,5,1,2,0,2,0,1,3,0,1,0,1,3,0,1,4,0
896,motion,motion,no motion,motion,motion,motion,0,0,0,0,0,1,0,1,0,0,2,3,0,2,device detected,no device,device detected,device detected,no device,no device,"('c2', 3)","('r9', 1)",11:44:15,4,3,1,1,0,2,3,0,1,0,0,0,0,4,0,3,0,1,3,0,5,0,2,0,2,0,2,3,0,1,0,1,3,0,0,3,0
897,motion,motion,no motion,motion,motion,motion,0,0,0,0,0,0,0,0,0,0,2,3,0,0,device detected,device detected,device detected,device detected,no device,no device,"('c1', 0)","('c2', 4)",11:44:30,4,3,1,1,0,2,2,0,1,0,0,0,0,4,0,3,0,1,3,0,6,0,2,0,2,1,0,3,0,1,0,1,1,2,0,4,0
898,motion,motion,no motion,no motion,motion,motion,0,0,2,0,0,1,1,0,0,0,2,2,1,0,device detected,device detected,no device,device detected,no device,no device,"('r27', 0)","('c2', 4)",11:44:45,4,3,1,1,0,2,2,0,1,0,0,0,0,4,0,3,0,0,3,1,6,0,2,0,2,1,0,4,0,0,0,1,1,1,1,4,0
899,motion,motion,no motion,no motion,motion,motion,0,0,0,0,0,0,0,1,0,1,3,4,0,1,device detected,device detected,device detected,device detected,no device,no device,"('r27', 1)","('r11', 0)",11:45:00,3,4,1,1,0,2,2,0,1,0,0,0,1,4,0,3,0,0,3,0,6,0,3,0,2,1,1,3,0,0,0,1,0,2,1,3,0
900,motion,motion,no motion,motion,motion,motion,0,1,0,0,0,0,1,0,0,0,3,4,0,1,device detected,device detected,device detected,device detected,no device,no device,"('r26', 0)","('c2', 4)",11:45:15,3,4,1,1,0,1,2,0,1,1,0,0,1,5,0,2,0,0,3,0,6,0,3,0,2,0,1,3,0,0,0,2,0,2,0,4,0
901,motion,motion,no motion,motion,motion,motion,0,1,0,0,0,0,0,0,0,0,3,4,0,0,device detected,device detected,device detected,device detected,device detected,device detected,"('r20', 0)","('r15', 0)",11:45:30,3,4,1,1,0,1,2,1,1,1,0,0,1,4,0,1,0,0,3,0,7,1,3,0,2,0,0,3,0,0,0,2,0,2,0,4,0
902,motion,motion,no motion,motion,motion,motion,0,2,0,1,0,0,0,0,0,0,3,3,0,0,device detected,device detected,device detected,no device,device detected,no device,"('r20', 0)","('r15', 0)",11:45:45,3,3,2,1,0,1,2,1,1,1,0,0,1,4,0,3,0,0,3,0,7,1,3,0,2,0,0,3,0,0,0,2,0,2,0,2,0
903,motion,motion,no motion,motion,motion,motion,0,1,0,1,0,0,0,0,0,0,3,4,0,1,device detected,device detected,device detected,no device,no device,no device,"('r26', 0)","('c2', 3)",11:46:00,3,4,1,1,0,1,2,1,1,1,0,0,1,5,0,2,0,0,3,0,6,0,3,0,2,0,1,3,0,0,0,2,0,2,0,3,0
904,motion,motion,no motion,motion,motion,motion,0,1,0,0,1,0,0,1,0,0,3,4,0,0,device detected,device detected,device detected,device detected,no device,no device,"('r26', 0)","('r15', 0)",11:46:15,3,4,1,1,0,1,2,1,1,1,0,0,1,5,0,3,1,0,3,0,6,0,3,0,2,0,0,4,0,0,0,2,0,1,1,1,0
905,motion,motion,no motion,motion,motion,motion,0,1,0,1,1,0,1,0,0,0,3,4,1,0,device detected,device detected,device detected,device detected,no device,no device,"('r25', 2)","('r15', 0)",11:46:30,2,4,2,1,0,1,2,1,1,1,0,0,1,5,0,2,0,0,2,1,6,0,3,0,2,0,0,4,0,0,0,2,0,1,0,4,0
906,motion,motion,motion,motion,motion,motion,0,1,0,1,0,1,0,0,0,0,2,2,2,0,device detected,device detected,device detected,device detected,no device,device detected,"('r25', 2)","('r15', 0)",11:46:45,3,2,2,1,0,1,2,2,2,0,0,1,1,5,0,3,0,1,2,2,6,0,2,0,2,0,0,5,0,0,0,2,0,0,0,1,0
907,motion,motion,no motion,motion,motion,motion,0,0,0,0,1,0,0,0,0,0,3,2,1,0,device detected,device detected,device detected,device detected,no device,no device,"('r26', 0)","('r15', 0)",11:47:00,3,2,1,1,0,1,2,1,2,0,0,1,1,5,0,3,1,1,2,1,6,0,3,0,2,0,0,5,0,0,0,2,0,0,0,2,0
908,motion,motion,no motion,motion,motion,motion,0,0,0,0,0,1,1,0,0,0,4,2,0,0,device detected,device detected,device detected,device detected,device detected,no device,"('r27', 0)","('r15', 0)",11:47:15,3,2,1,1,0,1,3,1,2,0,0,0,1,4,0,3,1,0,2,0,6,1,4,0,2,0,0,5,0,0,0,2,0,0,1,2,0
909,motion,motion,no motion,motion,motion,motion,0,0,0,0,1,1,2,1,0,0,4,2,0,2,no device,device detected,no device,device detected,no device,no device,"('r32', 2)","('r15', 0)",11:47:30,3,2,1,1,0,1,3,1,2,0,0,0,1,5,0,3,0,1,2,0,5,0,4,0,2,0,2,5,0,0,0,2,0,0,1,1,0
910,motion,motion,no motion,motion,motion,motion,0,0,0,0,0,0,0,1,1,1,3,3,1,0,device detected,device detected,device detected,device detected,no device,no device,"('r27', 0)","('c2', 2)",11:47:45,2,3,1,1,0,1,3,1,2,0,0,0,0,4,0,3,0,1,2,1,5,0,3,0,2,0,0,6,0,0,0,3,0,0,2,2,0
911,motion,motion,motion,motion,motion,motion,0,0,1,1,0,0,1,1,0,0,3,1,0,1,device detected,device detected,device detected,device detected,no device,no device,"('c1', 0)","('c1', 0)",11:48:00,3,1,2,1,0,1,3,0,2,1,0,0,0,4,0,3,0,1,2,0,5,0,3,0,2,1,1,4,0,0,0,3,0,2,0,3,0
912,motion,motion,no motion,motion,motion,motion,0,0,0,0,0,0,0,0,0,0,2,1,1,0,device detected,device detected,device detected,no device,no device,no device,"('c1', 0)","('r14', 4)",11:48:15,3,1,2,1,0,1,3,0,2,1,0,2,0,4,0,3,0,1,1,1,5,0,3,0,2,1,1,4,0,0,0,3,0,2,0,1,0
913,motion,no motion,no motion,motion,motion,motion,0,0,1,0,0,0,0,1,0,0,4,3,1,0,device detected,no device,device detected,device detected,no device,no device,"('c1', 1)","('r22', 0)",11:48:30,1,3,3,1,0,1,3,1,1,1,0,0,0,4,1,3,0,1,1,1,5,0,4,0,2,0,0,4,0,0,0,3,0,2,1,1,0
914,motion,motion,no motion,motion,motion,motion,0,0,0,1,0,2,0,0,2,0,4,4,1,0,device detected,device detected,no device,device detected,no device,no device,"('r27', 0)","('r22', 0)",11:48:45,1,4,2,1,0,1,3,1,1,1,0,0,0,4,1,3,0,1,1,1,5,0,4,0,2,0,0,4,0,0,0,3,0,2,1,1,0
915,motion,motion,no motion,motion,motion,motion,0,0,0,1,0,0,0,0,0,0,4,3,1,0,device detected,device detected,device detected,no device,no device,device detected,"('r27', 0)","('r22', 0)",11:49:00,1,3,3,1,0,2,3,1,1,1,0,1,0,3,1,3,0,1,1,1,5,0,4,0,2,0,0,3,0,0,0,3,0,3,1,0,0
916,motion,motion,no motion,motion,motion,motion,0,0,0,0,0,0,0,0,0,0,4,2,1,0,device detected,device detected,device detected,device detected,no device,no device,"('r27', 0)","('outside', 0)",11:49:15,2,2,2,1,0,1,3,1,1,1,0,1,0,4,1,3,0,1,1,1,5,0,4,0,2,0,0,3,0,0,0,3,0,3,1,1,0
917,motion,motion,no motion,motion,motion,motion,0,0,0,0,0,0,0,0,0,0,3,2,2,0,device detected,device detected,device detected,device detected,no device,no device,"('r32', 3)","('outside', 0)",11:49:30,2,2,2,1,0,2,3,1,1,1,0,1,0,3,1,3,0,1,1,2,5,0,3,0,2,0,0,4,0,0,0,3,0,2,1,1,0
918,motion,motion,no motion,motion,motion,motion,0,1,1,0,0,0,1,0,0,0,3,1,1,0,device detected,device detected,device detected,device detected,no device,no device,"('r32', 3)","('outside', 0)",11:49:45,2,2,2,1,0,3,1,0,1,1,0,0,0,2,0,2,0,1,1,1,5,0,3,0,2,1,0,4,0,0,0,3,0,2,2,6,0
919,motion,motion,no motion,motion,motion,motion,0,0,0,0,0,1,1,0,1,1,2,2,1,1,no device,device detected,device detected,device detected,no device,no device,"('r27', 1)","('outside', 0)",11:50:00,2,2,2,1,0,2,2,0,1,2,0,0,0,2,1,2,0,2,1,1,5,0,3,0,2,0,1,5,0,0,0,3,0,2,3,1,0
920,motion,motion,motion,motion,motion,motion,0,2,0,0,0,0,0,2,0,1,3,2,1,2,device detected,device detected,device detected,device detected,no device,no device,"('r32', 2)","('r22', 0)",11:50:15,2,2,2,1,0,2,1,0,1,2,0,0,0,2,1,2,0,2,1,1,5,0,3,0,2,0,2,4,0,0,0,2,0,2,4,2,0
921,motion,motion,motion,motion,motion,motion,0,1,0,0,0,0,1,1,1,0,3,2,1,0,device detected,device detected,device detected,device detected,device detected,no device,"('r31', 0)","('r22', 0)",11:50:30,2,2,2,1,0,1,1,0,1,2,0,0,0,4,1,3,0,2,1,1,5,0,3,0,2,1,0,4,0,0,0,2,1,1,5,0,0
922,motion,motion,no motion,motion,motion,motion,0,0,1,0,0,0,1,1,0,0,3,2,2,1,device detected,no device,device detected,no device,device detected,device detected,"('r31', 0)","('r24', 0)",11:50:45,2,2,2,1,0,1,1,0,1,2,0,0,0,3,1,3,0,2,1,2,5,1,3,0,2,0,1,4,0,0,0,2,1,1,3,1,0
923,motion,motion,no motion,motion,motion,motion,0,1,0,0,0,1,1,1,1,0,3,2,1,1,device detected,device detected,device detected,device detected,device detected,no device,"('r32', 2)","('r24', 0)",11:51:00,2,2,2,1,0,1,1,0,1,2,0,0,0,4,1,2,0,3,2,1,5,1,3,0,2,1,1,4,0,0,0,2,1,1,0,2,0
924,motion,motion,no motion,motion,motion,motion,0,0,0,2,0,1,0,0,0,0,3,1,1,0,device detected,device detected,device detected,no device,no device,no device,"('r31', 0)","('r22', 1)",11:51:15,2,1,3,1,0,0,1,0,1,2,0,0,0,5,1,2,0,4,2,1,5,1,3,0,2,0,0,4,0,1,0,3,1,1,0,1,0
925,motion,motion,no motion,motion,motion,motion,0,0,0,1,0,0,0,0,0,0,3,2,1,0,device detected,device detected,device detected,no device,device detected,no device,"('r31', 0)","('r14', 5)",11:51:30,2,2,2,1,0,0,1,1,1,1,0,0,0,5,1,2,0,4,2,1,5,1,3,0,2,0,0,5,0,1,0,3,1,0,0,1,0
926,motion,motion,no motion,motion,motion,motion,0,2,0,0,0,0,0,0,0,0,3,2,1,0,device detected,no device,device detected,no device,device detected,no device,"('r31', 0)","('r14', 5)",11:51:45,2,2,2,1,0,0,1,1,1,1,0,0,0,5,1,2,0,4,2,1,5,1,3,0,2,1,0,5,0,0,0,3,1,0,0,1,0
927,motion,motion,no motion,motion,motion,motion,0,0,1,0,0,0,0,0,0,1,2,2,3,1,device detected,device detected,no device,no device,device detected,no device,"('r32', 3)","('r22', 1)",11:52:00,2,2,2,1,0,0,1,1,1,1,0,1,0,5,1,2,0,4,2,3,4,1,2,0,2,0,1,4,0,0,0,3,1,0,1,0,0
928,motion,motion,no motion,motion,motion,motion,0,0,1,0,0,0,2,1,0,0,2,1,1,0,device detected,device detected,device detected,no device,no device,no device,"('r32', 3)","('outside', 0)",11:52:15,3,1,3,1,0,0,1,1,1,1,0,0,0,5,1,2,0,4,3,1,4,1,2,0,2,1,0,3,0,0,0,3,1,1,0,2,0
929,motion,motion,no motion,motion,motion,motion,0,0,0,0,0,0,0,0,0,1,2,1,1,0,device detected,device detected,device detected,no device,device detected,no device,"('r31', 0)","('outside', 0)",11:52:30,3,1,3,1,0,0,1,1,2,1,0,1,0,5,1,2,0,4,3,1,5,1,2,0,2,0,0,2,0,0,0,3,1,1,1,0,0
930,motion,motion,no motion,motion,motion,motion,0,0,0,0,0,0,1,0,1,0,2,2,2,0,no device,device detected,device detected,no device,device detected,no device,"('r31', 0)","('outside', 0)",11:52:45,2,2,4,1,0,0,1,1,2,1,0,0,0,4,1,2,0,4,2,2,5,1,2,0,2,0,0,2,0,0,0,3,1,1,1,1,0
931,motion,motion,motion,motion,motion,motion,0,0,0,1,0,0,1,0,1,0,3,3,1,0,device detected,device detected,device detected,no device,device detected,no device,"('r31', 0)","('outside', 0)",11:53:00,2,3,3,1,0,0,1,1,2,1,0,0,1,3,1,2,0,4,2,1,5,1,3,0,2,0,0,2,0,0,0,3,1,1,1,1,0
932,motion,motion,no motion,motion,motion,motion,0,0,0,0,1,2,0,0,0,1,3,2,1,0,device detected,device detected,device detected,no device,device detected,no device,"('r32', 3)","('outside', 0)",11:53:15,3,2,3,1,0,0,1,1,2,1,0,0,1,3,1,2,1,2,2,1,5,1,3,0,2,0,0,1,0,0,0,3,1,1,2,2,0
933,motion,motion,no motion,motion,motion,motion,0,1,0,0,0,0,0,1,0,0,4,2,0,1,device detected,no device,device detected,no device,device detected,no device,"('r31', 0)","('r22', 1)",11:53:30,3,2,3,1,0,0,1,1,2,1,0,0,0,3,0,3,1,2,2,0,5,1,4,0,2,0,1,1,0,0,0,3,1,1,1,3,0
934,motion,motion,no motion,motion,motion,motion,0,0,0,1,0,0,0,0,0,0,4,3,0,0,device detected,device detected,no device,no device,device detected,no device,"('r32', 3)","('r22', 1)",11:53:45,3,3,2,1,0,0,1,1,4,1,0,0,0,3,0,3,1,2,2,0,5,1,4,0,2,1,0,1,0,0,0,3,1,1,1,1,0
935,motion,motion,no motion,motion,motion,no motion,0,0,1,2,0,0,0,0,1,0,4,3,1,0,device detected,device detected,device detected,no device,device detected,no device,"('r32', 3)","('r14', 4)",11:54:00,2,3,3,1,0,0,1,1,3,1,0,0,0,4,0,3,1,2,2,1,5,1,4,0,1,1,0,1,0,0,0,3,1,1,0,2,0
936,motion,motion,no motion,motion,motion,motion,0,0,0,0,0,0,0,1,0,0,5,2,0,0,device detected,device detected,device detected,no device,device detected,no device,"('r31', 0)","('r14', 4)",11:54:15,3,2,2,1,0,0,1,1,3,1,0,1,0,4,0,3,1,2,2,0,5,1,5,0,1,0,0,1,0,0,0,3,1,1,1,2,0
937,motion,motion,no motion,motion,motion,motion,0,0,0,0,0,0,0,0,1,0,5,3,0,0,device detected,device detected,device detected,no device,device detected,no device,"('r32', 3)","('c1', 0)",11:54:30,2,3,2,1,0,0,1,1,3,1,0,0,0,5,0,3,1,2,2,0,5,1,5,0,1,0,0,1,0,0,0,3,1,1,0,3,0
938,motion,motion,no motion,motion,motion,motion,0,0,0,1,1,0,0,0,0,0,5,2,0,0,device detected,device detected,device detected,no device,device detected,no device,"('r31', 0)","('c1', 0)",11:54:45,2,2,3,1,0,0,1,2,3,1,0,0,0,5,0,3,0,2,2,0,5,1,5,0,1,0,0,1,0,0,0,3,1,1,0,3,0
939,motion,motion,motion,motion,motion,motion,0,0,0,2,1,0,1,0,0,0,5,1,0,0,device detected,device detected,device detected,no device,device detected,no device,"('r32', 3)","('r14', 4)",11:55:00,2,1,3,1,0,0,1,3,3,1,0,0,0,4,0,3,1,2,2,0,5,2,5,0,1,0,0,1,0,0,0,3,1,1,1,1,0
940,motion,motion,no motion,motion,motion,no motion,0,0,0,0,0,0,1,1,0,0,5,1,0,1,device detected,device detected,device detected,no device,device detected,no device,"('r31', 0)","('c1', 1)",11:55:15,2,1,2,1,0,0,1,3,3,1,0,1,0,4,0,3,1,2,2,0,5,2,5,0,1,0,1,1,0,0,0,3,1,1,1,0,0
941,motion,motion,motion,motion,motion,motion,0,0,0,0,1,0,0,0,1,0,5,1,0,0,device detected,device detected,device detected,device detected,device detected,no device,"('r32', 3)","('r28', 1)",11:55:30,2,1,2,1,0,0,1,3,3,1,0,0,0,5,0,3,0,2,2,0,5,2,5,0,1,1,0,1,0,0,0,3,1,1,0,2,0
942,motion,motion,no motion,motion,motion,motion,0,0,1,0,0,0,1,0,0,0,5,1,1,0,device detected,device detected,device detected,device detected,device detected,no device,"('r27', 0)","('c1', 1)",11:55:45,2,1,2,1,0,1,1,4,3,1,0,0,0,4,0,3,0,2,2,1,5,2,5,0,1,0,0,1,0,0,0,3,1,1,1,0,0
943,motion,motion,no motion,motion,motion,motion,0,0,0,0,0,0,0,1,0,0,6,1,0,2,device detected,device detected,device detected,device detected,no device,no device,"('r26', 0)","('c2', 0)",11:56:00,2,1,2,1,0,1,1,4,3,1,0,0,0,3,0,3,0,2,2,0,5,3,6,0,1,0,2,1,0,0,0,2,1,1,0,0,0
944,motion,motion,no motion,no motion,motion,motion,0,0,0,0,0,0,1,1,0,0,6,1,0,1,no device,device detected,no device,device detected,device detected,no device,"('r20', 0)","('r8', 4)",11:56:15,2,1,2,1,0,2,1,4,3,1,0,0,0,2,0,3,0,2,2,0,5,3,6,0,0,1,1,1,0,0,0,2,1,1,0,1,0
945,motion,motion,no motion,motion,motion,no motion,0,0,0,0,0,0,0,1,0,1,5,0,1,1,no device,device detected,device detected,device detected,device detected,no device,"('r19', 2)","('c2', 1)",11:56:30,2,1,2,1,0,3,1,4,3,1,0,0,0,1,0,3,0,2,2,1,5,3,5,0,0,0,1,0,0,0,0,2,1,1,2,1,0
946,motion,motion,no motion,motion,motion,motion,0,2,0,0,1,1,1,1,0,1,5,1,1,0,no device,device detected,device detected,no device,device detected,no device,"('r19', 2)","('r9', 3)",11:56:45,2,1,2,1,0,3,1,4,3,1,0,0,0,2,0,1,1,1,2,1,5,2,5,0,0,0,0,1,0,0,0,2,1,1,1,4,0
947,motion,motion,no motion,motion,motion,no motion,0,0,1,0,0,2,1,0,0,0,5,1,0,0,no device,device detected,device detected,device detected,no device,no device,"('r20', 0)","('r9', 1)",11:57:00,2,1,2,1,0,2,1,3,1,1,0,0,0,5,1,1,1,3,2,0,5,0,5,0,0,1,0,0,0,0,0,2,1,2,0,5,0
948,motion,motion,motion,motion,motion,no motion,0,1,0,0,0,1,0,0,0,0,5,1,0,0,no device,device detected,device detected,device detected,no device,no device,"('r20', 0)","('c2', 3)",11:57:15,2,1,2,1,0,2,1,3,1,2,0,1,0,5,1,2,1,2,2,0,5,0,5,0,0,0,0,0,0,1,0,2,1,2,0,3,0
949,motion,motion,no motion,motion,motion,no motion,0,0,0,0,0,0,0,0,0,0,4,1,0,0,no device,device detected,device detected,device detected,no device,no device,"('r23', 5)","('r17', 1)",11:57:30,2,1,3,0,1,2,1,3,1,2,0,0,0,5,0,2,1,2,2,0,5,0,5,0,0,0,0,0,0,1,0,2,1,2,0,4,0
950,motion,motion,no motion,motion,motion,motion,0,1,0,1,0,0,0,0,0,0,5,2,0,0,no device,device detected,device detected,device detected,no device,no device,"('r23', 5)","('c2', 1)",11:57:45,2,2,2,0,1,2,2,3,1,3,0,0,0,5,0,3,1,2,2,0,5,0,5,0,0,0,0,0,0,1,0,2,1,2,0,1,0
951,motion,motion,no motion,motion,motion,motion,0,0,0,0,0,0,0,0,0,0,4,2,1,0,no device,device detected,device detected,no device,no device,no device,"('r20', 1)","('r7', 1)",11:58:00,2,2,2,0,1,2,1,3,1,2,0,0,0,5,0,3,1,2,2,1,5,0,4,0,0,0,0,1,0,1,0,2,1,1,0,3,0
952,motion,motion,no motion,motion,motion,motion,0,0,2,0,0,0,0,0,0,0,3,3,1,0,no device,device detected,device detected,device detected,device detected,no device,"('r19', 2)","('r7', 1)",11:58:15,1,3,2,0,1,2,1,3,1,2,0,0,0,4,0,3,1,2,2,1,5,1,3,0,0,1,0,1,0,1,0,2,1,1,0,3,0
953,motion,motion,no motion,motion,motion,motion,0,0,0,1,0,0,0,0,0,0,4,2,0,1,no device,device detected,device detected,device detected,device detected,no device,"('r20', 0)","('c2', 3)",11:58:30,1,2,3,0,1,2,1,3,1,2,0,0,0,3,0,3,1,2,2,0,5,2,4,0,0,0,1,1,0,1,0,2,1,1,0,3,0
954,motion,motion,no motion,motion,motion,no motion,0,0,0,0,0,0,0,1,0,0,4,0,0,0,no device,device detected,device detected,device detected,device detected,no device,"('r26', 0)","('r18', 2)",11:58:45,3,0,1,0,1,2,1,3,1,2,0,2,0,3,0,3,1,2,2,0,5,2,4,0,0,0,0,0,0,1,0,2,1,2,1,3,0
955,motion,motion,no motion,motion,motion,no motion,0,1,0,0,0,1,1,0,0,0,4,0,0,2,no device,device detected,device detected,device detected,device detected,no device,"('r20', 0)","('c2', 4)",11:59:00,3,0,1,0,0,2,1,3,1,2,0,0,0,4,0,4,1,3,2,0,3,2,4,0,0,0,2,0,0,1,0,2,1,2,0,4,0
956,motion,motion,no motion,motion,motion,no motion,0,2,0,0,1,3,0,1,1,0,4,0,0,0,no device,no device,device detected,no device,device detected,no device,"('r23', 4)","('r15', 0)",11:59:15,3,0,1,0,0,2,0,3,1,1,0,0,0,2,0,2,0,4,2,0,3,3,4,0,0,0,0,0,0,1,0,3,1,2,2,8,0
957,motion,motion,no motion,motion,motion,no motion,0,1,0,0,0,1,1,1,0,0,4,1,0,1,device detected,device detected,device detected,device detected,device detected,no device,"('r20', 0)","('c2', 8)",11:59:30,2,1,1,0,0,2,0,3,1,0,0,0,0,2,0,3,0,5,2,0,3,3,4,0,0,0,1,0,0,1,0,3,1,2,0,8,0
958,motion,motion,no motion,motion,motion,motion,0,2,0,2,1,2,0,0,0,0,4,0,0,0,no device,device detected,device detected,device detected,device detected,no device,"('r26', 0)","('r18', 7)",11:59:45,2,0,3,0,0,2,1,3,1,0,0,0,0,2,0,5,1,7,2,0,4,3,4,0,0,0,0,1,0,1,0,3,1,1,0,1,0
959,motion,motion,no motion,motion,motion,motion,0,0,0,1,0,0,0,0,0,0,4,1,0,0,no device,device detected,no device,device detected,device detected,no device,"('r20', 0)","('r18', 7)",12:00:00,2,1,2,0,0,2,1,3,1,0,0,0,0,3,0,5,1,7,2,0,4,2,4,0,0,0,0,1,0,1,0,3,0,2,0,1,0
960,motion,motion,no motion,motion,motion,no motion,0,0,0,0,0,0,0,0,0,0,4,0,0,0,no device,device detected,device detected,device detected,device detected,device detected,"('r23', 4)","('r18', 7)",12:00:15,3,0,1,0,0,2,1,3,1,0,0,1,0,3,0,5,1,7,2,0,4,2,4,0,0,0,0,0,0,1,0,3,0,3,0,1,0
961,motion,motion,no motion,motion,motion,motion,0,0,0,0,0,0,0,0,0,0,4,0,0,0,no device,device detected,device detected,no device,no device,no device,"('r20', 0)","('c2', 2)",12:00:30,3,0,1,0,0,2,1,3,1,0,0,0,0,3,0,5,1,7,2,0,4,1,4,0,0,0,0,0,0,1,0,3,0,3,0,2,1
962,motion,motion,no motion,motion,motion,no motion,0,0,0,0,0,0,1,0,0,0,4,0,0,0,no device,device detected,no device,no device,device detected,no device,"('r20', 0)","('r7', 1)",12:00:45,3,0,1,0,0,3,1,3,1,0,0,0,0,2,0,5,1,7,2,0,4,1,4,0,0,0,1,0,0,1,0,2,0,3,1,1,1
963,motion,motion,no motion,motion,motion,motion,0,0,0,0,0,0,0,2,0,0,4,0,0,1,no device,device detected,device detected,device detected,device detected,device detected,"('r20', 0)","('r7', 1)",12:01:00,3,0,1,0,0,3,1,3,1,0,0,0,0,2,0,5,1,7,2,0,4,1,4,0,0,0,1,0,0,1,0,2,0,3,1,1,1
964,motion,motion,no motion,motion,motion,no motion,0,0,0,0,0,0,0,0,1,0,4,0,0,1,device detected,device detected,device detected,device detected,device detected,no device,"('r26', 0)","('c2', 1)",12:01:15,3,0,1,0,0,3,1,3,1,0,0,0,0,3,0,5,1,7,2,0,4,1,4,0,0,0,1,0,0,1,0,2,0,3,0,1,1
965,motion,motion,no motion,motion,motion,no motion,0,0,0,0,0,0,0,0,0,0,4,0,0,0,no device,device detected,device detected,device detected,device detected,no device,"('r26', 1)","('r15', 0)",12:01:30,3,0,1,0,0,3,1,3,1,0,0,0,0,3,0,5,1,7,2,0,4,1,4,0,0,1,0,0,0,1,0,2,0,3,0,1,1
966,motion,motion,motion,motion,motion,motion,0,0,1,0,0,0,0,0,0,0,4,0,1,1,no device,device detected,device detected,device detected,device detected,no device,"('r25', 0)","('c2', 1)",12:01:45,3,0,1,0,0,3,1,3,1,0,0,0,0,3,0,5,1,7,2,1,3,1,4,0,0,0,1,1,0,1,0,2,0,2,0,1,1
967,motion,motion,no motion,motion,motion,motion,0,0,0,0,0,1,0,1,0,0,5,0,0,0,no device,device detected,device detected,device detected,no device,no device,"('r29', 0)","('r17', 1)",12:02:00,3,0,1,0,0,3,1,3,1,0,0,0,0,3,0,5,1,6,2,0,2,1,5,0,0,1,0,1,0,1,0,2,0,2,1,2,1
968,motion,motion,no motion,motion,motion,motion,0,0,1,0,0,0,1,0,0,0,5,0,2,0,no device,device detected,device detected,device detected,device detected,no device,"('r29', 0)","('r17', 1)",12:02:15,3,0,1,0,0,3,1,3,1,0,0,0,0,3,0,5,1,6,1,2,2,1,5,0,0,0,0,1,0,1,0,2,0,2,0,3,1
969,motion,motion,no motion,motion,motion,motion,0,1,0,0,0,1,0,0,0,0,6,0,1,1,no device,device detected,device detected,device detected,device detected,no device,"('r30', 1)","('c2', 3)",12:02:30,3,0,1,0,0,3,1,3,1,0,0,0,0,2,0,4,1,7,1,1,2,2,6,0,0,0,1,1,0,1,0,1,0,2,0,3,1
970,motion,motion,no motion,no motion,motion,motion,0,2,0,0,0,0,1,1,2,0,6,0,1,0,no device,no device,no device,device detected,device detected,no device,"('r30', 1)","('r15', 0)",12:02:45,3,0,1,0,1,2,1,3,1,0,0,0,0,1,0,2,1,7,1,1,2,2,6,0,0,0,0,2,0,1,0,1,0,1,3,4,1
971,motion,motion,no motion,motion,motion,motion,0,1,0,0,1,3,2,1,0,1,5,0,2,1,no device,no device,no device,device detected,device detected,no device,"('r29', 0)","('c2', 3)",12:03:00,3,0,1,0,1,2,1,3,1,0,0,0,1,1,0,1,2,9,1,2,2,2,5,0,0,0,1,1,0,1,0,1,0,1,1,3,1
972,motion,motion,no motion,motion,motion,motion,0,0,0,0,0,1,0,1,0,0,5,0,1,2,no device,no device,device detected,device detected,device detected,no device,"('r25', 0)","('r18', 8)",12:03:15,3,0,1,0,0,3,1,3,1,0,0,2,2,1,0,1,2,8,2,1,2,2,5,0,0,0,2,2,0,1,0,1,0,0,0,1,1
973,motion,motion,no motion,motion,motion,motion,0,0,0,0,0,0,1,0,0,0,5,0,1,0,device detected,device detected,device detected,no device,no device,no device,"('r29', 0)","('c2', 0)",12:03:30,3,0,3,0,0,3,1,3,1,0,0,0,2,3,0,1,2,8,2,1,3,0,5,0,0,1,0,2,0,1,0,1,0,0,1,0,1
974,motion,motion,no motion,motion,motion,motion,0,0,1,2,1,0,0,1,0,0,5,2,2,1,no device,device detected,device detected,device detected,no device,no device,"('r25', 0)","('r8', 3)",12:03:45,3,2,1,0,0,2,1,3,1,0,0,0,2,4,0,1,1,8,2,2,3,0,5,0,0,0,1,2,0,1,0,1,0,0,0,1,1
975,motion,motion,no motion,motion,motion,motion,0,0,0,0,1,1,0,0,0,0,5,0,1,1,no device,device detected,device detected,device detected,no device,no device,"('r29', 0)","('r8', 3)",12:04:00,5,0,1,0,0,2,1,3,1,0,0,0,1,4,0,1,2,7,2,1,3,0,6,0,0,0,1,1,0,1,0,1,0,1,0,2,1
976,motion,motion,no motion,no motion,motion,no motion,0,0,0,0,1,2,1,0,0,0,6,0,1,0,no device,device detected,device detected,device detected,no device,no device,"('r30', 1)","('r8', 3)",12:04:15,5,0,1,0,0,3,1,3,1,0,0,0,1,3,0,1,1,7,2,1,3,0,6,0,0,1,0,0,0,1,0,1,0,2,1,2,1
977,motion,motion,no motion,motion,motion,no motion,0,0,1,0,0,5,0,1,1,0,6,0,2,0,no device,device detected,device detected,device detected,no device,no device,"('r26', 1)","('c2', 5)",12:04:30,5,0,1,0,1,2,1,3,1,0,0,0,1,2,0,1,1,4,2,2,3,0,6,0,0,1,0,0,0,1,0,1,0,2,1,5,1
978,motion,motion,no motion,motion,motion,no motion,0,0,1,0,0,1,3,0,0,0,7,0,2,0,no device,device detected,device detected,device detected,no device,no device,"('r26', 0)","('c2', 3)",12:04:45,5,0,1,0,1,2,1,3,2,0,0,1,1,2,0,1,1,3,2,2,3,0,7,0,0,0,0,0,0,1,0,1,0,2,2,3,1
979,motion,motion,no motion,motion,motion,no motion,0,1,0,0,0,1,0,2,0,0,9,0,0,2,no device,device detected,device detected,device detected,no device,device detected,"('r27', 2)","('r8', 3)",12:05:00,5,0,2,0,0,3,2,3,2,0,0,0,1,2,0,2,1,2,2,0,3,0,9,0,0,0,2,0,0,1,0,1,0,2,0,2,1
980,motion,motion,motion,no motion,motion,no motion,0,0,0,0,0,0,0,0,0,0,9,0,0,0,no device,device detected,device detected,device detected,no device,no device,"('r27', 0)","('c2', 0)",12:05:15,5,0,2,0,0,3,3,3,2,0,0,0,1,2,1,2,1,2,2,0,4,0,9,0,0,1,0,0,0,1,0,1,0,2,0,0,1
981,motion,motion,no motion,motion,motion,no motion,0,0,1,0,0,0,0,0,0,0,9,0,1,0,no device,device detected,device detected,device detected,no device,no device,"('r21', 4)","('r17', 1)",12:05:30,5,0,2,0,0,3,3,3,2,0,0,0,1,2,0,2,1,2,2,1,4,0,9,0,0,0,0,0,0,1,0,1,0,2,0,1,1
982,motion,motion,no motion,motion,motion,no motion,0,0,0,0,0,1,0,0,0,0,10,0,0,0,no device,device detected,device detected,device detected,no device,no device,"('r21', 4)","('r17', 1)",12:05:45,5,0,2,0,0,2,3,3,2,0,0,0,1,3,0,2,1,3,2,0,4,0,10,0,0,0,0,0,0,1,0,1,0,2,0,0,1
983,motion,motion,no motion,motion,motion,no motion,0,0,0,0,0,1,0,0,0,0,10,0,0,0,no device,device detected,device detected,device detected,device detected,no device,"('r27', 0)","('r17', 1)",12:06:00,5,0,2,0,0,2,2,3,1,0,0,0,1,3,0,2,1,2,2,0,4,1,10,0,0,0,0,0,0,1,0,1,0,2,0,3,0
984,motion,motion,motion,motion,motion,motion,0,2,0,0,1,0,0,0,0,0,10,0,0,1,no device,device detected,device detected,device detected,device detected,no device,"('c1', 0)","('c2', 1)",12:06:15,5,0,2,0,0,2,2,4,1,0,0,0,1,3,0,2,2,2,2,0,3,1,10,0,0,0,1,1,0,1,0,1,0,1,0,1,0
985,motion,motion,no motion,motion,motion,motion,0,0,0,0,0,0,0,0,0,1,10,0,0,1,no device,device detected,device detected,no device,device detected,no device,"('r28', 1)","('r15', 1)",12:06:30,5,0,2,0,0,2,2,4,1,0,0,0,1,3,1,2,2,2,2,0,3,1,10,0,0,0,1,1,0,1,0,1,0,0,1,0,0
986,motion,motion,motion,motion,motion,motion,0,0,0,0,1,0,0,1,0,0,10,0,0,1,no device,device detected,device detected,device detected,device detected,device detected,"('r34', 0)","('r15', 0)",12:06:45,5,0,2,0,0,2,2,4,1,0,0,0,1,3,0,2,1,2,2,0,3,1,10,0,0,0,2,1,0,1,0,1,0,0,0,2,0
987,motion,motion,no motion,motion,motion,motion,0,0,0,0,0,0,0,0,0,0,9,0,1,1,no device,device detected,device detected,device detected,device detected,no device,"('r28', 1)","('r15', 0)",12:07:00,5,0,2,0,0,2,2,4,1,0,0,0,1,3,0,2,1,2,2,1,3,1,9,0,0,1,1,1,0,1,0,1,0,0,0,2,0
988,motion,motion,no motion,motion,motion,motion,0,0,1,0,0,1,0,0,0,0,9,0,2,1,no device,device detected,device detected,device detected,device detected,no device,"('r34', 0)","('r15', 0)",12:07:15,5,0,2,0,0,2,2,5,1,0,0,0,1,3,0,2,1,1,2,2,3,1,9,0,0,0,1,1,0,1,0,1,0,0,0,2,0
989,motion,motion,motion,no motion,motion,motion,0,1,0,0,0,0,0,0,0,0,6,0,5,0,no device,device detected,device detected,device detected,device detected,no device,"('r28', 1)","('r15', 0)",12:07:30,5,0,2,0,0,1,2,5,1,1,0,0,1,3,0,3,1,1,2,5,3,2,6,0,0,0,1,1,0,1,0,1,0,0,0,0,0
990,motion,motion,no motion,motion,no motion,motion,0,0,0,0,0,0,0,0,1,0,4,0,8,1,no device,device detected,device detected,device detected,device detected,no device,"('r28', 1)","('r15', 0)",12:07:45,5,0,2,0,0,1,2,5,1,0,0,0,1,2,0,3,1,1,1,8,3,2,4,0,0,0,1,1,0,1,0,1,0,0,1,1,0
991,motion,motion,no motion,motion,motion,motion,0,1,0,0,0,0,0,1,0,0,5,0,7,2,no device,no device,device detected,no device,device detected,no device,"('r28', 1)","('c2', 3)",12:08:00,5,0,2,0,0,1,2,5,0,0,0,0,1,3,0,2,1,1,1,7,3,1,5,0,0,0,2,1,0,1,0,1,0,0,0,3,0
992,motion,motion,no motion,motion,motion,no motion,0,0,0,0,0,0,0,0,0,0,5,1,7,1,no device,device detected,device detected,device detected,device detected,device detected,"('r24', 1)","('r8', 4)",12:08:15,4,1,2,0,0,1,2,4,0,2,0,0,1,3,0,2,1,1,1,7,3,1,5,1,0,0,1,0,0,1,0,2,0,0,0,2,0
993,motion,no motion,motion,motion,motion,motion,0,2,0,1,0,0,0,0,0,0,4,0,7,1,no device,device detected,device detected,device detected,no device,no device,"('r22', 0)","('r8', 3)",12:08:30,4,0,3,0,0,2,1,3,0,2,0,0,1,3,0,0,1,1,1,7,3,0,5,0,0,0,1,1,0,1,0,2,0,0,0,6,0
994,motion,motion,no motion,motion,motion,motion,0,0,0,0,0,0,1,0,0,0,5,0,7,1,no device,device detected,device detected,device detected,no device,no device,"('r24', 0)","('r8', 4)",12:08:45,4,0,2,0,0,2,1,4,0,2,0,1,1,3,0,0,1,1,1,7,3,0,5,0,0,0,1,1,0,1,0,2,0,0,1,4,0
995,motion,motion,no motion,motion,motion,motion,0,0,1,1,0,0,0,1,0,0,5,1,2,2,no device,device detected,device detected,device detected,no device,no device,"('r28', 1)","('c2', 5)",12:09:00,4,1,1,0,0,1,1,4,0,2,0,0,1,4,0,0,1,1,5,2,3,0,5,0,0,1,2,1,0,1,0,2,0,0,0,5,0
996,motion,motion,no motion,motion,motion,motion,0,0,0,0,0,0,1,1,0,0,5,1,3,1,no device,device detected,device detected,device detected,no device,no device,"('r28', 1)","('r9', 0)",12:09:15,4,1,1,0,0,1,1,4,0,4,0,0,1,4,0,0,1,1,4,3,3,0,5,0,0,1,1,1,0,1,0,2,0,0,2,2,0
997,motion,motion,no motion,motion,motion,no motion,0,0,2,0,0,1,1,2,0,1,5,1,3,1,no device,device detected,device detected,device detected,no device,no device,"('r24', 0)","('r9', 0)",12:09:30,4,1,1,0,0,1,1,3,0,4,0,0,1,4,0,0,1,2,4,3,3,0,5,0,0,2,1,0,0,0,0,2,0,0,2,3,0
998,motion,motion,no motion,motion,motion,motion,0,0,0,0,0,0,0,1,0,1,5,1,2,0,no device,device detected,device detected,device detected,no device,no device,"('r22', 0)","('r9', 1)",12:09:45,4,1,1,0,0,1,1,3,1,4,0,0,0,4,0,0,1,2,5,2,3,0,5,0,1,1,0,1,0,0,0,2,0,0,2,3,0
999,motion,motion,motion,motion,motion,no motion,0,0,1,0,0,1,1,0,0,0,5,1,3,0,device detected,device detected,device detected,no device,no device,no device,"('outside', 0)","('r9', 2)",12:10:00,4,1,1,0,0,1,1,3,2,4,0,0,0,4,0,0,1,1,5,3,3,0,5,0,1,0,0,0,0,0,0,2,0,1,1,4,0
1000,motion,motion,no motion,motion,motion,no motion,0,0,0,0,0,0,0,0,0,0,6,1,2,0,device detected,device detected,device detected,device detected,no device,no device,"('r22', 0)","('c2', 3)",12:10:15,4,1,1,0,0,1,1,3,2,4,0,0,1,4,0,0,1,1,5,2,3,0,6,0,1,0,0,0,0,0,0,2,0,1,1,3,0
1001,motion,motion,no motion,motion,motion,motion,0,0,0,0,0,0,0,0,1,0,5,1,3,0,device detected,device detected,device detected,device detected,no device,no device,"('outside', 0)","('r11', 0)",12:10:30,4,1,1,0,0,1,2,3,2,3,0,0,1,5,0,0,1,1,5,3,3,0,5,0,1,0,0,0,0,0,0,2,0,1,0,3,0
1002,motion,motion,no motion,motion,motion,no motion,0,0,1,0,0,1,0,0,0,0,5,1,2,1,device detected,device detected,device detected,device detected,device detected,no device,"('outside', 0)","('c2', 3)",12:10:45,4,1,1,0,0,2,1,3,2,3,0,0,1,4,0,0,1,2,5,2,3,0,5,0,1,0,1,1,0,0,0,2,0,0,0,3,0
1003,motion,motion,no motion,motion,motion,motion,0,0,0,0,0,0,0,1,0,0,4,1,3,0,no device,device detected,device detected,device detected,no device,no device,"('outside', 0)","('r13', 1)",12:11:00,4,1,1,0,0,2,1,3,2,3,0,0,1,4,0,0,1,2,5,3,3,0,4,0,1,0,0,1,0,0,0,2,0,0,1,3,0
1004,motion,motion,no motion,motion,motion,motion,0,1,1,0,0,0,0,0,0,1,4,1,2,0,device detected,device detected,device detected,device detected,no device,no device,"('r22', 0)","('r13', 0)",12:11:15,4,1,1,0,0,2,1,3,2,3,0,0,0,4,0,1,1,2,5,2,3,0,4,0,1,0,1,2,0,0,0,2,0,0,0,3,0
1005,motion,motion,no motion,motion,motion,motion,0,0,0,0,0,0,0,1,1,0,4,1,2,0,device detected,device detected,device detected,device detected,no device,no device,"('r14', 5)","('r13', 0)",12:11:30,4,1,1,0,0,2,1,2,2,3,0,0,0,5,0,1,1,2,5,2,3,0,4,0,1,0,0,1,0,0,0,2,0,1,0,4,0
1006,motion,motion,no motion,motion,motion,motion,0,1,0,0,0,2,0,0,0,0,5,1,1,0,device detected,device detected,device detected,device detected,no device,no device,"('r22', 0)","('c2', 6)",12:11:45,4,1,1,0,0,3,0,2,2,2,0,0,0,4,0,2,1,1,5,1,3,0,5,0,1,0,0,1,0,0,0,2,1,0,0,6,0
1007,motion,motion,no motion,motion,motion,no motion,0,1,0,1,0,0,0,0,0,1,4,0,1,0,device detected,device detected,device detected,device detected,device detected,no device,"('r22', 1)","('r13', 0)",12:12:00,4,0,2,0,0,3,0,1,3,2,0,2,0,3,0,3,1,1,5,1,3,1,5,0,1,0,0,0,0,0,0,2,1,0,1,3,0
1008,motion,motion,no motion,motion,motion,no motion,0,0,0,0,0,0,0,0,1,0,5,0,1,1,no device,device detected,device detected,device detected,device detected,no device,"('r24', 0)","('r13', 0)",12:12:15,4,0,3,0,0,3,1,1,3,2,0,1,0,4,0,3,1,1,5,1,2,1,5,0,1,0,1,0,0,0,0,2,0,1,0,2,0
1009,motion,motion,no motion,motion,motion,no motion,0,0,0,1,0,0,0,1,1,0,6,0,1,1,device detected,device detected,device detected,device detected,device detected,no device,"('r24', 0)","('r13', 0)",12:12:30,5,0,2,0,0,3,1,1,3,2,0,0,0,3,0,3,1,1,4,1,1,1,6,0,1,0,1,0,0,0,0,2,0,1,2,3,0
1010,motion,motion,no motion,motion,motion,no motion,0,0,1,0,0,1,1,0,0,0,5,0,1,0,device detected,device detected,device detected,device detected,device detected,no device,"('r28', 0)","('c2', 3)",12:12:45,5,0,2,0,0,4,1,1,3,2,0,0,0,2,0,3,1,2,4,1,1,1,5,0,1,1,0,0,0,1,0,2,0,1,1,3,0
1011,motion,motion,no motion,motion,motion,no motion,0,0,2,0,0,1,0,0,0,0,5,0,1,0,device detected,device detected,device detected,device detected,device detected,no device,"('c1', 1)","('r11', 0)",12:13:00,5,0,2,0,0,4,0,1,3,3,0,0,1,2,0,3,1,3,4,1,1,1,5,0,1,1,0,0,0,1,0,2,0,1,1,1,0
1012,motion,motion,no motion,motion,motion,no motion,0,1,0,0,0,0,0,0,0,0,5,0,0,2,device detected,device detected,no device,device detected,device detected,no device,"('r28', 0)","('c2', 2)",12:13:15,5,0,2,0,0,4,0,1,2,3,1,0,1,2,0,2,1,3,5,0,0,1,5,0,1,0,2,0,0,1,0,2,0,1,1,2,0
1013,motion,motion,no motion,motion,motion,no motion,0,0,0,0,0,0,0,2,1,0,5,0,0,0,device detected,device detected,no device,device detected,device detected,no device,"('r28', 0)","('r11', 1)",12:13:30,5,0,2,1,0,3,1,1,2,2,1,0,1,3,0,2,1,3,5,0,0,1,5,0,1,0,0,0,0,1,0,2,0,1,2,2,0
1014,motion,motion,no motion,motion,motion,no motion,0,2,0,0,0,0,0,0,3,0,5,0,0,0,device detected,device detected,no device,device detected,device detected,no device,"('c1', 1)","('c2', 2)",12:13:45,5,0,2,1,0,3,2,1,2,2,0,0,1,3,0,2,1,3,5,0,0,2,5,0,1,0,0,0,0,1,0,2,0,1,1,2,0
1015,motion,motion,motion,motion,motion,motion,0,0,0,0,0,0,1,0,1,0,5,0,0,0,device detected,device detected,no device,device detected,device detected,no device,"('c2', 1)","('r9', 2)",12:14:00,5,0,2,1,0,4,2,2,2,2,0,0,0,3,0,2,1,3,5,0,0,2,5,0,1,0,0,0,0,1,0,2,0,1,1,1,0
1016,motion,motion,motion,motion,motion,motion,0,1,0,0,0,0,0,0,0,1,5,0,1,0,device detected,device detected,no device,device detected,device detected,no device,"('r13', 0)","('r9', 2)",12:14:15,5,0,2,0,1,4,2,2,2,2,0,0,0,3,0,3,1,3,4,1,0,1,5,0,1,0,0,0,0,1,0,2,0,2,0,0,1
1017,motion,motion,no motion,motion,motion,no motion,0,0,0,0,0,0,0,0,0,0,6,0,0,0,device detected,device detected,no device,device detected,no device,device detected,"('r13', 0)","('r9', 2)",12:14:30,5,0,2,0,0,4,1,2,2,2,0,0,0,5,0,3,1,3,4,0,0,0,6,0,1,0,0,0,0,1,0,2,1,1,0,1,1
1018,motion,motion,no motion,motion,motion,no motion,0,0,0,0,0,0,0,0,0,0,6,0,1,0,device detected,device detected,no device,no device,device detected,no device,"('c2', 1)","('r9', 2)",12:14:45,5,0,2,0,0,3,1,2,2,2,0,0,0,5,0,3,1,3,3,1,0,1,6,0,1,0,0,0,0,1,0,2,1,1,0,1,1
1019,motion,motion,no motion,motion,motion,no motion,0,0,0,0,0,0,1,0,1,0,7,0,0,0,device detected,device detected,no device,device detected,device detected,no device,"('r17', 1)","('r9', 2)",12:15:00,5,0,2,0,0,5,1,2,2,2,0,0,0,2,0,3,1,3,3,0,0,1,7,0,1,0,0,0,0,1,0,2,1,1,2,0,1
1020,motion,motion,no motion,motion,motion,no motion,0,1,0,0,0,0,1,1,0,0,7,0,0,1,device detected,device detected,no device,device detected,device detected,no device,"('r17', 1)","('c2', 2)",12:15:15,5,0,2,0,0,5,1,2,1,2,0,0,0,2,1,2,1,3,3,0,0,1,7,0,1,0,1,0,0,1,0,2,1,1,0,2,1
1021,motion,motion,no motion,motion,motion,no motion,0,0,1,0,0,0,0,0,0,0,7,0,1,0,device detected,device detected,device detected,device detected,device detected,no device,"('r17', 1)","('r18', 3)",12:15:30,5,0,2,0,0,5,1,2,0,2,0,0,0,2,1,2,1,3,3,1,0,1,7,0,1,0,0,0,0,1,0,2,1,1,0,3,1
1022,motion,motion,no motion,motion,motion,no motion,0,0,0,0,0,0,1,0,0,0,8,0,0,0,device detected,device detected,no device,device detected,device detected,no device,"('r17', 1)","('r18', 3)",12:15:45,5,0,2,0,0,5,1,2,0,2,0,0,0,2,1,2,1,3,3,0,0,1,8,0,1,0,0,0,0,1,0,2,1,1,1,2,1
1023,motion,motion,no motion,motion,motion,no motion,0,0,0,0,0,0,0,1,0,0,8,0,0,1,device detected,device detected,no device,no device,device detected,no device,"('r17', 1)","('r18', 3)",12:16:00,5,0,2,0,0,5,1,2,0,2,0,0,0,2,1,2,1,3,3,0,0,1,8,0,1,0,1,0,0,1,0,2,1,1,0,2,1
1024,motion,motion,no motion,motion,motion,no motion,0,0,0,0,0,0,0,0,0,0,8,0,0,0,device detected,device detected,no device,device detected,device detected,no device,"('r17', 1)","('r18', 3)",12:16:15,5,0,2,0,0,5,1,2,0,2,0,0,0,2,1,2,1,3,3,0,0,1,8,0,1,0,0,0,0,1,0,3,1,1,0,2,1
1025,motion,motion,no motion,motion,motion,no motion,0,0,0,0,0,0,0,0,0,0,8,0,0,0,device detected,device detected,no device,device detected,no device,no device,"('c2', 1)","('c2', 1)",12:16:30,5,0,2,0,0,5,1,2,0,3,0,0,0,2,1,2,1,3,3,0,0,1,8,0,1,0,0,0,0,1,0,3,0,2,0,1,1
1026,motion,motion,no motion,motion,motion,no motion,0,0,0,0,0,0,0,0,0,0,8,1,0,0,device detected,device detected,no device,device detected,device detected,no device,"('c1', 0)","('r11', 0)",12:16:45,4,1,2,0,0,4,1,2,0,3,0,0,0,2,1,2,1,3,3,0,0,2,8,0,1,0,0,0,0,1,0,3,0,2,0,1,1
1027,motion,motion,no motion,motion,motion,no motion,0,0,0,0,0,0,0,0,0,0,8,2,1,0,device detected,no device,no device,device detected,device detected,no device,"('r27', 0)","('r11', 0)",12:17:00,3,2,2,0,0,4,1,1,0,3,0,0,0,2,1,2,1,3,2,1,0,2,8,0,1,0,0,0,0,1,0,3,0,2,0,2,1
1028,motion,motion,no motion,motion,motion,motion,0,0,1,1,0,0,1,0,0,0,8,1,0,0,device detected,device detected,no device,device detected,device detected,no device,"('r21', 0)","('r11', 0)",12:17:15,3,1,3,0,0,3,0,2,0,3,0,0,0,3,1,2,1,3,2,0,0,2,8,0,1,1,0,1,0,1,0,3,0,1,1,1,1
1029,motion,motion,no motion,motion,motion,motion,0,0,0,0,0,0,0,1,1,0,8,1,0,2,device detected,device detected,no device,device detected,device detected,no device,"('r27', 2)","('c2', 2)",12:17:30,3,1,3,0,0,3,0,2,0,2,0,0,0,3,1,2,1,3,2,0,0,1,8,0,1,0,2,1,0,1,0,3,0,1,1,2,1
1030,motion,motion,motion,motion,motion,motion,0,1,0,0,0,0,0,2,1,0,8,1,0,1,device detected,device detected,no device,device detected,device detected,no device,"('r26', 1)","('r11', 0)",12:17:45,3,1,3,0,0,3,1,2,0,2,0,0,0,2,1,1,1,3,2,0,0,1,8,0,1,1,1,1,0,1,0,3,0,1,2,2,1
1031,motion,motion,no motion,motion,motion,motion,0,0,1,0,1,0,2,0,1,0,8,1,0,0,device detected,device detected,device detected,no device,device detected,no device,"('r30', 1)","('c2', 2)",12:18:00,3,1,3,0,0,2,1,2,0,2,0,1,0,2,1,1,2,3,2,1,1,1,8,0,1,0,0,1,0,1,0,3,0,1,1,2,1
1032,motion,motion,no motion,motion,motion,motion,0,0,0,1,0,0,1,0,0,0,8,0,0,0,device detected,device detected,device detected,device detected,device detected,no device,"('r29', 0)","('r12', 0)",12:18:15,3,0,5,0,0,2,1,2,0,2,0,0,0,2,1,1,2,3,3,0,1,1,8,0,1,0,0,1,0,1,0,3,0,1,0,3,1
1033,motion,motion,no motion,motion,motion,motion,0,0,0,1,0,0,0,0,0,0,8,1,1,0,device detected,device detected,device detected,no device,device detected,device detected,"('r30', 1)","('c2', 1)",12:18:30,3,1,4,0,0,2,1,2,0,2,0,1,1,2,1,1,2,3,2,1,1,1,8,0,1,0,0,1,0,1,0,3,0,1,0,1,1
1034,motion,motion,motion,motion,motion,motion,0,0,1,0,0,0,0,0,0,0,8,0,0,1,device detected,device detected,device detected,device detected,device detected,device detected,"('r30', 1)","('r12', 0)",12:18:45,4,0,5,0,0,2,1,2,0,2,0,0,1,2,1,1,2,3,2,0,1,1,8,0,1,1,1,1,0,1,0,2,0,1,0,1,1
1035,motion,motion,no motion,motion,motion,motion,0,0,0,1,1,0,0,1,0,0,8,1,0,1,device detected,device detected,device detected,device detected,device detected,no device,"('r29', 0)","('r3', 4)",12:19:00,4,1,4,0,0,2,1,2,0,2,0,0,1,2,1,1,1,3,2,0,1,1,8,0,1,0,1,2,0,1,0,2,0,0,1,2,1
1036,motion,motion,no motion,motion,no motion,motion,0,0,0,0,1,0,0,1,0,1,8,2,0,0,device detected,device detected,no device,device detected,device detected,no device,"('r30', 1)","('r3', 4)",12:19:15,3,2,4,0,0,4,1,2,0,2,0,0,1,0,1,1,0,3,2,0,1,1,8,0,1,0,0,2,0,1,0,2,0,1,1,3,1
1037,motion,motion,no motion,motion,motion,motion,0,0,0,1,0,0,2,0,0,0,7,1,0,1,device detected,device detected,device detected,no device,device detected,no device,"('r26', 0)","('r3', 5)",12:19:30,3,1,5,0,0,4,1,2,1,2,0,0,1,0,1,1,0,3,2,0,1,1,8,0,1,0,1,2,0,1,0,1,0,1,1,2,1
1038,motion,motion,motion,motion,motion,motion,0,1,0,0,0,0,0,1,1,0,8,0,0,0,device detected,device detected,device detected,device detected,device detected,no device,"('r26', 0)","('r2', 0)",12:19:45,4,0,5,0,0,4,1,2,1,2,1,0,1,1,1,2,0,3,2,0,1,1,8,0,1,0,0,2,0,1,0,1,0,1,1,0,1
1039,motion,motion,no motion,motion,no motion,motion,0,0,0,0,0,0,1,0,0,0,8,0,0,0,no device,device detected,device detected,device detected,device detected,no device,"('r30', 1)","('r1', 4)",12:20:00,4,0,5,0,0,5,1,2,1,2,0,1,1,0,1,2,0,3,2,0,1,1,8,0,1,0,0,3,0,1,0,1,0,0,0,1,1
1040,motion,motion,motion,motion,no motion,motion,0,0,0,0,1,0,0,0,0,0,7,0,1,0,device detected,device detected,device detected,device detected,device detected,no device,"('r26', 0)","('r1', 4)",12:20:15,4,0,5,0,0,5,1,2,1,2,0,1,1,0,1,2,1,3,2,1,1,1,7,0,1,0,0,2,0,1,0,1,0,1,0,0,1
1041,motion,motion,no motion,motion,no motion,motion,0,0,0,0,0,1,1,0,0,0,6,0,2,0,device detected,device detected,device detected,device detected,device detected,no device,"('r26', 0)","('r2', 0)",12:20:30,4,0,5,0,0,5,1,2,1,2,0,0,1,0,1,2,1,2,2,2,1,1,6,0,1,0,0,2,0,1,0,1,0,1,1,1,1
1042,motion,motion,no motion,no motion,no motion,motion,0,0,2,0,0,0,1,0,1,0,3,0,3,0,device detected,device detected,device detected,device detected,device detected,no device,"('r30', 1)","('r1', 4)",12:20:45,4,0,5,0,0,5,1,2,1,2,0,0,1,0,1,2,1,2,2,3,1,2,3,0,1,2,0,3,0,1,0,1,0,0,1,0,1
1043,motion,motion,motion,motion,motion,motion,0,0,0,0,1,0,0,1,0,0,3,0,2,2,device detected,device detected,device detected,device detected,no device,no device,"('r26', 0)","('r1', 4)",12:21:00,4,0,5,0,0,5,1,2,1,2,0,0,1,1,1,2,0,2,2,3,1,1,3,0,1,0,2,3,0,2,0,1,0,0,0,1,1
1044,motion,motion,no motion,motion,motion,motion,0,0,0,0,0,0,0,1,1,0,3,0,3,0,no device,device detected,device detected,device detected,device detected,no device,"('r20', 3)","('r1', 4)",12:21:15,4,0,5,0,0,4,2,2,1,2,0,0,1,1,1,2,0,2,2,3,1,2,3,0,1,1,0,3,0,2,0,1,0,0,2,0,0
1045,motion,motion,no motion,motion,motion,motion,0,0,0,0,0,0,1,1,1,0,4,0,2,1,device detected,no device,device detected,device detected,device detected,no device,"('r20', 2)","('r2', 0)",12:21:30,4,0,5,0,0,4,2,2,1,2,0,0,1,1,0,2,0,2,2,2,1,1,4,0,2,0,1,3,0,2,0,1,0,0,1,2,0
1046,motion,motion,no motion,motion,motion,motion,0,0,0,0,0,1,0,1,2,0,5,0,1,1,device detected,device detected,device detected,no device,device detected,no device,"('r26', 0)","('r1', 4)",12:21:45,4,0,5,0,0,4,2,2,1,2,0,0,1,0,0,2,0,3,2,1,2,1,5,0,2,0,1,3,0,2,0,1,0,0,1,1,0
1047,motion,motion,no motion,motion,no motion,motion,0,1,0,0,0,0,0,1,0,0,5,0,1,1,device detected,device detected,device detected,device detected,no device,no device,"('r30', 2)","('r2', 0)",12:22:00,4,0,5,0,0,4,2,2,1,2,0,0,1,0,0,3,0,3,2,1,2,1,5,0,2,1,1,2,0,2,0,1,0,1,0,0,0
1048,motion,motion,motion,motion,motion,motion,0,0,1,0,0,0,0,0,0,0,4,0,3,1,device detected,device detected,device detected,device detected,device detected,no device,"('r29', 0)","('r1', 4)",12:22:15,4,0,5,0,0,4,2,2,1,2,0,0,1,0,0,3,0,3,2,3,2,1,4,0,2,0,1,2,0,2,0,1,0,1,0,0,0
1049,motion,motion,no motion,motion,no motion,motion,0,0,0,0,0,0,0,0,0,0,4,0,2,0,device detected,device detected,device detected,device detected,device detected,no device,"('r29', 0)","('r1', 4)",12:22:30,4,0,5,0,0,4,1,2,1,2,0,0,1,0,0,3,0,3,3,2,2,1,4,0,2,1,0,2,0,2,0,1,0,1,0,1,0
1050,motion,motion,motion,motion,motion,motion,0,1,1,0,0,1,0,0,0,0,4,0,3,1,device detected,device detected,device detected,device detected,device detected,no device,"('r30', 2)","('r1', 4)",12:22:45,4,0,5,0,0,4,1,1,1,2,0,0,1,1,0,2,0,4,3,3,1,0,4,0,1,0,1,3,1,2,0,1,0,0,0,2,0
1051,motion,motion,no motion,no motion,motion,motion,0,0,0,0,0,0,1,0,0,0,5,0,2,2,device detected,device detected,device detected,device detected,no device,no device,"('r26', 0)","('r2', 0)",12:23:00,4,0,5,0,0,4,1,1,1,2,0,0,1,1,0,2,0,4,3,2,1,0,5,0,1,0,2,3,0,3,0,0,0,0,1,1,0
1052,motion,motion,no motion,motion,motion,motion,0,0,0,0,0,0,0,2,0,0,3,0,4,2,no device,device detected,no device,device detected,no device,no device,"('r30', 3)","('r2', 0)",12:23:15,4,0,5,0,0,4,2,1,1,2,0,0,1,1,0,2,0,4,3,4,0,0,3,0,1,1,2,3,0,3,0,0,0,0,1,0,0
1053,motion,motion,no motion,no motion,motion,motion,0,0,3,0,0,0,1,1,0,0,3,0,3,0,device detected,device detected,device detected,device detected,no device,device detected,"('r26', 3)","('r1', 4)",12:23:30,4,0,5,0,0,4,2,1,1,2,0,0,1,1,0,2,0,4,3,3,1,0,3,0,1,3,0,3,0,2,0,0,0,0,1,1,0
1054,motion,motion,no motion,motion,no motion,motion,0,0,1,0,0,0,1,1,0,0,3,0,2,1,device detected,device detected,device detected,no device,no device,device detected,"('r20', 2)","('r1', 4)",12:23:45,4,0,5,0,0,5,1,1,1,2,0,0,1,0,0,2,0,4,3,2,1,0,3,0,1,1,1,2,0,3,0,0,0,1,1,3,0
1055,motion,motion,no motion,motion,motion,motion,0,1,0,0,0,0,1,1,0,0,3,0,3,0,device detected,device detected,device detected,device detected,no device,no device,"('r23', 3)","('r2', 0)",12:24:00,4,0,5,0,0,5,1,1,1,2,0,1,0,0,0,3,0,4,2,3,1,0,3,0,1,0,0,1,0,4,0,0,0,2,1,3,0
1056,motion,motion,motion,motion,no motion,motion,0,0,1,1,0,2,1,0,0,0,3,1,2,1,no device,device detected,device detected,device detected,no device,no device,"('r23', 3)","('r1', 4)",12:24:15,4,1,5,0,0,5,1,1,1,2,0,1,0,0,0,3,0,3,2,2,1,0,3,0,0,0,1,1,1,4,0,0,1,1,0,4,0
1057,motion,motion,motion,motion,motion,motion,0,1,0,1,0,1,0,1,0,0,3,2,2,0,no device,device detected,device detected,device detected,no device,no device,"('r20', 2)","('r2', 2)",12:24:30,4,2,5,0,0,5,1,2,1,2,0,1,0,0,0,2,0,2,2,2,1,0,3,0,0,0,0,1,1,4,0,0,1,1,1,4,0
1058,motion,motion,no motion,no motion,no motion,motion,0,0,0,2,1,0,1,0,0,0,3,2,2,1,no device,device detected,no device,no device,no device,no device,"('r23', 3)","('r3', 6)",12:24:45,4,2,6,0,0,5,2,4,1,2,0,0,0,0,0,2,1,2,2,2,1,0,3,0,0,0,1,2,0,4,0,0,1,0,0,1,0
1059,motion,motion,no motion,motion,no motion,motion,0,0,0,0,0,0,0,0,0,0,3,2,2,0,no device,device detected,no device,device detected,no device,no device,"('r20', 2)","('r12', 1)",12:25:00,4,2,6,0,0,5,1,4,1,2,0,1,0,0,0,2,1,2,2,2,1,0,3,0,0,0,0,2,0,4,0,1,1,0,0,1,0
1060,motion,motion,no motion,no motion,no motion,motion,0,1,0,1,0,0,0,0,0,0,3,2,2,0,device detected,device detected,device detected,device detected,no device,no device,"('r23', 3)","('r12', 1)",12:25:15,3,2,7,0,0,5,0,4,1,1,0,1,0,0,0,3,1,2,2,2,1,0,3,0,0,0,0,2,0,4,0,1,1,0,0,2,0
1061,motion,motion,no motion,motion,motion,motion,0,0,0,0,0,0,1,0,0,0,3,1,1,0,device detected,device detected,device detected,device detected,no device,no device,"('r23', 3)","('r3', 6)",12:25:30,4,1,6,0,0,5,0,4,1,1,0,1,0,0,0,3,1,2,2,2,1,0,3,0,0,0,0,1,0,4,0,1,1,1,1,2,0
1062,motion,motion,no motion,motion,no motion,motion,0,1,0,2,0,0,1,1,0,0,3,1,2,1,no device,device detected,device detected,device detected,no device,no device,"('r23', 3)","('r3', 6)",12:25:45,4,1,6,0,0,5,0,4,1,1,1,0,0,0,0,4,1,2,2,2,1,0,3,0,0,1,1,1,0,3,0,1,1,1,1,0,0
1063,motion,motion,no motion,motion,no motion,no motion,0,0,0,0,0,0,0,1,0,0,3,0,2,2,no device,device detected,device detected,no device,no device,no device,"('r20', 2)","('r12', 0)",12:26:00,5,0,6,0,0,5,0,4,1,1,1,0,0,0,0,4,1,2,2,2,1,0,3,0,0,0,2,1,0,3,0,2,1,1,0,0,0
1064,motion,motion,no motion,motion,motion,motion,0,1,1,0,0,0,0,1,0,0,3,2,3,0,no device,device detected,device detected,device detected,no device,no device,"('r19', 2)","('r3', 6)",12:26:15,3,2,6,0,0,4,0,4,1,1,1,0,0,1,0,3,1,2,2,3,1,0,3,0,0,0,0,1,0,3,0,2,1,1,1,1,0
1065,motion,motion,no motion,motion,no motion,motion,0,0,0,0,0,0,0,0,1,1,3,2,3,0,no device,device detected,device detected,device detected,no device,no device,"('r19', 2)","('r3', 6)",12:26:30,3,2,6,0,0,4,0,4,1,1,1,0,0,0,0,3,1,2,2,3,1,0,3,0,0,0,0,2,0,3,0,2,1,1,1,1,0
1066,motion,motion,no motion,motion,no motion,motion,0,0,1,0,0,0,0,1,0,0,2,2,3,1,no device,device detected,device detected,device detected,no device,no device,"('r20', 3)","('r2', 2)",12:26:45,3,2,6,0,0,4,0,4,2,1,1,0,0,0,0,3,1,2,2,3,1,0,2,0,0,1,1,2,0,3,0,2,1,1,0,0,0
1067,motion,motion,no motion,motion,no motion,motion,0,0,0,0,0,0,0,0,0,0,2,2,2,0,no device,device detected,device detected,device detected,no device,no device,"('r20', 2)","('r3', 6)",12:27:00,3,2,6,0,0,4,0,4,2,1,0,0,0,0,0,3,1,2,3,2,2,0,2,0,0,1,0,3,0,3,0,2,1,0,0,1,0
1068,motion,motion,no motion,motion,no motion,motion,0,0,0,0,0,0,0,0,0,0,3,2,1,0,no device,no device,no device,device detected,no device,device detected,"('r20', 1)","('r2', 2)",12:27:15,3,2,6,0,0,4,0,5,2,1,0,0,0,0,0,3,1,2,3,1,2,0,3,1,0,1,0,2,0,3,0,2,0,1,0,0,0
1069,motion,motion,motion,motion,no motion,motion,0,0,0,1,0,0,0,0,0,0,2,1,2,0,no device,device detected,device detected,device detected,device detected,no device,"('r26', 1)","('r1', 3)",12:27:30,3,1,7,0,0,4,0,5,2,1,0,0,0,0,0,3,1,2,3,2,2,1,2,0,0,1,0,2,0,3,0,2,0,1,0,0,0
1070,motion,motion,no motion,motion,no motion,motion,0,0,0,0,0,0,0,0,0,0,2,1,2,0,no device,device detected,no device,device detected,no device,no device,"('r25', 0)","('r1', 3)",12:27:45,3,1,7,0,0,4,0,5,1,1,0,0,0,0,0,3,1,2,3,2,2,0,2,1,0,1,0,1,0,3,0,2,0,2,0,1,0
1071,motion,motion,motion,motion,no motion,motion,0,0,1,0,0,0,0,0,0,0,2,1,2,0,no device,no device,device detected,device detected,no device,no device,"('r26', 2)","('r1', 3)",12:28:00,3,1,7,0,0,4,0,5,1,2,0,0,0,0,0,3,1,2,2,2,2,0,2,0,0,2,0,2,0,3,0,2,0,2,0,0,0
1072,motion,motion,no motion,motion,no motion,motion,0,0,0,0,0,0,0,0,0,0,2,1,2,0,no device,device detected,no device,device detected,no device,no device,"('r20', 2)","('r1', 3)",12:28:15,3,1,7,0,0,4,0,5,1,1,0,0,0,0,0,3,1,2,2,2,3,0,2,0,0,1,0,2,0,3,0,2,0,2,0,1,0
1073,motion,motion,no motion,motion,no motion,motion,0,0,0,0,0,0,0,0,0,0,1,1,3,0,no device,device detected,device detected,device detected,no device,no device,"('r23', 1)","('r2', 1)",12:28:30,3,1,7,0,0,4,0,5,0,1,0,0,0,0,0,3,1,2,2,3,3,0,1,0,0,1,0,2,0,3,0,2,0,2,0,2,0
1074,motion,motion,motion,motion,motion,motion,0,0,0,0,0,1,0,0,0,0,1,1,2,0,device detected,device detected,device detected,device detected,no device,no device,"('r20', 2)","('r1', 3)",12:28:45,3,1,7,0,0,4,0,5,1,1,0,0,0,0,0,3,1,3,3,2,3,0,1,0,1,1,0,2,0,2,0,2,0,2,0,0,0
1075,motion,motion,no motion,motion,no motion,motion,0,0,0,0,0,0,0,0,0,0,1,1,2,1,device detected,device detected,device detected,device detected,no device,no device,"('r23', 1)","('r2', 1)",12:29:00,3,1,7,0,0,4,0,5,1,1,0,0,0,0,0,3,1,3,3,2,3,0,1,0,1,0,1,2,0,2,0,2,0,2,0,0,0
1076,motion,motion,motion,motion,motion,motion,0,0,0,0,0,1,0,1,0,0,1,1,3,0,device detected,device detected,no device,device detected,no device,device detected,"('r23', 1)","('r3', 7)",12:29:15,3,1,7,0,0,4,0,5,1,1,0,0,0,0,0,3,1,2,2,3,3,0,1,0,1,0,0,2,0,2,0,2,1,1,1,1,0
1077,motion,motion,motion,motion,no motion,motion,0,0,0,0,0,1,1,0,0,0,1,1,3,0,device detected,device detected,device detected,device detected,no device,no device,"('r23', 1)","('r12', 0)",12:29:30,3,1,7,0,0,4,0,5,1,2,0,0,0,0,0,3,1,1,2,3,3,0,1,0,1,0,0,2,0,2,0,2,2,0,0,2,0
1078,motion,motion,no motion,motion,no motion,motion,0,0,1,0,0,0,0,0,0,0,1,1,2,0,device detected,device detected,device detected,device detected,no device,no device,"('r23', 1)","('r12', 0)",12:29:45,3,1,7,0,0,4,1,6,1,2,0,0,0,0,0,3,1,1,2,2,3,0,1,0,1,1,0,1,0,2,0,2,2,1,0,0,0
1079,motion,motion,no motion,motion,no motion,motion,0,0,0,0,0,0,0,0,0,0,1,1,2,0,device detected,device detected,device detected,no device,no device,no device,"('r23', 1)","('c2', 1)",12:30:00,3,1,7,0,0,4,1,5,1,2,0,0,0,0,0,3,1,1,2,2,2,0,1,0,1,0,1,2,0,3,0,2,1,1,0,1,0
1080,motion,motion,no motion,motion,no motion,motion,0,1,0,0,0,0,0,0,0,0,1,1,2,0,device detected,no device,device detected,device detected,no device,no device,"('r23', 1)","('r12', 0)",12:30:15,3,1,7,0,0,4,1,5,1,2,0,0,0,0,0,4,1,1,2,2,3,0,1,0,1,0,0,2,0,3,0,2,1,1,0,0,0
1081,motion,motion,no motion,motion,no motion,motion,0,0,0,0,0,0,0,0,0,0,1,1,1,0,device detected,device detected,device detected,device detected,no device,no device,"('r23', 1)","('r12', 0)",12:30:30,3,1,7,0,0,4,1,5,1,2,0,0,0,0,0,4,1,1,2,2,3,0,1,0,1,0,0,2,0,3,0,2,1,1,0,0,0
1082,motion,motion,no motion,motion,no motion,motion,0,0,0,0,0,0,0,0,0,0,1,1,2,0,device detected,device detected,device detected,no device,no device,no device,"('r23', 1)","('r12', 0)",12:30:45,3,1,7,0,0,4,1,5,1,2,0,0,0,0,0,4,1,1,2,2,3,0,1,0,1,0,0,2,0,3,0,2,1,1,0,0,0
1083,motion,motion,no motion,motion,no motion,motion,0,1,0,0,0,0,0,0,0,0,0,1,2,1,device detected,device detected,device detected,device detected,no device,no device,"('r23', 1)","('r12', 0)",12:31:00,3,1,7,0,0,4,1,5,1,2,0,0,0,0,0,3,1,1,2,2,3,0,1,0,1,0,1,2,0,3,0,1,1,1,0,1,0
1084,motion,motion,no motion,motion,no motion,motion,0,0,0,0,1,0,0,1,0,0,1,1,2,0,device detected,no device,device detected,device detected,no device,no device,"('r20', 2)","('c2', 0)",12:31:15,3,1,7,0,0,4,1,5,1,2,0,0,0,0,0,3,2,1,2,2,3,0,1,0,1,0,0,2,0,3,0,1,1,1,1,0,0
1085,motion,motion,motion,motion,motion,motion,0,0,0,0,1,0,1,0,0,0,1,1,2,0,device detected,device detected,device detected,device detected,no device,no device,"('r26', 0)","('r16', 3)",12:31:30,3,1,7,0,0,4,1,5,1,2,0,0,0,0,0,3,1,1,2,2,3,0,1,0,1,0,0,1,0,3,0,1,1,2,0,2,0
1086,motion,motion,no motion,motion,no motion,motion,0,0,0,0,1,1,0,0,0,0,1,0,2,1,device detected,device detected,device detected,device detected,no device,no device,"('r27', 1)","('c2', 1)",12:31:45,3,1,7,0,0,4,1,4,1,2,0,0,0,0,0,3,2,2,2,2,2,0,1,0,1,0,1,1,0,3,0,1,2,1,0,1,0
1087,motion,motion,motion,motion,no motion,motion,0,0,1,1,0,0,1,0,0,0,1,1,1,1,device detected,no device,no device,device detected,no device,device detected,"('r27', 1)","('r16', 3)",12:32:00,2,1,7,0,0,4,1,4,1,2,0,1,0,0,0,3,2,2,2,1,2,0,1,0,1,1,1,2,0,3,0,1,2,0,1,0,0
1088,motion,motion,no motion,motion,no motion,motion,0,1,0,1,0,0,0,1,0,0,1,0,0,3,device detected,device detected,device detected,device detected,no device,no device,"('r21', 2)","('c2', 2)",12:32:15,2,0,8,0,0,4,1,4,1,2,0,0,0,0,0,2,2,2,2,1,2,0,1,0,1,0,3,2,0,3,0,1,0,2,0,2,0
1089,motion,motion,motion,motion,no motion,motion,0,0,0,0,0,0,1,2,0,0,1,0,1,0,device detected,device detected,device detected,device detected,device detected,no device,"('r21', 2)","('r18', 2)",12:32:30,2,0,8,0,0,4,1,4,1,2,1,0,0,0,0,2,2,2,2,1,2,0,1,0,1,0,0,2,0,3,0,3,0,2,2,0,0
1090,motion,motion,no motion,motion,no motion,motion,0,0,0,0,0,0,1,1,0,0,0,0,2,0,device detected,device detected,device detected,device detected,no device,no device,"('r21', 2)","('c2', 1)",12:32:45,2,0,7,0,0,4,1,4,1,2,1,1,0,0,0,2,2,2,2,2,2,0,0,0,1,0,1,2,0,3,0,3,1,1,0,1,0
1091,motion,motion,no motion,motion,no motion,motion,0,0,0,0,0,0,0,0,0,0,0,0,1,3,device detected,device detected,device detected,device detected,device detected,no device,"('r21', 1)","('c2', 1)",12:33:00,2,0,6,0,0,4,1,4,1,2,1,1,0,0,1,2,2,2,3,1,1,0,0,0,1,1,3,2,0,3,0,1,0,2,0,1,0
1092,motion,motion,no motion,no motion,motion,motion,0,0,1,0,0,0,1,1,1,0,1,0,1,1,no device,device detected,device detected,device detected,no device,no device,"('r21', 2)","('r13', 0)",12:33:15,2,0,6,0,0,3,1,4,0,2,1,0,0,0,1,2,2,2,3,1,2,0,1,0,1,0,1,2,0,3,0,1,0,2,3,2,0
1093,motion,motion,no motion,motion,no motion,motion,0,0,0,0,1,0,3,2,0,0,1,0,1,3,device detected,device detected,device detected,device detected,no device,device detected,"('r21', 2)","('r13', 1)",12:33:30,2,0,6,0,0,3,1,4,0,2,1,0,1,0,1,2,1,2,3,1,2,0,1,0,1,0,3,2,0,3,0,1,0,2,0,3,0
1094,motion,motion,no motion,motion,motion,motion,0,0,0,0,1,0,1,0,0,0,1,0,1,1,device detected,device detected,no device,device detected,no device,no device,"('r27', 1)","('r13', 0)",12:33:45,2,0,6,0,0,3,1,5,0,2,1,0,0,0,1,2,0,2,3,1,3,0,1,0,1,1,1,2,0,3,0,1,0,2,1,3,0
1095,motion,motion,no motion,motion,no motion,motion,0,0,1,0,0,0,0,1,0,0,2,0,1,3,device detected,device detected,device detected,device detected,no device,no device,"('r27', 3)","('c2', 1)",12:34:00,2,0,6,0,0,3,1,5,0,3,1,0,1,0,1,2,0,2,3,1,2,0,2,0,1,0,3,2,0,3,0,1,0,2,0,1,0
1096,motion,motion,no motion,motion,motion,motion,0,0,0,1,0,0,0,1,0,0,1,1,2,1,device detected,no device,device detected,device detected,no device,no device,"('r21', 3)","('r11', 1)",12:34:15,2,1,5,0,0,3,1,5,0,3,1,0,1,0,1,2,0,2,3,2,3,0,1,0,1,0,1,2,0,3,0,1,0,2,1,1,0
1097,motion,motion,no motion,motion,motion,motion,0,0,1,0,0,0,0,0,0,1,1,0,1,1,device detected,device detected,no device,device detected,no device,no device,"('r27', 1)","('r11', 1)",12:34:30,3,0,5,0,0,3,1,5,0,3,1,0,1,0,1,2,0,2,3,1,3,0,1,0,1,1,1,3,0,3,0,1,0,2,0,1,0
1098,motion,motion,motion,motion,no motion,motion,0,0,0,0,0,0,0,0,0,0,1,0,1,2,device detected,device detected,device detected,no device,no device,no device,"('r27', 2)","('c2', 1)",12:34:45,3,0,5,0,0,3,1,5,0,3,1,0,1,0,1,2,0,2,3,1,3,0,1,0,1,0,2,3,0,3,0,1,0,2,0,1,0
1099,motion,motion,no motion,motion,no motion,motion,0,0,0,0,0,0,0,2,0,0,1,0,1,0,device detected,device detected,device detected,no device,no device,no device,"('c1', 1)","('r11', 1)",12:35:00,3,0,5,0,0,3,1,5,0,3,1,0,1,0,0,2,0,2,3,1,3,0,1,0,1,1,0,3,0,3,0,1,0,2,1,2,0
1100,motion,motion,motion,motion,no motion,motion,0,0,0,0,1,0,1,0,0,0,1,0,2,0,device detected,device detected,device detected,device detected,no device,device detected,"('r14', 0)","('c2', 2)",12:35:15,3,0,5,0,0,3,1,5,0,3,1,0,1,0,0,2,1,2,2,2,3,0,1,1,1,1,0,3,0,3,0,1,0,1,0,2,0
1101,motion,motion,no motion,motion,no motion,motion,0,1,0,0,1,0,0,0,0,0,1,0,2,0,device detected,device detected,no device,device detected,device detected,no device,"('r14', 0)","('r10', 3)",12:35:30,3,0,4,0,0,3,1,5,1,3,1,1,1,0,1,1,0,2,2,2,3,1,1,0,1,1,0,2,0,3,0,1,0,2,0,2,0
1102,motion,motion,no motion,motion,no motion,motion,0,0,0,0,0,0,0,0,0,0,3,0,0,0,no device,device detected,device detected,device detected,device detected,no device,"('r22', 1)","('r10', 3)",12:35:45,3,0,4,0,0,3,1,6,1,3,1,0,1,0,0,1,0,2,2,0,3,1,3,0,1,0,0,2,0,4,0,1,0,2,0,3,0
1103,motion,motion,no motion,motion,no motion,motion,0,0,0,0,0,0,1,0,0,0,3,1,0,0,no device,device detected,device detected,device detected,device detected,no device,"('r24', 0)","('c2', 1)",12:36:00,2,1,4,0,0,3,1,7,1,3,1,0,1,0,0,1,0,2,2,0,3,1,3,0,1,0,0,2,0,4,0,1,0,2,1,1,0
1104,motion,motion,no motion,motion,motion,motion,0,0,0,1,0,0,0,1,0,0,2,0,1,1,no device,device detected,device detected,device detected,device detected,no device,"('r24', 0)","('r11', 1)",12:36:15,2,0,5,0,0,3,1,7,1,3,1,0,1,0,1,1,0,2,2,1,3,1,2,0,1,0,1,3,0,4,0,1,0,1,0,0,0
1105,motion,motion,no motion,no motion,no motion,motion,0,0,1,0,0,0,0,0,0,1,2,0,0,0,device detected,device detected,device detected,device detected,device detected,no device,"('r24', 0)","('r11', 0)",12:36:30,2,0,5,0,0,3,1,7,1,3,0,0,1,0,1,1,0,2,2,0,3,1,2,0,1,2,0,2,0,4,0,1,0,1,1,1,0
1106,motion,motion,no motion,motion,no motion,motion,0,0,1,0,0,1,1,0,0,0,2,0,2,1,device detected,device detected,device detected,device detected,device detected,device detected,"('r28', 2)","('r11', 0)",12:36:45,2,0,5,0,0,3,1,7,2,3,0,0,1,0,1,1,0,1,1,2,3,1,2,0,1,0,1,2,0,4,0,1,0,1,0,2,0
1107,motion,motion,no motion,motion,no motion,motion,0,0,0,0,0,1,0,1,0,0,2,0,0,0,device detected,device detected,device detected,device detected,device detected,no device,"('r24', 0)","('r11', 0)",12:37:00,2,0,5,0,0,3,1,7,2,4,0,0,1,0,1,1,0,2,3,0,3,1,2,0,1,0,0,2,0,4,0,1,0,1,1,0,0
1108,motion,motion,no motion,motion,no motion,motion,0,0,0,0,0,0,2,0,0,0,2,0,0,0,device detected,device detected,device detected,device detected,device detected,no device,"('r24', 0)","('r11', 0)",12:37:15,2,0,5,0,0,3,1,6,2,4,0,0,1,0,1,1,0,2,3,0,3,1,2,0,1,0,0,2,0,4,0,1,0,1,0,2,0
1109,motion,motion,no motion,motion,no motion,motion,0,0,0,0,0,0,0,0,0,0,2,0,0,0,device detected,no device,no device,device detected,device detected,no device,"('r24', 0)","('c2', 3)",12:37:30,2,0,5,0,0,3,1,5,1,4,0,1,1,0,1,1,0,2,3,0,3,1,2,0,1,0,0,2,0,4,0,1,0,1,0,3,0
1110,motion,motion,no motion,no motion,no motion,motion,0,0,0,0,0,0,1,1,0,0,2,0,0,1,device detected,device detected,device detected,device detected,device detected,no device,"('r24', 0)","('r10', 4)",12:37:45,2,0,6,0,0,3,1,6,1,4,0,0,1,0,1,1,0,2,3,0,3,1,2,0,1,0,1,2,0,4,0,1,0,1,0,1,0
1111,motion,motion,no motion,motion,no motion,motion,0,0,0,1,0,0,0,0,0,0,2,1,0,0,device detected,device detected,device detected,device detected,no device,no device,"('r28', 1)","('c2', 3)",12:38:00,2,1,5,0,0,3,1,6,1,3,0,0,1,0,0,1,0,2,3,0,3,1,2,0,1,1,0,1,0,3,0,2,0,2,0,3,0
1112,motion,motion,no motion,motion,no motion,motion,0,1,0,0,0,1,0,0,0,0,2,1,0,1,device detected,device detected,device detected,device detected,device detected,device detected,"('c1', 0)","('c1', 0)",12:38:15,2,1,5,0,0,3,1,6,1,3,0,0,1,0,0,2,0,3,3,0,2,1,2,0,1,0,1,1,0,3,0,3,0,2,0,1,0
1113,motion,motion,motion,motion,no motion,motion,0,0,0,0,0,0,0,1,0,0,2,1,0,0,no device,device detected,device detected,device detected,device detected,no device,"('r14', 0)","('c1', 1)",12:38:30,2,1,5,0,0,3,1,5,1,3,0,0,1,0,0,2,0,3,3,0,2,1,2,0,0,1,0,1,0,3,0,3,0,2,1,2,0
1114,motion,motion,motion,motion,no motion,motion,0,2,1,1,0,1,1,0,0,0,2,2,1,0,no device,device detected,no device,device detected,device detected,no device,"('c1', 0)","('c2', 2)",12:38:45,2,2,4,0,0,3,1,4,1,3,0,0,1,0,0,3,0,4,3,1,2,1,2,0,0,0,0,1,0,3,0,3,0,2,0,2,0
1115,motion,motion,no motion,motion,motion,motion,0,1,0,2,0,0,0,0,0,0,3,4,0,0,no device,device detected,device detected,device detected,no device,no device,"('c2', 0)","('r8', 5)",12:39:00,2,4,2,0,0,3,1,5,1,3,0,0,1,1,0,4,0,4,3,0,2,0,3,0,0,0,0,2,0,3,0,3,0,1,0,0,0
1116,motion,motion,no motion,motion,no motion,motion,0,0,0,0,0,0,0,0,0,0,3,4,0,1,no device,device detected,device detected,device detected,no device,no device,"('r7', 1)","('c2', 2)",12:39:15,2,4,2,0,0,4,1,4,0,3,0,0,1,0,0,4,0,4,3,0,2,0,3,0,0,0,1,2,0,3,0,2,0,1,0,2,0
1117,motion,motion,no motion,motion,no motion,motion,0,1,0,0,0,0,2,0,0,0,2,4,1,1,no device,device detected,device detected,device detected,no device,no device,"('r7', 1)","('r17', 0)",12:39:30,2,4,2,0,0,4,1,4,0,3,0,0,1,0,0,3,0,4,3,1,2,0,2,0,0,0,1,2,0,3,0,2,0,1,2,1,0
1118,motion,motion,no motion,motion,no motion,motion,0,0,0,0,0,0,1,2,0,0,2,4,1,2,no device,device detected,device detected,no device,no device,no device,"('c2', 2)","('r17', 0)",12:39:45,2,4,2,0,0,4,1,4,0,1,0,0,1,0,0,3,0,4,3,1,3,0,2,0,0,0,2,3,0,3,0,2,0,0,1,2,0
1119,motion,motion,no motion,motion,no motion,motion,0,0,0,0,0,0,0,1,0,0,3,4,0,3,no device,device detected,device detected,device detected,no device,no device,"('r17', 0)","('c2', 3)",12:40:00,2,4,2,0,0,4,0,4,0,1,0,0,1,0,0,3,0,4,3,0,2,0,3,0,0,1,3,3,0,3,0,2,0,0,0,3,0
1120,motion,motion,no motion,motion,motion,motion,0,0,1,0,0,2,2,0,0,0,3,4,1,2,no device,device detected,device detected,device detected,no device,no device,"('c2', 1)","('r12', 0)",12:40:15,2,4,2,0,0,4,0,4,0,1,0,0,1,0,0,3,0,4,3,1,1,0,3,0,0,2,2,3,0,3,0,2,0,0,2,1,0
1121,motion,motion,no motion,motion,no motion,motion,0,0,2,0,0,0,0,1,0,0,3,4,2,1,no device,device detected,device detected,device detected,no device,device detected,"('r10', 1)","('r12', 1)",12:40:30,2,4,1,0,0,4,0,4,0,1,0,1,1,0,1,3,0,4,4,2,2,0,3,1,0,0,1,2,0,3,0,3,0,0,1,0,0
1122,motion,motion,no motion,motion,no motion,motion,0,0,0,0,0,0,0,0,0,0,5,5,0,0,no device,device detected,device detected,device detected,no device,no device,"('c2', 2)","('r12', 0)",12:40:45,1,5,1,0,0,4,0,3,0,1,0,0,1,0,1,3,0,4,4,0,3,0,5,0,0,0,0,3,0,3,0,3,0,0,1,2,0
1123,motion,motion,no motion,motion,motion,motion,0,0,0,0,0,0,1,0,1,0,5,5,0,0,no device,device detected,device detected,device detected,no device,no device,"('r7', 0)","('r12', 0)",12:41:00,1,5,1,0,0,4,0,3,0,2,0,0,1,1,1,3,0,4,4,0,3,0,5,0,0,0,1,3,0,3,0,2,0,0,1,0,0
1124,motion,motion,no motion,motion,motion,motion,0,0,0,2,0,0,0,0,0,1,5,5,0,0,no device,device detected,device detected,device detected,no device,no device,"('c2', 1)","('r3', 1)",12:41:15,1,5,1,0,0,4,0,3,0,2,0,0,1,1,0,3,0,4,4,0,3,0,5,0,0,1,0,4,0,3,0,2,0,0,0,1,0
1125,motion,motion,no motion,motion,motion,motion,0,0,1,1,0,0,0,0,0,0,5,4,1,0,no device,device detected,device detected,device detected,device detected,no device,"('r9', 0)","('r3', 2)",12:41:30,1,4,2,0,0,4,0,3,0,2,0,0,1,1,0,3,0,4,4,1,3,0,5,0,0,0,0,3,0,3,1,1,0,1,0,1,0
1126,motion,motion,no motion,motion,motion,motion,0,0,0,0,0,1,0,0,0,1,5,4,1,1,no device,device detected,device detected,device detected,no device,no device,"('c2', 0)","('r3', 1)",12:41:45,1,4,1,0,0,4,0,3,0,2,0,1,1,1,0,3,0,5,4,1,2,0,5,0,0,0,1,2,0,3,0,2,0,1,1,0,0
1127,motion,motion,no motion,motion,motion,motion,0,0,0,2,0,0,0,0,1,0,5,4,1,1,no device,device detected,device detected,device detected,no device,no device,"('r8', 3)","('r12', 0)",12:42:00,1,4,1,0,0,4,0,3,0,2,0,0,1,2,0,3,0,5,4,1,2,0,5,0,0,0,1,3,0,3,0,2,0,0,0,1,0
1128,no motion,motion,no motion,motion,motion,motion,0,0,1,0,0,0,0,0,0,0,5,4,0,0,device detected,no device,device detected,device detected,no device,no device,"('c2', 2)","('c2', 2)",12:42:15,1,4,0,0,0,5,0,2,0,2,0,1,1,1,0,3,0,5,4,0,2,0,5,0,0,1,0,3,0,3,1,2,0,0,0,2,0
1129,motion,motion,motion,motion,motion,motion,0,0,1,0,0,0,0,0,0,0,3,4,0,2,no device,no device,device detected,device detected,no device,no device,"('r7', 0)","('c1', 0)",12:42:30,1,4,0,0,0,5,0,2,0,2,0,0,1,1,0,3,0,5,4,0,2,0,4,0,0,1,2,3,0,3,0,2,0,0,0,3,0
1130,motion,motion,motion,motion,motion,motion,0,0,0,0,0,0,1,1,0,0,3,4,1,1,no device,no device,device detected,device detected,no device,no device,"('c2', 2)","('r14', 1)",12:42:45,1,4,0,0,0,5,0,2,0,2,0,0,1,1,0,3,0,5,4,1,2,0,3,0,0,1,2,2,0,2,0,2,0,1,2,2,0
1131,motion,motion,no motion,motion,motion,motion,0,0,0,0,0,3,1,2,0,0,3,4,1,3,no device,device detected,device detected,device detected,no device,no device,"('c1', 1)","('r14', 1)",12:43:00,1,4,0,0,0,5,0,1,0,1,0,0,1,1,0,3,0,2,4,1,2,0,3,0,0,0,3,2,0,2,0,2,1,0,1,8,0
1132,motion,motion,no motion,motion,motion,motion,0,0,0,0,0,0,0,2,1,0,3,4,1,0,no device,no device,device detected,device detected,no device,no device,"('r14', 2)","('r6', 5)",12:43:15,1,4,0,0,0,5,0,1,0,0,0,1,1,2,0,3,0,2,4,1,2,0,3,0,0,1,0,2,0,2,1,1,1,0,2,8,0
1133,motion,motion,no motion,motion,motion,motion,0,0,1,0,0,0,3,0,0,0,4,4,1,0,no device,device detected,device detected,device detected,no device,no device,"('r6', 5)","('r6', 5)",12:43:30,1,4,1,0,0,5,0,1,0,1,0,0,0,2,1,3,0,2,4,1,2,0,4,0,0,0,0,2,0,2,0,2,0,1,1,8,0
1134,motion,motion,no motion,motion,motion,motion,0,0,0,1,0,1,0,1,0,0,4,5,0,1,no device,no device,device detected,no device,no device,device detected,"('r5', 0)","('r4', 0)",12:43:45,1,5,0,0,0,5,0,1,0,1,0,0,0,2,1,3,0,3,5,0,2,0,4,0,0,0,1,2,0,2,0,2,0,1,0,7,0
1135,motion,motion,no motion,motion,motion,motion,0,0,0,0,0,1,0,0,0,0,4,4,0,0,no device,no device,device detected,device detected,no device,no device,"('r5', 0)","('r4', 0)",12:44:00,2,4,0,0,0,5,0,1,0,2,0,0,0,2,0,3,0,2,5,0,2,0,4,0,0,1,0,3,0,2,0,2,0,0,0,8,0
1136,motion,motion,no motion,motion,motion,motion,0,0,1,0,0,1,1,0,0,0,4,1,1,1,no device,no device,device detected,device detected,no device,no device,"('r5', 0)","('r6', 5)",12:44:15,5,1,0,0,0,5,0,2,0,2,0,0,0,2,0,3,0,3,5,1,2,0,4,0,0,0,1,3,0,2,0,1,0,0,1,5,0
1137,motion,motion,no motion,motion,motion,motion,0,0,0,0,1,0,0,1,0,0,5,1,0,2,no device,no device,device detected,device detected,no device,no device,"('r6', 4)","('r6', 4)",12:44:30,5,1,0,1,0,4,0,2,1,2,0,0,0,2,0,3,1,3,5,0,2,0,5,0,0,0,2,3,0,2,0,1,0,0,0,3,0
1138,motion,motion,no motion,no motion,motion,motion,0,0,0,0,1,0,0,1,0,0,5,0,1,1,no device,no device,device detected,device detected,no device,no device,"('r6', 4)","('r14', 2)",12:44:45,6,0,0,1,0,4,0,2,1,2,0,0,0,2,0,3,0,3,4,1,2,0,5,0,0,1,1,3,0,2,0,0,0,0,1,4,0
1139,motion,motion,no motion,no motion,motion,motion,0,0,1,0,0,0,0,1,1,2,5,0,2,0,no device,no device,no device,device detected,no device,no device,"('r14', 3)","('r6', 4)",12:45:00,6,0,0,0,1,4,0,2,1,3,0,0,0,3,0,3,0,3,4,2,2,0,5,0,0,0,0,1,0,2,0,0,0,1,2,3,0
1140,motion,motion,no motion,no motion,motion,motion,0,1,0,0,0,0,1,1,1,0,6,0,1,1,no device,no device,device detected,device detected,no device,no device,"('r22', 0)","('r4', 0)",12:45:15,6,0,0,0,0,6,0,2,1,1,0,0,0,1,0,2,0,3,4,1,2,0,6,0,0,0,1,1,0,2,0,0,0,1,1,7,0
1141,motion,motion,no motion,no motion,motion,motion,0,0,0,0,0,1,1,1,0,0,5,0,1,1,no device,device detected,device detected,device detected,no device,no device,"('outside', 0)","('r4', 0)",12:45:30,6,0,1,0,0,6,0,2,1,1,0,1,0,1,0,2,0,4,4,1,3,0,6,0,0,0,1,1,0,2,0,0,0,1,1,3,0
1142,motion,motion,no motion,no motion,no motion,motion,0,0,0,1,1,1,0,0,0,0,6,1,1,0,no device,device detected,device detected,device detected,no device,no device,"('outside', 0)","('r6', 7)",12:45:45,6,1,1,0,0,7,0,2,1,1,0,0,0,0,0,2,1,3,4,1,4,0,6,0,0,0,0,1,0,2,0,0,0,1,1,3,0
1143,motion,motion,no motion,no motion,motion,motion,0,0,0,0,0,0,1,0,0,0,6,0,1,0,no device,device detected,device detected,device detected,no device,no device,"('outside', 0)","('r4', 0)",12:46:00,7,0,1,0,0,7,0,2,1,1,0,1,0,0,0,2,1,3,4,1,4,0,6,0,0,0,0,1,0,2,0,0,0,1,0,3,0
1144,motion,motion,no motion,no motion,motion,motion,0,0,0,0,0,0,0,0,0,0,6,0,1,0,no device,device detected,device detected,device detected,no device,no device,"('r22', 0)","('r4', 0)",12:46:15,7,0,2,0,0,7,0,2,1,0,0,0,0,0,0,2,1,3,4,1,4,0,6,0,0,0,0,1,0,2,0,0,0,1,0,4,0
1145,motion,motion,no motion,no motion,no motion,motion,0,1,0,1,0,2,0,0,0,0,6,1,1,0,no device,device detected,device detected,device detected,no device,no device,"('outside', 0)","('r4', 0)",12:46:30,7,1,1,0,0,7,0,2,1,0,0,0,0,0,0,3,1,2,4,1,4,0,6,0,0,0,0,1,0,2,0,0,0,1,0,4,0
1146,motion,motion,no motion,no motion,motion,no motion,0,2,0,2,0,0,0,0,0,0,6,3,0,0,no device,device detected,device detected,device detected,no device,device detected,"('outside', 0)","('r6', 7)",12:46:45,5,3,1,0,0,7,0,2,1,0,0,0,0,0,0,3,1,2,4,1,4,0,6,0,0,0,0,0,0,2,0,0,0,2,0,4,0
1147,motion,motion,no motion,no motion,motion,motion,0,0,0,1,1,0,1,0,0,0,6,1,1,0,device detected,no device,device detected,device detected,no device,no device,"('outside', 0)","('r5', 0)",12:47:00,6,1,0,0,0,7,0,2,1,0,0,2,0,0,0,3,0,2,4,1,4,0,6,0,0,0,0,0,0,2,0,0,0,2,1,4,0
1148,motion,motion,no motion,no motion,motion,motion,0,1,0,0,0,1,1,0,1,0,6,1,1,0,no device,no device,device detected,no device,no device,no device,"('outside', 0)","('r6', 7)",12:47:15,6,1,0,0,0,7,0,1,1,0,0,0,0,1,0,2,0,3,4,1,4,0,6,0,0,0,0,1,0,2,0,0,0,1,1,6,0
1149,motion,motion,motion,no motion,no motion,motion,0,0,0,0,0,1,2,1,0,0,6,1,1,1,no device,no device,device detected,device detected,device detected,no device,"('outside', 0)","('r5', 0)",12:47:30,6,1,0,0,0,7,0,1,1,0,0,0,0,0,0,2,0,4,4,1,4,1,6,0,0,0,1,1,0,2,0,0,0,1,1,4,0
1150,motion,motion,no motion,no motion,motion,motion,0,0,0,0,0,2,1,1,0,0,6,1,1,1,no device,no device,device detected,device detected,no device,no device,"('outside', 0)","('r6', 6)",12:47:45,6,1,0,0,0,6,0,1,1,0,0,0,0,2,0,2,0,4,4,1,4,0,6,0,0,1,1,1,0,2,0,0,0,1,1,3,0
1151,motion,motion,no motion,no motion,motion,no motion,0,0,2,0,0,0,0,1,1,0,6,1,2,1,no device,no device,device detected,device detected,no device,no device,"('r22', 0)","('r14', 1)",12:48:00,6,1,0,1,0,5,0,1,1,0,0,0,0,1,0,2,0,4,3,2,5,0,6,0,0,1,1,0,0,2,0,0,0,2,1,3,0
1152,motion,motion,no motion,no motion,motion,no motion,0,0,1,0,0,0,1,0,0,0,7,0,0,2,no device,no device,device detected,device detected,no device,no device,"('r22', 0)","('r22', 0)",12:48:15,7,0,0,1,0,5,0,1,1,0,0,0,0,1,0,2,0,4,3,0,4,0,7,0,0,1,2,0,0,3,0,0,1,1,0,4,0
1153,motion,motion,motion,no motion,no motion,no motion,0,1,0,0,0,0,0,3,0,0,6,0,1,1,no device,no device,device detected,device detected,no device,no device,"('r24', 0)","('r14', 0)",12:48:30,7,0,0,1,0,6,0,1,1,0,0,0,0,0,0,3,0,4,3,1,4,0,6,0,0,0,1,0,1,2,0,0,1,1,2,3,0
1154,motion,motion,motion,no motion,no motion,motion,0,0,0,1,0,0,2,1,0,0,6,0,0,1,no device,no device,device detected,no device,no device,no device,"('r28', 0)","('r6', 7)",12:48:45,6,0,1,0,0,7,0,1,1,0,0,0,0,0,0,3,0,4,4,0,3,0,6,0,0,0,1,0,1,2,0,0,1,1,1,5,0
1155,motion,motion,motion,no motion,motion,no motion,0,0,0,0,0,1,0,1,0,0,6,0,0,0,no device,no device,device detected,device detected,no device,no device,"('r34', 1)","('r6', 6)",12:49:00,6,0,0,0,0,6,1,1,2,0,0,1,0,1,0,3,0,5,4,0,3,0,6,0,0,0,0,0,1,2,0,0,1,1,2,2,0
1156,motion,motion,motion,no motion,motion,no motion,0,0,0,0,0,5,3,0,0,0,5,1,1,0,no device,no device,device detected,device detected,no device,no device,"('r28', 0)","('r6', 6)",12:49:15,5,1,0,0,0,6,1,0,2,0,0,0,0,1,0,3,0,0,4,1,3,0,5,0,0,0,0,0,1,2,0,0,1,1,0,11,0
1157,motion,motion,motion,motion,no motion,motion,0,2,0,1,0,0,2,0,0,0,5,0,1,0,no device,device detected,device detected,device detected,no device,device detected,"('r34', 1)","('r5', 0)",12:49:30,5,0,1,0,0,6,1,2,2,0,0,0,1,1,0,5,0,0,4,1,3,0,5,0,0,1,0,0,1,1,0,0,1,1,2,4,0
1158,motion,motion,motion,no motion,motion,no motion,0,1,0,0,0,0,0,1,1,0,5,1,1,2,no device,no device,device detected,device detected,no device,no device,"('r33', 1)","('r5', 0)",12:49:45,4,1,0,0,0,6,1,2,2,0,0,1,0,2,0,6,0,0,4,1,3,0,5,0,0,0,2,0,1,1,0,0,1,1,0,4,0
1159,motion,motion,motion,motion,motion,no motion,0,1,0,1,1,0,0,1,0,0,5,0,1,1,no device,device detected,device detected,device detected,no device,no device,"('r33', 1)","('r6', 7)",12:50:00,4,0,1,0,0,7,1,2,2,0,0,0,0,1,0,7,1,0,4,1,2,0,5,0,0,0,1,0,1,1,0,1,1,1,1,3,0
1160,motion,motion,motion,motion,motion,motion,0,1,0,0,0,0,0,0,0,1,4,0,2,1,no device,no device,device detected,device detected,device detected,no device,"('r34', 0)","('r4', 0)",12:50:15,4,0,0,0,0,7,1,2,2,0,0,1,1,0,0,6,1,0,4,2,2,1,4,0,0,1,1,2,1,0,0,1,1,0,0,3,0
1161,motion,motion,motion,motion,no motion,motion,0,1,1,0,1,0,0,1,0,0,4,0,2,0,no device,no device,device detected,no device,device detected,no device,"('r28', 1)","('r6', 7)",12:50:30,4,0,0,0,0,7,0,2,3,0,0,0,1,0,0,7,0,0,5,2,2,1,4,0,0,0,0,1,0,1,0,1,0,2,1,4,0
1162,motion,motion,no motion,motion,no motion,motion,0,0,0,0,0,0,3,1,0,0,5,0,1,1,no device,no device,device detected,device detected,device detected,no device,"('c1', 1)","('r14', 0)",12:50:45,4,0,0,0,0,7,0,2,3,0,0,0,1,0,0,7,0,0,5,1,2,1,5,0,0,1,1,1,0,0,0,1,1,1,1,3,0
1163,motion,motion,no motion,no motion,motion,motion,0,0,0,0,0,1,0,0,1,0,5,0,2,1,no device,no device,device detected,device detected,device detected,no device,"('r27', 1)","('c1', 0)",12:51:00,4,0,0,0,0,7,0,3,1,0,0,0,1,1,0,7,0,1,4,2,2,1,5,0,0,1,1,1,0,0,0,1,1,1,0,3,0
1164,motion,motion,no motion,motion,no motion,no motion,0,0,3,0,0,0,0,0,0,0,5,0,1,1,no device,no device,no device,device detected,device detected,no device,"('r32', 1)","('r14', 0)",12:51:15,4,0,0,0,1,7,0,3,1,0,0,0,1,0,0,7,0,1,5,1,2,1,5,0,0,1,1,0,0,0,0,1,1,2,0,3,0
1165,motion,motion,motion,motion,no motion,no motion,0,1,0,0,0,0,0,0,0,0,5,0,0,3,no device,no device,device detected,device detected,device detected,no device,"('r32', 1)","('r6', 7)",12:51:30,4,0,0,0,1,7,0,3,1,0,0,0,1,0,0,6,0,1,6,0,1,1,5,0,0,0,3,0,0,0,0,1,1,2,0,4,0
1166,motion,motion,no motion,motion,no motion,motion,0,0,0,0,0,0,1,2,0,0,5,0,0,1,no device,no device,device detected,no device,device detected,no device,"('r31', 0)","('r6', 7)",12:51:45,4,0,0,0,1,7,0,2,1,0,0,0,1,0,0,6,0,1,6,0,1,1,5,0,0,0,1,1,0,0,0,1,1,1,1,6,0
1167,motion,motion,no motion,motion,motion,motion,0,0,0,0,0,0,1,0,0,0,5,0,0,1,no device,no device,device detected,device detected,no device,no device,"('r31', 0)","('r4', 0)",12:52:00,4,0,0,0,1,6,0,2,2,0,0,1,1,1,0,6,0,1,6,0,1,1,5,0,0,0,1,1,0,0,0,1,1,1,0,5,0
1168,motion,motion,no motion,motion,motion,no motion,0,1,0,0,0,0,0,0,1,0,5,0,0,1,no device,device detected,device detected,device detected,device detected,no device,"('r31', 0)","('r4', 0)",12:52:15,4,0,1,0,1,6,0,2,1,0,0,0,1,1,0,7,0,1,6,0,1,0,5,0,0,0,1,0,0,0,0,1,1,2,1,5,0
1169,motion,motion,motion,motion,motion,motion,0,0,0,1,0,0,0,1,0,0,5,1,0,2,no device,no device,device detected,device detected,no device,no device,"('r31', 0)","('r4', 0)",12:52:30,4,1,0,0,0,7,0,2,1,0,0,0,1,1,0,7,0,1,6,0,1,0,5,0,0,0,2,0,0,0,0,1,1,2,0,5,0
1170,motion,motion,no motion,motion,no motion,no motion,0,0,0,0,0,0,0,0,0,0,5,0,1,1,device detected,no device,device detected,device detected,no device,no device,"('r32', 1)","('r6', 7)",12:52:45,5,0,0,1,0,7,1,2,1,0,0,0,1,0,0,7,0,1,5,1,1,0,5,0,1,0,1,0,0,0,0,1,1,2,0,4,0
1171,motion,motion,no motion,motion,no motion,no motion,0,1,0,0,1,0,0,0,0,0,4,1,1,2,device detected,no device,no device,device detected,no device,no device,"('r32', 1)","('r6', 7)",12:53:00,4,1,0,1,0,7,1,2,1,0,0,0,1,0,0,6,1,1,6,1,0,0,4,0,1,0,2,0,0,0,0,1,1,2,0,4,0
1172,motion,motion,no motion,motion,no motion,motion,0,0,0,1,0,0,2,1,0,0,4,0,1,1,device detected,no device,no device,no device,no device,no device,"('r27', 1)","('r6', 8)",12:53:15,4,0,1,0,0,8,0,2,1,0,0,0,1,0,0,6,1,1,6,1,0,0,4,0,1,0,1,0,0,0,0,1,1,2,3,3,0
1173,motion,motion,no motion,motion,motion,motion,0,0,0,0,0,0,1,1,0,1,4,0,1,1,no device,no device,no device,device detected,no device,no device,"('r26', 1)","('r14', 1)",12:53:30,4,0,0,0,0,7,0,2,1,0,0,1,1,1,0,6,1,1,6,1,0,0,4,0,1,1,1,1,0,0,0,1,1,2,0,4,0
1174,motion,motion,no motion,motion,no motion,motion,0,0,1,0,0,0,0,0,1,0,4,0,1,0,device detected,no device,device detected,device detected,device detected,no device,"('r20', 2)","('r22', 0)",12:53:45,4,0,0,0,0,7,0,2,1,0,0,1,1,0,0,6,1,1,6,2,0,0,4,0,1,1,0,1,0,0,0,1,0,3,1,4,0
1175,motion,motion,no motion,motion,motion,motion,0,1,1,0,0,0,2,0,0,0,6,0,1,0,no device,no device,no device,no device,no device,no device,"('r23', 6)","('outside', 0)",12:54:00,4,0,1,0,0,7,1,2,1,0,0,0,1,0,0,5,1,1,5,2,0,0,6,0,1,0,0,1,0,0,0,1,0,3,1,4,0
1176,motion,motion,no motion,motion,no motion,motion,0,0,1,1,0,0,0,1,0,0,6,1,1,2,device detected,no device,no device,device detected,no device,no device,"('r20', 1)","('outside', 0)",12:54:15,4,1,0,0,0,7,0,1,1,0,1,0,0,0,0,5,1,1,5,1,0,0,6,0,1,0,2,1,0,0,0,1,0,3,0,6,0
1177,motion,motion,no motion,motion,motion,no motion,0,1,0,0,1,0,0,2,0,0,6,0,1,0,device detected,no device,no device,device detected,no device,device detected,"('r23', 6)","('outside', 0)",12:54:30,5,0,0,0,0,6,0,0,1,0,0,0,0,1,0,4,0,1,5,1,0,0,6,0,1,1,0,1,0,0,0,1,0,3,1,10,0
1178,motion,motion,no motion,motion,motion,motion,0,0,2,0,1,1,0,0,0,1,6,0,2,0,device detected,no device,no device,device detected,no device,no device,"('r20', 2)","('outside', 0)",12:54:45,5,0,0,0,0,5,0,0,1,1,0,0,0,2,0,4,1,0,4,2,0,0,6,0,1,1,0,2,0,0,0,1,0,3,0,9,0
1179,motion,motion,no motion,motion,motion,motion,0,1,0,0,0,0,0,0,0,0,6,0,1,1,device detected,no device,no device,device detected,no device,device detected,"('r23', 7)","('r22', 0)",12:55:00,5,0,0,0,0,5,0,0,1,1,0,0,0,2,0,3,1,0,4,1,0,0,7,0,1,0,1,2,0,0,0,1,0,3,0,10,0
1180,motion,motion,no motion,motion,no motion,motion,0,1,2,0,0,0,0,0,0,0,6,0,0,0,device detected,no device,no device,device detected,no device,no device,"('r23', 6)","('r24', 0)",12:55:15,5,0,0,0,0,7,0,0,1,0,0,0,0,0,0,2,1,0,4,0,1,0,6,0,1,2,0,2,0,0,0,1,1,2,0,12,0
1181,motion,motion,motion,motion,motion,motion,0,0,0,0,0,1,0,0,0,1,6,0,0,2,no device,no device,device detected,device detected,no device,no device,"('r20', 0)","('r22', 0)",12:55:30,5,0,0,0,0,6,0,0,1,0,0,0,0,1,0,2,1,1,4,0,1,0,6,0,1,0,2,1,0,0,0,1,1,2,1,11,0
1182,motion,motion,no motion,motion,motion,motion,0,1,0,0,1,0,1,1,0,0,6,0,0,0,device detected,no device,no device,device detected,device detected,no device,"('r19', 4)","('r24', 0)",12:55:45,5,0,0,0,0,5,0,0,1,0,0,0,0,1,0,1,0,1,4,0,1,1,6,0,1,0,0,1,0,0,0,2,1,2,1,14,0
1183,motion,motion,no motion,motion,motion,motion,0,0,0,0,1,0,2,0,0,0,6,0,0,0,device detected,no device,device detected,device detected,device detected,no device,"('r20', 0)","('r22', 1)",12:56:00,5,0,0,0,0,5,0,0,1,0,0,1,1,1,0,1,1,1,4,0,1,1,6,0,1,0,0,1,0,0,1,1,1,2,0,12,0
1184,motion,motion,no motion,motion,motion,motion,0,0,0,0,1,1,0,0,0,0,6,0,0,0,device detected,device detected,device detected,device detected,device detected,no device,"('r26', 0)","('r24', 0)",12:56:15,5,0,1,0,0,5,0,0,1,1,0,0,1,1,0,1,0,0,4,0,1,1,6,0,1,0,0,1,0,0,1,1,0,3,0,13,0
1185,motion,motion,motion,motion,no motion,motion,0,0,0,1,0,0,2,0,0,0,5,0,1,0,no device,no device,device detected,device detected,device detected,no device,"('r25', 1)","('r22', 1)",12:56:30,6,0,0,0,0,6,0,0,1,1,0,0,1,0,0,1,0,0,4,1,1,1,5,0,1,0,0,2,0,0,1,1,0,2,2,11,0
1186,motion,motion,motion,motion,no motion,motion,0,0,0,0,0,3,0,1,0,0,5,0,1,1,device detected,no device,device detected,device detected,device detected,no device,"('r29', 0)","('r14', 0)",12:56:45,6,0,0,0,0,6,0,0,1,1,0,0,1,0,0,1,0,2,4,1,1,1,5,0,1,0,1,2,0,0,1,1,0,2,1,9,0
1187,motion,motion,no motion,motion,no motion,motion,0,2,0,0,0,2,0,0,0,1,5,0,1,0,device detected,no device,device detected,device detected,device detected,no device,"('r25', 1)","('r14', 0)",12:57:00,6,0,0,0,0,6,0,0,1,1,0,0,1,0,0,3,0,3,4,1,1,1,5,0,1,1,0,3,0,0,0,2,0,2,0,6,0
1188,motion,motion,no motion,motion,motion,motion,0,1,1,0,0,1,0,0,0,0,5,0,2,0,no device,no device,device detected,no device,no device,no device,"('r26', 0)","('r6', 5)",12:57:15,6,0,0,1,0,5,0,0,1,1,0,0,1,1,0,4,0,2,4,2,1,0,5,0,1,0,0,3,0,0,0,2,0,2,0,6,0
1189,motion,motion,no motion,motion,motion,motion,0,1,0,0,0,0,0,0,0,0,6,0,1,0,device detected,no device,device detected,device detected,no device,no device,"('r26', 0)","('r4', 0)",12:57:30,6,0,0,0,0,6,0,0,1,1,0,1,1,1,0,5,0,2,4,1,1,0,6,0,1,0,0,3,0,0,0,2,0,2,0,4,0
1190,motion,motion,no motion,motion,motion,motion,0,0,0,0,0,0,0,0,0,0,6,0,0,1,device detected,device detected,no device,device detected,no device,no device,"('r27', 1)","('r6', 6)",12:57:45,6,0,1,0,0,6,0,0,1,1,0,0,1,1,0,5,0,2,4,1,1,0,6,0,1,0,1,3,0,0,0,1,0,2,0,4,0
1191,motion,motion,no motion,no motion,motion,motion,0,0,0,2,0,1,0,1,0,0,4,1,3,0,device detected,device detected,device detected,device detected,no device,no device,"('c1', 1)","('r5', 0)",12:58:00,5,1,1,0,0,6,0,0,1,1,0,0,1,1,1,5,0,1,4,3,1,0,4,0,1,0,0,4,0,0,0,1,0,1,1,4,0
1192,motion,motion,no motion,no motion,motion,motion,0,2,1,0,0,0,1,0,0,1,4,0,2,1,no device,no device,no device,device detected,no device,no device,"('c1', 1)","('r5', 0)",12:58:15,6,0,0,0,0,6,0,0,1,1,0,1,1,1,0,6,0,1,4,2,1,0,4,0,1,1,1,3,0,0,0,0,0,1,1,5,0
1193,motion,motion,no motion,no motion,motion,motion,0,0,0,0,0,0,0,1,0,0,4,0,2,2,device detected,no device,device detected,device detected,no device,no device,"('c2', 5)","('r6', 6)",12:58:30,6,0,0,0,0,6,0,0,1,1,0,1,1,1,0,6,0,1,4,2,2,0,4,0,1,0,2,4,0,0,0,0,0,0,0,5,0
1194,motion,motion,no motion,no motion,motion,motion,0,1,0,0,0,0,0,0,0,1,4,0,2,0,device detected,device detected,device detected,device detected,no device,no device,"('r15', 0)","('r4', 0)",12:58:45,6,0,1,0,0,6,1,0,1,1,0,0,1,1,0,5,0,1,4,2,3,0,4,0,1,1,0,3,0,0,0,0,0,0,1,5,0
1195,motion,motion,motion,no motion,no motion,motion,0,6,2,0,0,0,1,0,0,0,4,0,3,1,device detected,device detected,device detected,device detected,no device,no device,"('c2', 12)","('r4', 0)",12:59:00,6,0,1,0,0,6,1,0,1,0,0,0,1,1,0,0,0,1,4,3,2,0,4,0,1,0,1,3,0,0,0,0,0,0,0,12,0
1196,motion,motion,no motion,no motion,motion,motion,0,0,0,0,0,0,1,0,0,0,5,0,1,1,device detected,device detected,device detected,device detected,no device,no device,"('r12', 0)","('r6', 5)",12:59:15,6,0,1,0,0,5,1,0,1,0,0,0,1,2,0,0,0,1,5,1,2,0,5,0,1,0,1,3,0,0,0,0,0,0,1,11,0
1197,motion,motion,no motion,no motion,motion,motion,0,0,0,0,0,1,0,1,1,0,5,0,2,1,device detected,device detected,device detected,device detected,no device,no device,"('c2', 11)","('r5', 0)",12:59:30,6,0,1,0,0,5,1,0,1,0,0,1,1,1,0,0,0,0,4,2,3,0,5,0,1,0,1,3,0,0,0,0,0,0,1,11,0
1198,motion,motion,no motion,no motion,no motion,motion,0,0,0,0,0,0,1,0,1,0,5,0,2,0,device detected,device detected,device detected,device detected,no device,no device,"('c2', 12)","('r5', 0)",12:59:45,6,0,2,0,0,5,1,0,1,0,0,0,1,0,0,0,0,0,4,2,3,0,5,0,1,1,0,3,0,0,0,0,0,0,1,12,0
1199,motion,motion,no motion,no motion,motion,no motion,0,0,2,1,0,0,1,0,0,0,6,1,3,0,device detected,device detected,device detected,device detected,no device,no device,"('r16', 0)","('r5', 0)",13:00:00,6,1,1,0,0,4,1,0,1,0,0,0,1,1,0,0,0,0,3,3,3,0,6,0,1,0,0,0,0,0,0,0,1,2,0,13,0
1200,motion,motion,no motion,no motion,no motion,motion,0,0,0,0,0,0,0,0,0,0,6,0,3,0,no device,device detected,no device,device detected,no device,no device,"('r16', 0)","('r5', 0)",13:00:15,7,0,1,0,0,5,0,1,0,0,0,0,0,0,0,0,0,0,3,3,3,0,6,0,1,0,0,0,0,0,0,0,1,2,0,15,0
1201,motion,motion,motion,no motion,no motion,no motion,0,5,0,0,0,0,1,1,0,0,6,0,3,2,device detected,device detected,device detected,device detected,no device,no device,"('r16', 4)","('r6', 5)",13:00:30,7,0,1,0,0,5,2,1,1,0,0,0,1,0,0,4,0,0,3,3,2,0,6,0,1,0,2,0,0,0,0,0,1,2,0,6,0
1202,motion,motion,no motion,motion,motion,no motion,0,3,0,0,0,0,0,0,0,0,6,0,3,0,device detected,device detected,device detected,device detected,no device,no device,"('c2', 12)","('r5', 0)",13:00:45,7,0,1,0,0,4,1,1,0,0,0,0,0,1,0,1,0,0,3,3,2,0,6,0,1,1,0,0,0,0,0,1,1,2,0,12,0
1203,motion,motion,no motion,motion,motion,no motion,0,0,1,0,0,0,1,0,0,0,6,0,4,0,device detected,device detected,device detected,device detected,no device,no device,"('r13', 0)","('r6', 4)",13:01:00,7,0,1,0,0,4,0,1,0,0,0,0,0,1,0,1,0,0,3,4,2,0,6,0,1,0,0,0,0,0,0,1,0,3,1,12,0
1204,motion,motion,motion,motion,motion,motion,0,0,0,0,0,0,0,1,0,0,7,0,2,1,device detected,device detected,device detected,device detected,no device,no device,"('r13', 0)","('r5', 0)",13:01:15,7,0,1,0,0,4,0,1,0,0,0,2,0,1,0,1,0,0,3,3,2,0,7,0,1,0,1,1,0,0,0,1,0,2,0,10,0
1205,motion,motion,no motion,motion,no motion,no motion,0,1,1,1,0,0,1,0,0,1,8,1,3,0,device detected,device detected,device detected,device detected,no device,no device,"('r13', 0)","('r5', 0)",13:01:30,7,1,1,0,0,5,1,1,0,1,0,0,0,0,0,0,0,0,3,3,2,0,8,0,1,0,0,0,0,0,0,1,0,2,0,11,0
1206,motion,motion,no motion,motion,motion,no motion,0,0,0,0,0,1,0,0,0,0,8,1,2,0,device detected,device detected,device detected,device detected,no device,no device,"('r13', 0)","('r5', 0)",13:01:45,7,1,1,0,0,4,4,2,0,1,0,0,0,1,0,0,0,1,4,2,2,0,8,0,1,0,0,0,0,0,0,1,0,2,0,6,0
1207,motion,motion,no motion,motion,motion,no motion,0,0,0,0,0,0,0,0,0,0,8,1,2,0,device detected,device detected,device detected,device detected,no device,device detected,"('r13', 0)","('r6', 4)",13:02:00,7,1,1,0,0,4,4,2,0,1,0,0,0,1,1,0,0,1,4,2,2,0,8,0,1,0,0,0,0,0,0,1,0,2,0,5,0
1208,motion,motion,no motion,motion,motion,motion,0,0,0,0,0,0,0,0,0,0,8,1,2,0,device detected,device detected,device detected,no device,no device,no device,"('c2', 5)","('r4', 0)",13:02:15,7,1,1,0,0,3,4,2,0,1,0,0,0,2,1,0,0,1,4,2,2,0,8,0,1,0,0,1,0,0,0,1,0,1,0,5,0
1209,motion,motion,no motion,motion,no motion,no motion,0,0,0,0,0,0,0,0,1,1,8,1,2,0,device detected,device detected,device detected,device detected,no device,no device,"('c2', 5)","('r4', 0)",13:02:30,7,1,1,0,0,4,4,2,0,1,0,0,0,0,1,0,0,1,4,2,2,0,8,0,1,0,0,0,0,0,0,1,0,1,2,5,0
1210,motion,motion,no motion,no motion,no motion,no motion,0,0,0,0,2,0,3,0,0,0,8,2,2,1,no device,device detected,device detected,no device,no device,no device,"('r10', 0)","('r4', 0)",13:02:45,6,2,1,0,0,4,4,2,0,0,0,0,0,0,1,0,1,1,4,2,2,0,8,0,1,0,1,0,0,0,0,0,0,1,1,6,0
1211,motion,motion,no motion,motion,motion,no motion,0,0,0,0,2,0,1,2,0,0,8,2,2,1,device detected,device detected,device detected,device detected,no device,no device,"('c2', 4)","('r4', 0)",13:03:00,6,2,1,0,0,3,4,2,0,0,0,0,0,1,2,0,1,1,4,2,2,0,8,0,1,0,1,0,0,0,0,1,0,1,1,4,0
1212,motion,motion,no motion,motion,motion,motion,0,0,0,1,0,0,1,1,1,0,8,1,3,0,device detected,device detected,device detected,device detected,no device,no device,"('r7', 4)","('r4', 0)",13:03:15,6,1,2,0,0,2,4,2,0,0,0,0,0,1,2,0,1,1,3,3,3,0,8,0,1,1,0,0,0,0,0,1,0,1,2,3,0
1213,motion,motion,no motion,no motion,no motion,motion,0,0,2,0,0,0,1,0,0,1,8,1,3,1,device detected,device detected,device detected,device detected,device detected,no device,"('c2', 4)","('r6', 2)",13:03:30,6,1,1,0,0,2,4,2,0,0,0,1,0,0,2,0,1,1,3,3,3,1,8,0,1,1,1,1,0,0,0,0,0,1,0,4,0
1214,motion,motion,motion,no motion,no motion,no motion,0,0,0,0,1,1,0,0,0,0,8,1,3,1,device detected,device detected,device detected,device detected,device detected,no device,"('r16', 0)","('r4', 0)",13:03:45,6,1,1,0,0,2,1,1,1,0,0,0,0,0,2,0,0,0,3,3,4,1,8,0,1,0,1,1,0,0,0,0,0,1,0,10,0
1215,motion,motion,no motion,no motion,motion,motion,0,0,1,0,0,0,0,1,0,0,9,1,1,0,device detected,device detected,device detected,device detected,no device,no device,"('c2', 10)","('r4', 0)",13:04:00,6,1,1,0,0,2,1,1,0,0,0,0,0,1,3,0,0,0,3,1,4,0,9,0,1,1,0,1,0,0,0,0,0,1,1,10,0
1216,motion,motion,no motion,no motion,motion,no motion,0,0,0,0,0,0,1,0,0,0,8,1,3,1,device detected,device detected,device detected,device detected,no device,no device,"('r12', 0)","('r4', 0)",13:04:15,6,1,1,0,0,3,1,1,1,0,0,0,0,0,3,0,0,0,2,3,4,0,8,0,1,0,1,0,0,0,0,0,0,2,0,10,0
1217,motion,motion,no motion,no motion,no motion,motion,0,0,2,0,1,1,0,1,0,0,8,0,1,0,device detected,device detected,device detected,device detected,no device,device detected,"('c2', 6)","('r6', 3)",13:04:30,7,0,1,0,0,3,4,1,0,0,0,0,0,0,3,0,1,1,2,1,4,0,8,0,1,2,0,0,0,0,0,0,0,2,1,6,0
1218,motion,motion,no motion,no motion,motion,motion,0,0,0,0,0,0,0,1,0,1,7,0,2,1,no device,no device,device detected,device detected,no device,no device,"('r16', 0)","('r4', 0)",13:04:45,7,0,1,0,0,3,4,1,0,0,0,0,0,0,3,0,1,1,2,2,4,0,7,0,1,0,1,1,0,0,0,0,0,2,1,6,0
1219,motion,motion,no motion,no motion,no motion,no motion,0,1,1,0,0,0,2,1,0,1,7,0,1,0,device detected,device detected,device detected,device detected,no device,no device,"('r16', 1)","('r4', 0)",13:05:00,7,0,1,0,0,3,5,1,0,0,0,0,0,0,3,1,1,1,2,1,4,0,7,0,1,1,0,0,0,0,0,0,0,2,3,4,0
1220,motion,motion,no motion,motion,no motion,no motion,0,0,0,0,0,0,1,1,0,0,7,0,1,1,device detected,device detected,device detected,device detected,no device,no device,"('c2', 2)","('r4', 0)",13:05:15,7,0,1,0,0,3,8,1,0,0,0,0,0,0,3,1,1,1,2,1,4,0,7,0,2,0,1,0,0,0,0,0,0,2,1,2,0
1221,motion,motion,motion,motion,no motion,motion,0,0,0,0,0,0,1,0,0,0,7,0,1,0,device detected,device detected,device detected,device detected,no device,no device,"('r18', 1)","('r4', 0)",13:05:30,7,0,1,0,0,3,8,1,0,0,0,0,0,0,2,1,1,1,2,1,4,0,7,0,2,0,0,2,0,0,0,1,0,0,0,4,0
1222,motion,motion,no motion,motion,no motion,motion,0,0,0,0,2,0,1,0,0,1,7,0,2,0,device detected,device detected,device detected,device detected,no device,no device,"('c2', 6)","('r6', 3)",13:05:45,7,0,0,0,0,3,8,1,0,0,0,1,0,0,2,1,0,1,1,2,4,0,7,0,2,0,0,1,0,0,0,1,0,0,0,6,0
1223,motion,motion,no motion,motion,motion,motion,0,0,0,0,0,1,0,0,0,0,7,0,2,1,device detected,no device,device detected,device detected,no device,no device,"('r9', 1)","('r6', 3)",13:06:00,7,0,0,0,0,3,7,1,1,0,0,2,0,0,2,1,0,0,1,2,3,0,7,0,2,0,1,1,0,0,0,1,0,0,0,6,0
1224,motion,motion,motion,motion,no motion,motion,0,0,0,0,0,0,1,0,0,0,7,1,2,1,no device,device detected,device detected,device detected,no device,no device,"('c2', 5)","('r6', 3)",13:06:15,6,1,1,0,0,3,7,1,1,0,0,1,0,0,2,1,0,0,1,2,3,0,7,0,2,0,1,1,0,0,0,1,0,0,1,5,0
1225,motion,motion,no motion,motion,motion,motion,0,1,0,2,0,0,0,0,1,0,7,1,2,1,device detected,device detected,device detected,device detected,no device,no device,"('r12', 1)","('r14', 1)",13:06:30,6,1,1,0,0,3,7,0,2,0,0,1,0,1,2,2,0,0,1,2,3,0,7,0,2,0,1,1,0,0,0,1,0,0,0,4,0
1226,motion,motion,no motion,motion,no motion,motion,0,0,0,0,0,0,1,0,0,0,7,0,2,0,device detected,no device,device detected,device detected,device detected,no device,"('c2', 3)","('c1', 1)",13:06:45,7,0,0,0,0,3,7,0,2,0,0,2,0,0,2,2,0,0,1,2,3,1,7,0,2,0,0,1,0,0,0,2,0,0,1,3,0
1227,motion,motion,no motion,motion,no motion,motion,0,0,0,0,0,0,0,0,1,0,7,0,2,0,device detected,no device,device detected,device detected,no device,no device,"('r8', 0)","('r27', 0)",13:07:00,7,0,0,0,0,3,7,0,2,0,0,1,0,1,2,2,0,0,1,2,3,0,7,0,2,0,0,1,0,0,0,2,0,0,0,4,1
1228,motion,motion,no motion,motion,no motion,motion,0,0,0,0,0,0,0,0,0,0,7,0,2,1,device detected,no device,device detected,device detected,device detected,no device,"('r8', 0)","('r32', 2)",13:07:15,7,0,0,0,0,3,6,0,2,0,0,1,0,0,2,2,0,0,1,2,2,1,7,0,2,0,1,1,0,0,0,2,0,0,0,5,1
1229,motion,motion,motion,motion,no motion,motion,0,0,0,0,0,0,1,0,0,0,7,0,2,0,device detected,no device,device detected,device detected,no device,no device,"('r8', 0)","('r32', 3)",13:07:30,7,0,0,0,0,3,7,0,2,0,0,1,0,0,2,2,0,0,1,2,2,0,7,0,2,0,0,1,0,0,0,3,0,0,1,3,2
1230,motion,motion,no motion,motion,no motion,motion,0,0,0,0,0,0,0,1,0,0,7,0,3,1,device detected,no device,device detected,device detected,no device,no device,"('r8', 0)","('r32', 3)",13:07:45,7,0,0,0,0,3,7,0,2,0,0,1,0,0,2,2,0,0,0,3,2,0,7,0,2,0,1,1,0,0,0,3,0,0,0,3,2
1231,motion,no motion,no motion,motion,no motion,no motion,0,0,1,0,0,0,0,0,0,0,7,0,2,0,device detected,no device,device detected,device detected,no device,no device,"('c2', 4)","('r27', 0)",13:08:00,7,0,0,0,0,3,6,0,2,0,0,1,0,0,2,2,0,0,0,2,2,0,7,0,2,1,0,0,0,0,0,4,0,1,0,4,2
1232,motion,no motion,no motion,motion,motion,motion,0,1,0,0,0,0,0,0,0,0,7,0,2,1,device detected,no device,device detected,device detected,no device,no device,"('r8', 0)","('r27', 1)",13:08:15,7,0,0,0,0,2,5,0,2,0,0,1,0,1,2,3,0,0,0,2,2,0,7,0,2,0,1,1,0,0,0,4,0,0,0,4,2
1233,motion,motion,no motion,motion,no motion,no motion,0,0,0,0,0,1,0,1,0,0,5,0,4,0,device detected,no device,device detected,device detected,no device,no device,"('c2', 2)","('c1', 1)",13:08:30,7,0,0,0,0,3,5,1,2,0,0,1,0,0,2,3,0,1,0,4,2,0,5,0,2,0,0,0,0,0,0,4,0,1,1,2,2
1234,motion,no motion,no motion,motion,motion,no motion,0,0,2,0,0,0,1,0,0,0,5,0,2,0,device detected,no device,device detected,device detected,no device,no device,"('r7', 5)","('r27', 0)",13:08:45,7,0,0,0,0,3,5,1,2,0,0,1,0,0,2,3,0,1,0,2,2,0,5,0,2,2,0,0,0,0,0,4,0,1,0,3,2
1235,motion,no motion,no motion,motion,motion,no motion,0,1,0,0,0,0,0,0,0,0,5,0,2,2,no device,no device,device detected,device detected,device detected,device detected,"('r7', 5)","('r21', 2)",13:09:00,7,0,0,0,0,2,5,1,2,0,0,1,0,1,2,4,0,1,0,2,2,0,5,0,2,0,2,0,0,0,0,4,0,1,0,2,2
1236,motion,no motion,no motion,motion,no motion,no motion,0,0,0,0,0,0,0,1,1,0,4,0,3,1,device detected,no device,device detected,device detected,no device,no device,"('c2', 2)","('r27', 1)",13:09:15,7,0,0,0,0,2,5,1,2,0,0,1,0,0,2,4,0,1,0,3,2,0,4,0,2,0,1,0,0,0,0,4,0,1,2,2,2
1237,motion,no motion,no motion,motion,motion,motion,0,1,1,0,0,0,1,0,0,1,4,0,2,0,device detected,no device,no device,device detected,no device,no device,"('r10', 0)","('r21', 3)",13:09:30,7,0,0,0,0,1,5,1,2,0,0,1,0,1,1,3,0,1,0,2,3,0,4,0,2,1,0,1,0,0,0,4,0,1,0,5,2
1238,motion,no motion,no motion,motion,no motion,motion,0,2,0,0,0,1,1,1,0,0,4,0,2,2,device detected,device detected,device detected,device detected,device detected,no device,"('c2', 2)","('r27', 2)",13:09:45,7,0,0,0,0,2,6,1,1,0,0,1,0,0,1,4,0,2,0,2,3,0,4,0,2,0,2,2,0,0,1,3,0,0,0,2,2
1239,motion,motion,no motion,motion,no motion,motion,0,1,0,0,0,0,0,1,0,1,4,0,2,0,device detected,device detected,device detected,device detected,no device,no device,"('r13', 0)","('c1', 2)",13:10:00,7,0,0,0,0,2,6,1,1,0,0,0,0,0,2,5,0,2,0,2,4,0,4,0,2,0,0,1,0,0,0,4,0,0,2,1,2
1240,motion,no motion,no motion,motion,no motion,motion,0,0,0,0,0,0,2,0,0,0,4,0,2,0,device detected,device detected,device detected,device detected,no device,no device,"('c2', 4)","('c2', 4)",13:10:15,7,0,0,0,0,2,5,1,1,0,0,0,0,0,2,5,0,2,0,2,4,0,4,0,1,1,0,1,0,0,0,4,0,0,0,4,2
1241,motion,no motion,no motion,motion,no motion,motion,0,0,1,0,0,0,0,0,0,0,4,0,3,0,device detected,no device,device detected,device detected,device detected,no device,"('r10', 0)","('c1', 0)",13:10:30,7,0,0,0,0,2,4,1,1,0,0,2,0,0,2,5,0,2,0,3,4,1,4,0,1,0,0,1,0,0,0,4,0,0,0,3,1
1242,motion,no motion,no motion,motion,motion,motion,0,0,0,0,0,0,1,1,0,0,5,0,2,1,device detected,device detected,device detected,no device,no device,no device,"('r10', 1)","('r27', 1)",13:10:45,7,0,2,0,0,1,4,1,1,1,0,0,0,1,2,5,0,2,0,2,4,2,5,0,1,0,1,1,0,0,0,4,0,0,0,1,0
1243,motion,no motion,no motion,motion,motion,motion,0,0,0,2,0,0,0,0,0,0,5,2,1,0,device detected,no device,device detected,no device,device detected,no device,"('c2', 1)","('c1', 0)",13:11:00,7,2,0,0,0,2,4,1,1,1,0,0,1,0,1,5,0,2,0,2,4,2,5,0,1,1,0,1,0,0,0,4,0,0,0,1,0
1244,motion,no motion,no motion,motion,motion,motion,0,0,1,0,0,0,0,0,0,0,5,1,3,0,device detected,no device,device detected,device detected,device detected,no device,"('r11', 0)","('r28', 1)",13:11:15,8,1,0,0,0,1,4,2,1,1,0,0,1,1,1,5,0,2,0,3,4,2,5,0,1,0,0,1,0,0,0,4,0,0,0,0,0
1245,motion,no motion,no motion,motion,motion,motion,0,2,0,0,0,0,0,0,0,0,4,2,3,0,device detected,no device,device detected,device detected,device detected,no device,"('r11', 0)","('c1', 0)",13:11:30,7,2,0,0,0,1,4,2,1,1,0,0,1,1,0,3,0,2,1,3,4,2,4,0,1,0,0,1,0,0,0,4,0,0,0,3,0
1246,motion,motion,no motion,motion,no motion,no motion,0,0,0,0,1,0,1,0,1,0,4,2,3,1,device detected,no device,device detected,device detected,device detected,no device,"('c2', 2)","('r28', 0)",13:11:45,7,2,0,0,0,1,4,2,1,0,0,0,1,0,0,3,1,2,1,3,4,2,4,0,1,0,1,0,0,0,0,3,0,1,2,2,0
1247,motion,motion,no motion,motion,no motion,no motion,0,0,1,0,0,0,0,1,0,0,3,2,3,3,device detected,no device,device detected,device detected,device detected,no device,"('r9', 1)","('r24', 0)",13:12:00,7,2,0,0,0,1,5,2,1,0,0,0,1,0,0,3,1,2,1,3,4,2,3,0,1,1,3,0,0,0,0,2,0,1,1,1,0
1248,motion,motion,no motion,motion,motion,motion,0,0,0,0,0,0,0,0,1,0,4,2,2,2,device detected,no device,device detected,device detected,device detected,no device,"('c2', 0)","('r22', 2)",13:12:15,7,2,0,0,0,1,5,2,1,0,0,0,1,1,1,3,1,2,1,2,4,2,4,0,1,1,2,0,0,0,0,3,0,1,0,0,0
1249,motion,motion,no motion,motion,motion,no motion,0,0,1,0,0,0,0,1,1,0,3,3,3,1,device detected,no device,no device,device detected,device detected,no device,"('r9', 1)","('r24', 0)",13:12:30,6,3,0,0,0,2,5,2,1,0,0,0,1,1,0,3,1,2,1,3,4,2,4,0,1,0,1,0,0,0,0,3,0,1,0,1,0
1250,motion,motion,no motion,motion,motion,no motion,0,0,0,0,1,1,0,1,0,0,3,3,3,0,device detected,no device,device detected,device detected,device detected,no device,"('c2', 1)","('r24', 0)",13:12:45,6,3,0,0,0,2,5,2,1,0,0,0,1,1,0,3,2,1,2,3,4,2,3,0,1,0,0,0,0,0,0,3,0,1,1,1,0
1251,motion,motion,no motion,motion,motion,no motion,0,0,1,0,0,0,1,0,2,0,3,2,1,0,device detected,no device,no device,device detected,device detected,no device,"('r16', 3)","('r22', 2)",13:13:00,7,2,0,0,0,2,5,2,1,0,0,0,1,1,0,3,2,1,3,1,5,2,3,0,1,1,0,0,0,0,0,2,0,1,2,0,0
1252,motion,motion,no motion,motion,motion,motion,0,0,0,0,0,0,1,0,0,1,3,4,1,1,device detected,no device,device detected,device detected,device detected,no device,"('r16', 3)","('r22', 2)",13:13:15,5,4,0,0,0,2,5,1,1,0,0,0,1,1,0,3,2,1,3,1,5,2,3,0,1,0,1,1,0,0,0,2,0,1,0,2,0
1253,motion,motion,no motion,motion,motion,motion,0,0,0,1,0,0,0,1,0,0,3,5,2,0,device detected,device detected,device detected,device detected,device detected,no device,"('c2', 2)","('r24', 0)",13:13:30,3,5,1,0,0,1,4,1,1,0,0,0,1,2,1,3,2,1,2,2,5,2,3,0,1,0,0,1,0,0,0,2,0,1,1,2,0
1254,motion,motion,no motion,motion,motion,motion,0,0,2,0,2,0,2,0,0,0,3,4,1,1,device detected,no device,device detected,device detected,device detected,no device,"('r8', 1)","('r22', 3)",13:13:45,4,4,0,0,0,1,4,1,1,0,0,1,1,1,1,3,2,1,2,1,5,3,3,0,1,0,1,1,0,0,0,2,0,1,1,2,0
1255,motion,motion,no motion,motion,motion,motion,0,0,0,1,1,0,0,2,0,0,3,3,1,2,device detected,device detected,device detected,device detected,device detected,no device,"('c2', 4)","('r24', 0)",13:14:00,4,3,1,0,0,1,4,1,1,0,0,1,1,3,0,3,1,1,2,1,4,1,3,0,1,0,2,1,0,0,0,2,0,1,1,4,0
1256,motion,motion,no motion,motion,motion,motion,0,0,0,0,3,0,3,0,0,0,3,2,1,1,device detected,device detected,device detected,device detected,device detected,no device,"('r8', 0)","('r28', 1)",13:14:15,5,2,2,0,0,1,4,0,1,0,0,1,1,3,0,3,1,1,2,1,4,1,3,0,1,0,1,1,0,0,0,3,0,1,1,4,0
1257,motion,motion,no motion,motion,motion,motion,0,1,0,3,0,1,0,0,0,1,3,3,1,1,device detected,device detected,device detected,device detected,device detected,no device,"('c2', 1)","('c1', 0)",13:14:30,5,3,2,0,0,2,4,0,1,0,0,1,1,2,0,4,1,2,2,1,4,1,3,0,1,0,1,2,0,0,0,3,0,1,0,1,0
1258,motion,motion,no motion,motion,motion,motion,0,0,0,0,1,0,0,0,0,0,3,3,1,2,device detected,device detected,device detected,no device,device detected,no device,"('r8', 1)","('r27', 2)",13:14:45,5,3,1,0,0,1,4,1,1,0,0,2,1,3,0,4,0,2,2,1,4,1,3,0,1,0,2,2,0,0,0,2,0,1,0,1,0
1259,motion,motion,no motion,motion,motion,motion,0,0,0,2,0,1,1,1,0,0,3,6,1,0,device detected,no device,device detected,device detected,device detected,device detected,"('c2', 0)","('c1', 2)",13:15:00,4,6,0,0,0,1,4,1,1,0,0,0,1,3,0,4,0,3,2,1,4,1,3,0,1,0,1,2,0,0,0,2,0,1,2,0,0
1260,motion,motion,motion,motion,motion,motion,0,0,0,0,0,0,1,1,0,0,3,4,1,2,device detected,no device,device detected,device detected,no device,no device,"('r9', 1)","('r27', 2)",13:15:15,6,4,0,0,0,1,4,1,1,0,0,0,1,4,0,4,0,3,2,1,4,0,3,0,1,0,2,2,0,0,0,2,0,1,0,1,0
1261,motion,motion,no motion,motion,motion,motion,0,0,0,0,0,0,0,0,0,0,2,4,2,1,device detected,no device,device detected,device detected,device detected,no device,"('c2', 1)","('r27', 1)",13:15:30,6,4,0,0,0,1,4,0,1,0,0,1,1,3,0,4,0,3,2,2,4,1,2,0,1,1,1,2,0,0,0,2,0,1,0,1,0
1262,motion,motion,motion,motion,motion,motion,0,0,1,0,0,0,0,0,0,0,2,4,1,0,device detected,device detected,device detected,device detected,no device,no device,"('c1', 0)","('c1', 0)",13:15:45,6,4,1,0,0,1,5,0,1,0,0,0,1,3,0,4,0,3,2,1,4,1,2,0,2,1,0,2,0,0,0,3,0,1,0,0,0
1263,motion,motion,no motion,motion,motion,motion,0,0,0,1,0,0,0,0,0,0,1,5,1,1,device detected,no device,device detected,device detected,no device,no device,"('r14', 4)","('c2', 2)",13:16:00,6,5,0,0,0,1,3,0,1,0,0,0,1,4,0,4,0,3,2,1,4,0,2,0,2,0,1,3,0,0,0,3,0,0,0,2,0
1264,motion,motion,no motion,motion,motion,motion,0,0,0,0,0,0,1,1,1,0,2,4,1,1,device detected,no device,device detected,no device,no device,no device,"('r14', 3)","('r16', 4)",13:16:15,7,4,0,0,0,1,3,0,1,0,1,0,1,3,0,4,0,3,2,1,4,0,2,0,2,0,1,3,0,0,0,2,0,0,3,0,0
1265,motion,motion,no motion,motion,motion,motion,0,0,0,0,0,0,1,4,0,0,2,4,1,1,no device,device detected,device detected,device detected,no device,no device,"('c1', 1)","('r16', 4)",13:16:30,7,4,0,0,0,1,3,0,1,0,0,0,1,3,0,4,0,3,2,1,4,0,2,0,2,1,1,3,0,0,0,2,0,0,1,2,0
1266,motion,motion,no motion,motion,motion,motion,0,0,1,1,0,0,0,0,0,1,2,4,2,0,device detected,device detected,no device,device detected,no device,no device,"('c2', 0)","('r16', 4)",13:16:45,6,4,2,0,0,1,4,0,1,0,0,0,1,3,0,4,0,3,2,2,4,0,2,0,2,1,0,3,0,0,0,2,0,1,0,0,0
1267,motion,motion,no motion,motion,motion,motion,0,0,1,2,0,0,0,0,0,0,3,3,2,0,device detected,device detected,no device,device detected,no device,no device,"('c1', 0)","('c2', 0)",13:17:00,7,3,1,0,0,1,4,0,1,0,0,1,1,3,0,4,0,3,2,2,4,0,3,0,2,0,0,2,0,0,0,2,0,2,0,0,0
1268,motion,motion,no motion,motion,motion,motion,0,0,0,0,0,0,0,0,0,0,4,2,1,0,device detected,device detected,device detected,device detected,no device,no device,"('r14', 3)","('r8', 0)",13:17:15,8,2,0,0,0,1,3,0,1,0,0,2,1,3,0,4,0,3,2,1,4,0,4,0,2,0,0,2,0,0,0,2,1,1,0,1,0
1269,motion,motion,no motion,motion,motion,motion,0,1,0,1,0,1,0,0,0,0,4,1,1,0,device detected,device detected,device detected,device detected,no device,no device,"('r14', 3)","('r8', 0)",13:17:30,8,1,1,0,0,1,2,0,1,0,0,1,1,3,0,5,0,2,2,1,4,0,4,0,2,0,0,2,0,0,0,2,1,1,0,3,0
1270,motion,motion,no motion,motion,motion,motion,0,1,0,0,0,0,2,0,0,0,4,1,0,0,device detected,no device,device detected,no device,no device,no device,"('r14', 3)","('r8', 0)",13:17:45,8,1,0,0,0,1,2,0,1,0,0,2,1,3,1,6,0,2,2,1,4,0,4,0,2,0,0,2,0,0,0,2,1,1,1,0,0
1271,motion,motion,no motion,motion,motion,motion,0,0,1,0,0,0,0,1,0,0,4,1,0,3,device detected,no device,device detected,device detected,no device,no device,"('c1', 0)","('c2', 1)",13:18:00,8,1,0,0,0,1,2,0,1,0,0,1,1,3,1,6,0,2,2,0,3,0,4,0,2,1,3,3,0,0,0,1,1,0,0,1,0
1272,motion,motion,no motion,motion,motion,motion,0,0,0,0,0,0,0,1,0,0,4,1,0,1,device detected,device detected,device detected,device detected,no device,no device,"('r27', 1)","('c2', 1)",13:18:15,8,1,0,0,0,1,1,1,1,0,0,1,1,3,1,6,0,2,2,0,3,0,4,0,2,2,1,3,0,0,0,1,1,0,1,1,0
1273,motion,motion,motion,motion,motion,motion,0,3,3,0,1,0,0,0,0,0,4,0,2,1,device detected,no device,device detected,device detected,no device,no device,"('r32', 1)","('r7', 1)",13:18:30,8,1,0,0,0,1,1,1,1,0,0,1,1,3,0,4,1,2,2,2,3,0,4,0,2,0,1,3,0,0,0,1,1,0,1,3,0
1274,motion,motion,no motion,motion,motion,motion,0,1,0,0,0,0,1,0,0,0,5,1,0,1,device detected,no device,device detected,device detected,no device,no device,"('r32', 1)","('r7', 3)",13:18:45,8,1,0,0,0,1,3,1,1,0,0,1,1,3,0,3,1,2,2,0,3,0,6,0,2,0,1,3,0,0,0,1,0,1,0,3,0
1275,motion,motion,no motion,motion,motion,motion,0,0,0,0,0,0,0,0,0,0,6,1,0,1,device detected,no device,device detected,device detected,no device,no device,"('r31', 0)","('r7', 3)",13:19:00,8,1,0,0,0,1,3,2,1,1,1,1,1,3,0,3,1,2,2,0,3,0,6,0,2,0,1,4,0,0,0,1,0,0,0,0,0
1276,motion,motion,no motion,motion,motion,motion,0,0,0,0,0,0,0,0,0,0,6,2,0,1,device detected,device detected,device detected,device detected,no device,no device,"('r32', 1)","('c2', 1)",13:19:15,7,2,1,0,0,1,3,1,1,1,1,0,1,3,0,3,1,2,2,0,3,0,6,0,2,0,1,4,0,0,0,1,0,0,0,1,0
1277,motion,motion,no motion,motion,motion,motion,0,0,0,1,0,0,0,0,0,0,5,1,0,1,device detected,device detected,device detected,device detected,no device,no device,"('r31', 0)","('r7', 3)",13:19:30,7,1,1,0,0,1,3,1,1,1,1,1,1,3,0,3,1,2,2,0,3,0,6,0,2,0,1,4,0,0,0,1,0,0,0,1,0
1278,motion,motion,motion,motion,motion,motion,0,0,0,0,2,0,0,0,0,0,6,1,0,1,device detected,device detected,device detected,device detected,no device,device detected,"('r32', 1)","('r7', 3)",13:19:45,7,1,1,0,0,1,3,1,1,1,1,0,1,3,0,3,0,2,2,0,3,0,6,0,2,0,1,4,0,0,0,1,0,0,0,3,0
1279,motion,motion,motion,motion,motion,motion,0,1,0,0,0,0,1,0,0,0,6,0,0,1,device detected,device detected,device detected,device detected,no device,no device,"('r31', 0)","('c2', 1)",13:20:00,7,1,1,0,0,1,3,1,1,1,1,0,1,3,0,4,0,2,2,0,3,0,6,0,2,0,1,1,0,0,0,1,0,3,1,1,0
1280,motion,motion,no motion,motion,motion,motion,0,0,0,0,0,0,0,0,0,1,5,1,0,1,device detected,device detected,device detected,device detected,no device,device detected,"('r31', 0)","('r18', 2)",13:20:15,7,1,1,0,0,1,3,1,2,1,1,0,1,3,0,4,0,2,2,0,3,0,6,0,2,0,1,1,0,0,0,1,0,4,0,0,0
1281,motion,motion,no motion,motion,motion,motion,0,0,0,0,0,0,0,0,0,0,6,1,0,1,device detected,device detected,no device,device detected,no device,no device,"('r31', 0)","('c2', 3)",13:20:30,7,1,1,0,0,1,3,1,1,0,0,0,1,3,0,4,0,2,2,0,3,0,6,0,2,0,1,1,0,0,0,1,1,3,0,3,0
1282,motion,motion,no motion,motion,motion,motion,0,1,0,2,0,0,0,1,1,0,6,2,0,1,device detected,no device,device detected,device detected,no device,no device,"('r31', 0)","('r17', 0)",13:20:45,7,2,0,0,0,1,3,1,1,0,1,0,1,2,0,5,0,2,2,0,3,0,6,0,2,0,2,2,0,0,0,1,1,2,0,1,0
1283,motion,motion,no motion,motion,motion,no motion,0,2,0,0,0,0,0,0,0,2,6,3,0,4,device detected,no device,device detected,device detected,no device,device detected,"('r31', 0)","('c2', 3)",13:21:00,6,3,0,0,0,1,3,1,1,0,1,0,1,2,0,3,0,2,2,0,1,0,6,0,2,0,4,0,0,0,0,1,1,2,2,3,0
1284,motion,motion,no motion,motion,motion,motion,0,0,0,2,0,0,1,1,1,0,6,3,0,3,device detected,device detected,no device,device detected,device detected,no device,"('r32', 1)","('r17', 0)",13:21:15,5,3,1,0,0,1,4,0,1,0,1,0,1,3,0,3,0,2,2,0,1,0,6,0,2,0,3,0,0,0,0,1,0,3,1,4,0
1285,motion,motion,no motion,motion,motion,motion,0,0,0,1,0,0,1,0,0,1,6,3,0,2,device detected,device detected,device detected,no device,no device,no device,"('r27', 2)","('c2', 4)",13:21:30,4,3,1,0,0,1,4,0,1,0,0,1,1,3,0,3,0,2,2,0,1,0,6,0,2,0,2,1,0,0,0,2,0,3,1,4,0
1286,motion,motion,no motion,motion,motion,motion,0,0,0,1,0,0,0,2,0,0,6,1,0,3,device detected,device detected,device detected,device detected,no device,no device,"('r32', 2)","('r11', 0)",13:21:45,5,1,1,0,0,2,4,1,1,0,0,0,1,2,0,3,0,2,2,0,1,0,6,0,2,0,3,2,0,0,0,2,0,2,0,5,0
1287,motion,motion,no motion,motion,motion,motion,0,0,0,0,0,4,0,0,0,0,6,2,0,2,device detected,no device,device detected,no device,no device,no device,"('r31', 0)","('r11', 0)",13:22:00,4,2,0,0,0,2,4,1,1,0,0,1,1,2,0,3,0,4,2,0,1,0,6,0,2,1,2,3,0,0,0,2,0,1,0,3,0
1288,motion,motion,no motion,motion,no motion,motion,0,0,1,0,0,0,0,0,0,0,6,2,1,2,device detected,no device,device detected,device detected,no device,no device,"('r31', 0)","('c2', 2)",13:22:15,4,2,0,0,0,2,5,1,1,1,0,0,1,2,0,3,0,4,2,1,1,0,6,0,2,0,2,3,0,0,0,2,0,1,0,2,0
1289,motion,motion,no motion,motion,motion,motion,0,0,0,0,0,0,0,0,0,0,6,2,1,2,device detected,no device,device detected,no device,no device,no device,"('r32', 2)","('r10', 1)",13:22:30,4,2,0,1,0,1,5,1,1,1,0,0,1,2,1,3,0,4,2,1,1,0,6,0,2,0,2,4,0,0,0,2,0,0,0,1,0
1290,motion,motion,motion,motion,motion,motion,0,0,0,0,0,0,0,0,0,0,6,2,1,2,device detected,no device,device detected,device detected,no device,no device,"('r27', 2)","('c2', 1)",13:22:45,4,2,0,0,0,2,6,1,1,1,0,0,1,2,0,3,0,4,2,1,1,0,6,0,2,0,2,4,0,0,0,2,0,0,0,1,0
1291,motion,motion,no motion,motion,motion,motion,0,0,0,0,0,0,0,0,0,0,6,2,0,3,device detected,no device,device detected,device detected,no device,no device,"('r26', 0)","('c1', 0)",13:23:00,4,2,0,0,0,2,6,1,1,1,0,0,1,2,0,3,0,4,3,0,1,0,6,0,2,0,3,4,0,0,0,1,0,0,0,1,0
1292,motion,motion,no motion,motion,motion,motion,0,0,0,0,0,0,0,1,1,0,6,2,0,2,device detected,no device,device detected,device detected,no device,no device,"('r27', 2)","('r14', 1)",13:23:15,4,2,0,0,0,2,5,1,1,2,0,0,1,1,0,3,0,4,3,0,1,0,6,0,2,0,2,4,0,0,0,1,0,0,2,1,0
1293,motion,motion,no motion,motion,motion,motion,0,0,0,0,0,1,0,1,1,0,5,2,0,2,device detected,no device,no device,no device,no device,no device,"('r21', 1)","('r22', 0)",13:23:30,4,2,0,0,0,0,5,2,1,2,0,0,1,4,0,3,0,3,3,1,1,0,5,0,2,1,2,4,0,0,0,1,0,0,0,1,0
1294,motion,motion,no motion,motion,motion,motion,0,0,2,0,0,0,0,0,0,0,5,1,1,2,device detected,no device,device detected,no device,no device,no device,"('r21', 1)","('r22', 0)",13:23:45,4,2,0,0,0,0,5,2,1,2,0,0,1,3,0,3,0,3,2,2,1,0,5,0,2,1,2,4,0,0,0,1,0,0,0,1,1
1295,motion,motion,no motion,motion,motion,motion,0,0,0,0,0,1,0,0,0,0,6,2,0,3,device detected,no device,device detected,no device,no device,no device,"('r27', 3)","('r24', 0)",13:24:00,4,2,0,0,0,0,5,2,1,2,0,0,1,3,0,3,0,4,3,0,1,0,6,0,2,0,3,4,0,0,0,1,0,0,0,0,1
1296,motion,motion,no motion,motion,motion,motion,0,1,0,0,0,1,0,0,0,0,6,2,0,2,no device,no device,device detected,no device,no device,no device,"('c1', 0)","('r28', 4)",13:24:15,4,2,0,0,0,0,5,1,1,2,0,0,1,3,0,2,0,3,3,0,2,0,6,0,2,0,2,4,0,0,0,1,0,0,0,3,1
1297,motion,motion,no motion,no motion,motion,motion,0,0,0,0,0,0,1,0,0,0,6,2,0,2,device detected,no device,device detected,no device,no device,no device,"('c1', 1)","('r24', 0)",13:24:30,4,2,0,0,0,0,5,0,1,1,0,0,2,3,0,2,0,3,3,0,2,0,6,0,2,0,2,4,0,0,0,1,0,0,1,3,1
1298,motion,motion,no motion,motion,motion,motion,0,1,0,0,0,0,0,0,1,0,5,1,0,2,device detected,no device,device detected,no device,no device,no device,"('r28', 4)","('r22', 0)",13:24:45,4,2,0,0,0,0,5,0,1,1,0,0,1,4,0,3,0,3,3,1,2,0,5,0,2,0,2,4,0,0,0,1,0,0,0,3,1
1299,motion,motion,no motion,motion,motion,motion,0,1,0,0,0,0,0,0,0,0,4,2,2,2,device detected,no device,no device,no device,no device,no device,"('r24', 0)","('r22', 0)",13:25:00,4,2,0,0,0,0,5,0,2,1,0,0,1,4,0,2,0,3,3,2,2,0,4,0,2,0,2,4,0,0,0,1,0,0,0,3,1
1300,motion,motion,no motion,motion,motion,motion,0,0,1,0,0,0,0,0,0,0,4,2,1,2,device detected,no device,device detected,no device,no device,no device,"('r28', 4)","('r14', 4)",13:25:15,4,2,0,0,0,0,5,0,1,1,0,0,1,4,0,2,0,3,3,1,2,0,4,0,2,1,2,4,0,0,0,1,0,0,0,4,1
1301,motion,motion,no motion,motion,motion,motion,0,0,0,0,0,0,0,0,0,0,5,3,1,3,device detected,no device,device detected,no device,no device,no device,"('r24', 0)","('r14', 4)",13:25:30,3,3,0,0,0,0,5,1,1,1,0,0,1,4,1,2,0,3,2,1,2,0,5,0,2,0,3,4,0,0,0,1,0,0,0,2,1
1302,motion,motion,no motion,no motion,motion,motion,0,0,0,1,0,0,0,0,0,0,5,2,1,2,no device,device detected,device detected,no device,no device,no device,"('r22', 0)","('r14', 4)",13:25:45,3,2,1,0,0,0,6,1,1,1,0,0,1,4,1,2,0,3,2,1,3,0,5,0,2,0,2,4,0,0,0,1,0,0,0,1,1
1303,motion,motion,no motion,motion,motion,motion,0,1,0,0,0,0,0,0,0,0,5,2,1,2,device detected,no device,device detected,no device,no device,no device,"('outside', 1)","('r14', 4)",13:26:00,3,2,0,0,0,0,6,1,1,1,0,1,1,4,1,3,0,3,2,1,3,0,5,0,2,0,2,4,0,0,0,1,0,0,0,0,1
1304,motion,motion,no motion,motion,motion,motion,0,1,0,0,0,1,0,0,0,0,4,2,1,2,device detected,no device,device detected,device detected,no device,no device,"('outside', 1)","('r14', 4)",13:26:15,3,2,0,0,0,0,6,0,1,1,0,0,1,4,1,2,0,2,2,1,3,0,5,0,2,0,2,4,0,0,0,1,0,0,0,4,1
1305,motion,motion,no motion,motion,motion,motion,0,1,0,0,0,0,1,0,0,0,5,2,1,2,device detected,no device,device detected,no device,no device,no device,"('outside', 1)","('c1', 1)",13:26:30,3,2,0,0,0,0,5,1,1,1,0,0,1,4,1,3,0,2,2,1,3,0,5,0,2,0,2,4,0,0,0,1,0,0,1,2,1
1306,motion,motion,motion,no motion,motion,motion,0,0,0,0,2,0,0,1,0,0,5,2,1,3,device detected,no device,device detected,no device,no device,no device,"('outside', 1)","('r28', 3)",13:26:45,3,2,0,0,0,0,5,1,1,2,0,0,1,4,1,3,1,2,2,1,3,0,5,0,2,0,3,3,0,0,0,1,0,1,0,0,1
1307,motion,motion,no motion,motion,motion,motion,0,0,0,0,0,0,0,0,0,0,4,2,2,2,device detected,no device,device detected,no device,device detected,no device,"('outside', 1)","('r28', 3)",13:27:00,3,2,0,0,0,0,5,1,1,2,0,0,1,3,1,3,1,2,2,2,3,1,4,0,2,1,2,3,0,0,0,1,0,1,0,0,1
1308,motion,motion,no motion,motion,motion,motion,0,0,1,0,0,0,0,0,0,0,4,1,1,2,device detected,no device,device detected,no device,no device,no device,"('r22', 1)","('c1', 0)",13:27:15,3,2,0,0,0,0,5,1,1,1,0,0,1,3,1,3,1,2,2,1,3,1,4,0,3,1,2,3,0,0,0,1,0,1,0,1,1
1309,motion,motion,no motion,motion,motion,motion,0,0,0,0,0,0,0,0,0,1,4,2,1,4,device detected,no device,device detected,no device,no device,no device,"('outside', 1)","('r14', 3)",13:27:30,3,2,0,0,0,0,5,1,1,1,0,0,1,3,1,3,1,2,2,1,2,1,4,0,3,0,4,2,0,0,0,1,0,1,1,1,1
1310,motion,motion,no motion,motion,motion,motion,0,1,0,0,0,0,0,1,1,0,4,2,2,2,device detected,no device,device detected,no device,device detected,no device,"('r22', 1)","('r22', 1)",13:27:45,3,2,0,0,0,0,5,1,1,1,1,0,1,4,1,2,1,2,1,2,2,1,4,0,3,0,2,1,0,0,0,2,0,2,1,1,1
1311,motion,motion,no motion,no motion,motion,motion,0,0,1,0,0,0,1,0,0,0,4,2,0,1,device detected,no device,device detected,no device,no device,no device,"('outside', 1)","('r24', 0)",13:28:00,3,2,0,0,0,0,5,1,1,1,1,0,1,5,1,2,1,2,1,1,2,0,4,0,3,2,1,1,0,0,0,2,0,2,0,2,1
1312,motion,motion,no motion,motion,motion,motion,0,1,1,0,0,0,0,0,0,0,4,1,2,2,device detected,no device,device detected,no device,no device,no device,"('r22', 0)","('r22', 0)",13:28:15,3,2,0,0,0,0,5,1,1,1,1,0,0,5,1,3,1,2,1,2,2,0,4,0,3,0,2,1,0,0,0,2,0,2,0,2,1
1313,motion,motion,no motion,motion,motion,motion,0,0,0,0,0,0,0,1,0,0,5,2,1,1,device detected,no device,device detected,no device,no device,no device,"('r24', 0)","('r14', 5)",13:28:30,3,2,0,0,0,0,5,1,1,1,0,1,0,5,1,3,1,2,1,1,2,0,5,0,3,0,1,1,0,0,0,2,0,2,1,2,1
1314,motion,motion,no motion,motion,motion,motion,0,0,0,0,0,0,1,1,0,0,5,2,1,1,device detected,device detected,device detected,no device,no device,no device,"('r22', 0)","('r22', 0)",13:28:45,3,2,1,0,0,0,6,0,1,1,0,0,0,5,1,3,1,2,1,1,2,0,5,0,2,1,1,1,0,0,0,1,0,2,1,3,1
1315,motion,motion,no motion,motion,motion,motion,0,0,0,0,0,1,0,0,0,1,5,2,1,2,no device,no device,device detected,no device,no device,no device,"('r22', 0)","('outside', 1)",13:29:00,3,2,0,0,0,0,6,0,1,2,0,1,0,5,1,3,1,1,1,1,2,0,5,0,2,0,2,2,0,0,0,1,0,2,0,3,1
1316,motion,motion,no motion,motion,motion,motion,0,0,0,0,0,1,1,1,0,0,5,2,1,1,device detected,no device,device detected,no device,no device,no device,"('outside', 1)","('outside', 1)",13:29:15,3,2,0,0,0,0,5,1,1,2,0,0,0,5,1,3,1,0,1,1,2,0,5,0,2,0,1,2,0,0,0,1,0,2,2,4,1
1317,motion,motion,motion,motion,motion,motion,0,1,0,0,0,1,0,0,1,1,5,2,1,1,device detected,no device,device detected,no device,no device,no device,"('r22', 0)","('r22', 0)",13:29:30,3,2,0,0,0,0,4,1,1,2,0,0,0,6,1,2,1,1,1,1,2,0,5,0,2,0,1,3,0,0,0,1,0,2,0,5,1
1318,motion,motion,no motion,motion,motion,motion,0,0,0,0,1,2,1,0,0,0,5,2,1,1,device detected,no device,no device,no device,device detected,no device,"('outside', 1)","('r24', 0)",13:29:45,3,2,0,0,0,0,4,2,1,1,0,0,0,5,1,2,0,2,1,1,2,1,5,0,2,0,1,3,0,0,0,1,1,1,1,4,1
1319,motion,motion,motion,motion,motion,motion,0,0,0,0,0,2,0,1,0,1,5,2,1,2,device detected,no device,device detected,no device,no device,no device,"('r22', 0)","('r22', 0)",13:30:00,3,2,0,0,0,0,3,2,1,1,1,0,0,6,1,2,0,1,1,1,2,0,5,0,2,0,2,2,0,0,0,1,1,1,1,5,1
1320,motion,motion,no motion,no motion,motion,motion,0,0,0,0,1,0,0,0,1,0,5,1,1,1,device detected,no device,no device,no device,no device,no device,"('r22', 0)","('r14', 7)",13:30:15,3,2,0,0,0,0,4,2,1,1,1,0,0,7,1,2,1,1,1,1,3,0,5,0,2,0,1,2,0,0,0,1,1,1,0,3,1
1321,motion,no motion,no motion,motion,motion,motion,0,1,0,0,0,0,0,0,0,0,5,2,1,1,device detected,no device,device detected,device detected,no device,no device,"('r14', 6)","('c1', 0)",13:30:30,3,2,0,0,0,1,4,2,1,0,1,0,1,6,1,1,1,1,1,1,3,0,5,0,1,1,1,2,0,0,0,1,1,1,0,4,1
1322,motion,motion,no motion,motion,motion,motion,0,1,0,0,0,1,0,0,0,0,5,2,1,2,device detected,no device,device detected,device detected,no device,no device,"('r6', 1)","('r28', 2)",13:30:45,3,2,0,0,0,1,4,2,1,0,1,0,1,6,1,0,1,2,1,1,3,0,5,0,1,0,2,2,0,0,0,1,1,1,0,4,1
1323,motion,motion,no motion,motion,motion,motion,0,0,0,0,1,1,1,0,0,0,5,2,0,1,device detected,no device,device detected,device detected,no device,no device,"('r5', 0)","('r34', 1)",13:31:00,3,2,0,0,0,1,4,2,1,0,1,0,0,6,1,0,0,3,2,0,4,0,5,0,1,0,1,2,0,0,0,1,1,1,1,4,1
1324,motion,motion,motion,no motion,motion,no motion,0,0,0,0,0,0,0,1,0,0,5,2,0,2,device detected,no device,device detected,device detected,no device,no device,"('r6', 1)","('r34', 2)",13:31:15,3,2,0,0,0,1,5,1,1,1,1,0,0,6,1,0,0,3,2,0,4,0,5,0,1,0,2,2,0,0,0,1,0,2,0,3,1
1325,motion,motion,no motion,motion,motion,motion,0,0,0,0,0,3,0,0,0,0,5,2,0,1,device detected,no device,device detected,device detected,no device,no device,"('r14', 6)","('r33', 0)",13:31:30,3,2,0,0,0,1,4,1,1,1,1,0,0,6,1,0,0,4,2,0,4,0,5,0,1,1,1,2,0,0,0,1,0,2,0,3,1
1326,motion,motion,no motion,motion,motion,motion,0,0,1,0,0,4,0,0,0,0,5,2,1,1,device detected,no device,no device,device detected,no device,no device,"('c1', 0)","('r33', 0)",13:31:45,3,2,0,0,0,1,4,1,1,2,1,0,0,6,1,0,0,4,2,1,4,0,5,0,1,0,1,2,0,0,0,1,0,2,0,2,1
1327,motion,motion,no motion,motion,motion,motion,0,1,0,0,0,0,1,1,0,1,6,2,0,2,device detected,no device,device detected,device detected,no device,no device,"('c2', 0)","('r33', 0)",13:32:00,3,2,0,0,0,1,4,1,1,2,1,0,0,6,1,1,0,4,2,0,4,0,6,0,1,0,2,1,0,0,0,1,0,2,1,0,1
1328,motion,motion,no motion,motion,motion,motion,0,1,0,0,0,1,1,0,0,0,6,2,0,1,device detected,no device,no device,device detected,no device,no device,"('r11', 0)","('r34', 2)",13:32:15,3,2,0,0,0,1,4,1,1,2,0,1,0,6,1,0,0,3,2,0,4,0,6,0,1,1,1,1,0,0,0,1,0,2,0,3,1
1329,motion,motion,no motion,motion,motion,no motion,0,0,1,0,0,0,0,0,0,0,6,2,1,1,device detected,device detected,device detected,device detected,device detected,no device,"('r11', 0)","('r28', 1)",13:32:30,3,2,1,0,0,1,4,2,1,2,0,0,0,5,1,0,0,3,2,1,4,1,6,0,1,0,1,1,0,0,0,1,0,2,0,2,1
1330,motion,motion,no motion,motion,motion,motion,0,0,0,1,0,1,0,0,0,0,6,3,0,1,device detected,no device,device detected,no device,device detected,no device,"('c2', 2)","('r28', 1)",13:32:45,3,3,0,0,0,1,3,2,1,2,0,0,0,5,1,0,0,4,2,0,4,1,7,0,1,0,1,1,0,0,0,1,0,2,0,2,1
1331,motion,motion,no motion,motion,motion,no motion,0,1,0,0,0,0,0,0,0,0,7,3,0,1,device detected,no device,device detected,device detected,device detected,no device,"('r15', 1)","('r24', 0)",13:33:00,3,3,0,0,0,1,3,2,1,2,1,0,0,5,1,1,0,4,2,0,4,1,7,0,1,0,1,0,0,0,0,1,0,3,0,0,1
1332,motion,motion,no motion,motion,motion,motion,0,0,0,0,0,0,0,0,1,0,7,3,0,0,device detected,no device,device detected,device detected,device detected,no device,"('r15', 1)","('r22', 1)",13:33:15,3,3,0,0,0,1,3,2,0,2,1,0,0,4,1,1,0,4,2,0,4,1,7,0,1,0,1,1,0,0,0,1,0,2,1,1,1
1333,motion,motion,no motion,motion,motion,motion,0,0,0,0,0,1,0,1,1,0,7,3,0,2,device detected,no device,device detected,no device,device detected,no device,"('r15', 1)","('r14', 3)",13:33:30,3,3,0,0,0,1,3,3,0,2,1,0,0,3,1,1,0,3,2,0,4,1,7,0,1,0,2,1,0,0,0,1,0,2,1,1,1
1334,motion,motion,no motion,motion,motion,motion,0,0,0,0,0,2,1,0,0,0,7,3,0,2,device detected,no device,device detected,device detected,no device,no device,"('r15', 3)","('c1', 0)",13:33:45,3,3,0,0,0,1,1,3,0,2,1,0,0,4,3,1,0,2,2,0,4,0,7,0,1,0,2,1,0,0,0,1,0,2,0,3,1
1335,motion,motion,no motion,motion,motion,no motion,0,0,0,1,0,0,0,0,0,0,7,2,0,2,device detected,no device,no device,device detected,no device,device detected,"('r15', 3)","('c2', 2)",13:34:00,3,2,1,0,0,1,1,3,0,3,0,0,1,4,3,1,0,2,2,0,4,0,7,0,1,0,2,1,0,0,0,1,0,2,0,2,1
1336,motion,motion,no motion,motion,motion,motion,0,0,0,0,0,3,0,0,0,0,7,2,0,2,device detected,no device,device detected,device detected,no device,no device,"('r15', 3)","('r11', 0)",13:34:15,3,2,0,0,0,1,1,3,0,3,0,1,1,4,3,1,0,3,2,0,4,0,7,0,1,0,2,1,0,0,0,1,1,1,0,1,1
1337,motion,motion,no motion,motion,motion,motion,0,0,0,0,0,0,0,0,0,0,7,2,0,2,device detected,no device,device detected,device detected,no device,no device,"('r15', 3)","('c2', 2)",13:34:30,3,2,0,0,0,1,1,2,0,3,1,0,1,4,3,1,0,3,2,0,4,0,7,0,1,0,2,1,0,0,0,1,1,1,0,2,1
1338,motion,motion,no motion,motion,motion,motion,0,0,0,0,0,1,1,0,0,0,6,2,1,1,device detected,no device,device detected,no device,no device,no device,"('c2', 0)","('r16', 1)",13:34:45,3,2,0,0,0,1,1,2,0,3,1,0,1,4,3,1,0,4,2,1,4,0,6,0,1,0,2,1,0,0,0,1,1,1,1,0,1
1339,motion,motion,no motion,motion,motion,motion,0,0,0,0,0,0,0,0,0,1,6,2,0,1,device detected,no device,device detected,device detected,no device,no device,"('c1', 0)","('c2', 1)",13:35:00,3,2,0,0,0,1,1,2,0,3,1,0,0,4,3,1,0,4,3,0,4,0,6,0,1,0,1,2,0,0,0,2,1,1,0,1,1
1340,motion,motion,no motion,motion,motion,motion,0,0,0,0,0,0,1,0,0,0,6,2,0,2,device detected,no device,device detected,device detected,no device,no device,"('r14', 4)","('r11', 0)",13:35:15,3,2,0,0,0,1,1,2,0,3,0,0,0,4,2,1,0,4,3,0,3,0,6,0,1,0,2,3,0,0,0,2,1,0,1,2,1
1341,motion,motion,no motion,motion,motion,motion,0,0,0,0,0,1,1,1,1,0,6,2,0,1,device detected,no device,device detected,device detected,no device,no device,"('r14', 5)","('r11', 0)",13:35:30,3,2,0,0,0,1,0,2,0,3,0,0,1,5,2,1,0,3,3,0,3,0,6,0,1,0,1,3,0,0,0,2,0,1,2,2,1
1342,motion,motion,no motion,motion,motion,motion,0,0,0,0,0,0,2,0,1,0,6,2,0,1,device detected,no device,device detected,device detected,device detected,no device,"('r22', 1)","('c2', 2)",13:35:45,3,2,0,0,0,1,1,2,0,3,0,0,1,6,1,1,0,3,3,0,3,1,6,0,1,0,1,3,0,0,0,2,0,1,1,2,0
1343,motion,motion,motion,motion,motion,motion,0,0,0,0,0,0,0,0,0,0,5,2,1,1,device detected,no device,device detected,device detected,no device,no device,"('outside', 0)","('r9', 0)",13:36:00,3,2,0,0,0,1,1,1,0,4,0,0,0,7,1,1,0,3,3,1,3,0,5,0,1,0,1,3,0,0,0,2,0,1,1,3,0
1344,motion,motion,no motion,motion,motion,motion,0,0,1,0,0,0,0,0,1,0,5,2,0,1,device detected,no device,device detected,device detected,no device,no device,"('r22', 0)","('r9', 1)",13:36:15,3,2,0,0,0,1,1,1,1,5,0,0,0,8,1,1,0,3,3,0,3,0,5,0,1,1,1,2,0,0,0,2,0,2,0,1,0
1345,motion,motion,no motion,motion,motion,motion,0,0,0,0,0,2,0,0,0,0,4,3,1,1,device detected,no device,device detected,no device,no device,no device,"('outside', 0)","('r9', 1)",13:36:30,2,3,0,0,0,0,1,1,1,4,0,0,0,9,1,1,0,3,3,1,3,0,4,0,1,0,1,2,0,0,0,3,0,2,0,2,0
1346,motion,motion,no motion,motion,motion,motion,0,0,1,0,0,0,0,0,1,0,3,4,1,2,device detected,no device,device detected,no device,no device,no device,"('outside', 0)","('c2', 2)",13:36:45,1,4,0,0,0,0,1,1,1,3,0,0,1,8,1,1,0,3,3,1,2,0,3,0,1,1,2,2,0,0,0,3,0,2,1,2,0
1347,motion,motion,no motion,motion,motion,motion,0,0,1,1,0,0,0,1,0,0,3,3,1,3,no device,device detected,device detected,no device,no device,no device,"('r22', 0)","('r11', 0)",13:37:00,1,3,1,0,0,0,1,2,1,3,0,0,1,8,1,1,0,3,2,1,2,0,3,0,1,2,3,2,0,0,0,3,0,2,0,1,0
1348,motion,motion,no motion,motion,motion,motion,0,0,1,0,0,0,0,1,0,0,3,3,0,3,device detected,device detected,device detected,no device,no device,no device,"('r14', 8)","('c2', 1)",13:37:15,1,3,1,0,0,0,1,2,1,3,0,0,1,8,1,1,0,3,2,0,2,0,3,0,2,0,3,2,0,0,0,4,0,2,1,1,0
1349,motion,motion,motion,motion,motion,motion,0,1,0,0,0,0,3,2,0,0,3,2,0,1,no device,no device,device detected,no device,no device,no device,"('r22', 0)","('r15', 1)",13:37:30,1,3,0,0,0,0,1,2,1,3,0,1,1,8,1,2,0,3,2,0,2,0,3,0,2,0,1,3,0,0,0,4,0,1,0,3,0
1350,motion,motion,motion,motion,motion,motion,0,1,0,0,0,3,0,0,0,0,3,3,0,1,device detected,device detected,device detected,no device,no device,no device,"('r24', 0)","('r15', 1)",13:37:45,1,3,1,0,0,0,1,2,1,3,0,0,1,8,1,1,0,4,2,0,2,0,3,0,1,1,1,3,0,0,0,4,0,1,0,3,0
1351,motion,motion,motion,motion,motion,motion,0,0,0,0,0,1,1,0,0,0,3,3,0,1,device detected,device detected,device detected,device detected,no device,no device,"('r28', 2)","('r15', 1)",13:38:00,1,3,1,0,0,1,1,2,0,3,0,0,1,7,1,1,0,3,2,0,2,0,3,0,1,1,1,2,0,0,0,4,0,2,1,4,0
1352,motion,motion,no motion,motion,motion,motion,0,2,0,0,1,1,0,1,0,0,3,3,1,2,no device,device detected,device detected,device detected,no device,no device,"('c1', 0)","('r15', 1)",13:38:15,1,3,1,0,0,1,1,2,1,3,0,0,1,7,1,0,1,4,1,1,2,0,3,0,1,0,2,2,0,1,0,4,0,2,0,2,0
1353,motion,motion,no motion,motion,motion,motion,0,0,1,0,0,0,0,0,0,0,3,3,0,2,device detected,no device,device detected,device detected,no device,no device,"('r14', 7)","('r15', 1)",13:38:30,1,3,1,0,0,1,1,2,1,3,0,0,1,7,1,0,1,4,1,0,3,0,3,0,1,0,2,2,0,1,0,4,0,2,0,2,0
1354,motion,motion,no motion,motion,motion,motion,0,0,0,0,0,0,0,1,0,0,3,3,0,1,device detected,device detected,device detected,no device,no device,no device,"('r6', 1)","('r15', 1)",13:38:45,1,3,1,0,0,1,1,2,1,3,0,0,1,7,1,0,1,4,1,0,3,0,3,0,1,0,1,3,0,1,0,4,0,1,1,2,0
1355,motion,motion,no motion,motion,motion,motion,0,0,0,0,0,0,1,0,0,0,3,3,0,1,device detected,no device,device detected,device detected,no device,no device,"('r14', 7)","('c2', 4)",13:39:00,1,3,1,0,0,1,1,2,1,2,0,0,1,7,1,0,1,4,1,0,3,0,3,0,1,1,1,3,0,0,0,4,0,1,0,4,0
1356,motion,motion,no motion,motion,motion,motion,0,0,0,0,0,1,0,0,0,0,3,3,0,1,device detected,device detected,device detected,device detected,no device,no device,"('r22', 0)","('c2', 2)",13:39:15,1,3,1,0,0,1,2,2,1,2,0,1,1,7,2,0,1,3,1,0,3,0,3,0,1,0,1,3,0,1,0,4,0,1,0,2,0
1357,motion,motion,no motion,motion,motion,motion,0,0,0,0,1,1,1,0,0,0,2,3,0,1,device detected,no device,device detected,no device,no device,no device,"('r22', 0)","('r17', 0)",13:39:30,1,3,1,0,0,0,2,2,1,2,0,1,1,8,1,0,0,4,1,0,3,0,3,0,1,0,1,3,0,1,0,4,0,1,1,2,0
1358,motion,motion,no motion,motion,motion,motion,0,0,0,0,0,0,0,1,0,0,3,3,0,2,device detected,device detected,device detected,device detected,no device,no device,"('r24', 0)","('c2', 1)",13:39:45,1,3,1,0,0,0,2,2,2,2,0,1,1,8,1,0,0,4,1,0,3,0,3,0,1,0,2,3,0,1,0,4,0,1,0,1,0
1359,motion,motion,no motion,motion,motion,motion,0,0,0,0,0,0,0,0,0,0,3,3,0,1,no device,device detected,device detected,no device,no device,no device,"('r24', 0)","('r16', 0)",13:40:00,1,3,1,0,0,0,2,2,1,2,0,1,1,8,1,0,0,4,1,0,3,0,3,0,1,1,1,3,0,1,0,4,0,1,0,2,0
1360,motion,motion,no motion,motion,motion,motion,0,0,1,0,0,0,0,0,0,1,3,3,0,1,device detected,device detected,device detected,no device,device detected,no device,"('r22', 0)","('r16', 0)",13:40:15,1,3,1,0,0,0,2,3,1,2,1,0,1,8,1,0,0,4,1,1,3,0,3,0,1,0,1,2,0,1,0,4,0,1,1,1,0
1361,motion,motion,no motion,motion,motion,motion,0,0,0,0,0,0,0,0,0,1,3,3,0,1,device detected,device detected,device detected,no device,no device,no device,"('r14', 8)","('c2', 1)",13:40:30,1,3,1,0,0,0,2,3,1,2,1,0,1,8,1,0,0,4,2,0,3,0,3,0,1,0,1,3,0,1,0,4,0,1,0,1,0
1362,no motion,motion,motion,motion,motion,motion,0,0,0,0,0,0,0,0,0,0,3,3,0,2,device detected,device detected,no device,no device,device detected,no device,"('r14', 7)","('r8', 3)",13:40:45,1,3,1,0,0,0,2,3,1,2,0,0,2,7,1,0,0,4,2,0,3,1,3,0,1,0,2,3,0,1,0,3,0,1,0,1,0
1363,motion,motion,no motion,motion,motion,motion,0,0,0,0,0,1,0,1,0,0,3,3,0,1,device detected,device detected,no device,no device,device detected,no device,"('r14', 7)","('r8', 2)",13:41:00,1,3,1,0,0,0,2,2,1,2,0,0,2,7,1,0,0,3,2,0,3,1,3,0,1,0,1,3,0,1,0,3,0,1,1,3,0
1364,motion,motion,no motion,motion,motion,motion,0,0,0,0,0,0,0,0,2,1,3,3,0,1,device detected,device detected,device detected,no device,device detected,no device,"('r14', 5)","('r8', 2)",13:41:15,1,3,1,0,0,0,3,2,1,2,0,0,1,5,1,0,0,3,2,0,3,1,3,0,1,0,1,4,0,1,0,3,0,1,2,3,0
1365,motion,motion,no motion,motion,motion,motion,0,0,0,0,0,0,0,0,0,0,3,3,0,1,device detected,device detected,device detected,no device,device detected,no device,"('c1', 2)","('c2', 2)",13:41:30,1,3,1,0,0,0,3,2,1,2,0,0,1,4,2,0,0,3,2,0,3,2,3,0,1,0,1,4,0,1,0,3,0,1,2,2,0
1366,no motion,motion,no motion,motion,motion,motion,0,0,0,0,0,0,0,1,0,0,3,3,1,2,device detected,device detected,device detected,device detected,device detected,no device,"('r14', 4)","('r11', 0)",13:41:45,1,3,1,0,0,0,3,2,1,2,0,0,1,4,2,0,0,3,1,1,3,2,3,0,1,0,2,4,0,1,0,3,0,1,1,2,0
1367,motion,motion,no motion,motion,motion,motion,0,0,0,1,0,0,0,0,0,0,4,4,0,2,device detected,no device,device detected,no device,device detected,no device,"('r22', 2)","('c2', 2)",13:42:00,1,4,0,0,0,0,3,2,1,2,0,0,1,4,2,0,0,3,1,0,3,2,4,0,1,1,2,4,0,1,0,2,0,1,1,2,0
1368,motion,motion,no motion,motion,motion,motion,0,0,1,0,0,0,1,1,0,0,3,3,2,1,device detected,no device,device detected,device detected,device detected,device detected,"('r14', 4)","('c1', 3)",13:42:15,2,3,0,0,0,0,3,2,1,2,0,0,1,4,1,0,0,3,1,2,3,1,3,1,1,0,1,4,0,1,0,2,0,1,3,2,0
1369,motion,motion,motion,motion,motion,motion,0,0,1,0,0,0,2,0,0,0,4,3,0,1,device detected,no device,device detected,no device,no device,no device,"('r22', 3)","('r28', 4)",13:42:30,2,3,0,0,0,0,3,2,1,2,1,0,1,3,1,0,0,3,1,0,3,3,4,0,1,1,1,4,0,1,0,2,0,1,3,1,0
1370,motion,motion,no motion,motion,motion,motion,0,0,0,0,0,0,0,0,0,0,4,2,0,1,device detected,no device,device detected,device detected,device detected,no device,"('r22', 3)","('r28', 4)",13:42:45,2,3,0,0,0,1,3,2,1,2,0,1,1,2,1,0,0,3,1,0,3,3,4,0,1,0,1,4,0,2,0,2,0,1,3,1,0
1371,motion,motion,motion,motion,motion,motion,0,0,0,0,0,0,0,0,0,0,4,3,0,0,device detected,device detected,device detected,device detected,no device,no device,"('r24', 0)","('c1', 3)",13:43:00,2,3,1,0,0,1,3,2,0,2,0,0,2,2,1,0,0,3,1,0,3,3,4,0,1,0,0,4,0,2,0,3,0,1,3,1,0
1372,motion,motion,no motion,motion,motion,motion,0,0,0,0,0,0,0,0,1,0,4,2,0,0,device detected,device detected,device detected,device detected,device detected,no device,"('r24', 0)","('c1', 2)",13:43:15,2,3,1,0,0,1,3,2,1,2,0,0,2,3,1,0,0,3,1,0,3,3,4,0,1,0,0,4,0,2,0,3,0,1,2,0,0
1373,motion,motion,no motion,motion,motion,motion,0,0,0,0,0,0,0,0,1,1,3,3,1,0,device detected,device detected,device detected,device detected,device detected,no device,"('r22', 3)","('r27', 0)",13:43:30,2,3,1,0,0,1,3,1,1,2,0,0,2,2,1,0,0,3,1,1,3,3,3,0,1,0,0,3,0,2,0,3,0,1,4,1,0
1374,motion,motion,no motion,motion,motion,motion,0,0,1,0,0,0,0,0,1,0,3,3,0,0,no device,device detected,device detected,device detected,device detected,no device,"('outside', 0)","('r26', 1)",13:43:45,2,3,2,0,0,1,3,1,1,2,0,0,2,3,0,0,0,3,1,0,3,3,3,0,1,1,0,4,0,2,0,3,0,0,3,1,0
1375,motion,motion,no motion,motion,motion,motion,0,0,0,1,0,0,0,0,0,2,3,4,0,2,device detected,no device,device detected,device detected,device detected,no device,"('outside', 0)","('r26', 0)",13:44:00,2,4,1,0,0,0,4,1,0,2,0,0,2,3,0,0,0,3,1,0,3,4,3,0,1,0,2,4,0,2,0,2,0,0,3,1,0
1376,motion,motion,no motion,motion,motion,motion,0,0,0,0,0,1,1,2,3,0,3,3,0,0,device detected,device detected,device detected,no device,device detected,no device,"('outside', 0)","('r25', 1)",13:44:15,3,3,1,0,0,0,3,1,1,2,0,0,1,2,0,0,0,2,1,0,3,4,3,0,1,0,0,4,0,2,0,2,0,0,5,4,0
1377,motion,motion,no motion,motion,motion,motion,0,0,0,0,0,0,2,1,2,1,3,3,0,1,device detected,device detected,device detected,device detected,no device,no device,"('outside', 0)","('r26', 0)",13:44:30,3,3,1,0,0,0,3,2,1,2,0,0,1,8,2,0,0,2,1,0,3,0,3,0,1,0,1,5,0,2,0,2,0,0,1,1,0
1378,motion,no motion,motion,motion,motion,motion,0,0,0,0,0,0,0,1,0,0,3,3,0,1,device detected,device detected,device detected,no device,device detected,no device,"('outside', 0)","('r26', 1)",13:44:45,2,4,2,0,0,0,3,2,1,2,0,0,1,8,1,0,0,2,1,0,3,0,3,0,1,1,1,5,1,1,0,2,0,0,0,1,0
1379,motion,motion,motion,motion,motion,motion,0,0,1,2,0,0,0,1,0,1,3,6,1,0,no device,no device,device detected,no device,no device,no device,"('outside', 0)","('r30', 1)",13:45:00,2,6,0,0,0,0,3,3,1,2,0,0,1,8,1,0,0,2,1,1,3,0,3,0,1,1,1,3,1,1,0,2,0,1,0,0,0
1380,motion,motion,motion,motion,motion,motion,0,0,0,1,0,0,0,0,1,1,3,4,0,1,device detected,device detected,device detected,no device,no device,no device,"('outside', 0)","('r26', 0)",13:45:15,3,4,1,0,0,0,3,3,1,2,0,0,1,7,1,0,0,2,2,0,3,0,3,0,2,0,1,3,0,1,0,3,0,0,2,0,0
1381,motion,motion,motion,motion,motion,motion,0,0,0,0,0,0,1,1,1,1,2,4,1,0,device detected,no device,device detected,no device,no device,no device,"('outside', 0)","('r27', 0)",13:45:30,3,4,0,0,0,0,3,3,1,2,0,0,1,8,0,0,0,2,2,1,3,0,2,0,2,0,0,2,0,1,0,3,0,0,2,3,0
1382,motion,motion,no motion,motion,motion,motion,0,0,1,0,0,0,3,1,0,0,2,5,0,1,device detected,no device,no device,no device,no device,no device,"('outside', 0)","('r32', 3)",13:45:45,2,5,0,0,0,0,3,3,1,2,0,0,2,8,0,0,0,2,2,0,3,0,2,0,2,1,1,2,0,1,0,3,0,0,2,1,0
1383,motion,motion,motion,motion,motion,motion,0,0,0,0,0,0,0,2,0,0,2,4,0,3,device detected,no device,device detected,no device,no device,no device,"('outside', 0)","('r27', 3)",13:46:00,2,5,0,0,0,0,3,3,0,3,0,0,2,8,0,0,0,2,2,0,4,0,2,0,2,0,3,2,0,1,0,3,0,0,0,1,0
1384,motion,motion,no motion,motion,motion,motion,0,0,0,0,1,0,0,0,0,0,2,5,0,2,device detected,no device,device detected,no device,no device,no device,"('outside', 0)","('r21', 4)",13:46:15,2,5,0,0,0,0,3,3,0,3,0,0,2,8,0,0,1,2,2,0,4,0,2,0,2,1,2,2,0,1,0,3,0,0,0,0,0
1385,motion,motion,no motion,motion,motion,motion,0,0,0,0,0,0,0,0,0,0,2,5,0,1,device detected,no device,device detected,no device,no device,no device,"('r22', 0)","('r27', 1)",13:46:30,2,5,0,0,0,0,3,3,0,3,0,0,2,8,0,0,1,2,2,0,4,0,2,0,2,1,1,2,0,2,0,3,0,0,0,0,0
1386,motion,motion,motion,motion,motion,motion,0,0,1,0,1,0,0,0,0,0,3,5,0,1,device detected,no device,device detected,no device,no device,no device,"('r22', 0)","('r32', 3)",13:46:45,2,5,0,0,0,0,3,3,0,3,0,0,2,8,0,0,0,2,2,0,4,0,3,0,1,0,1,2,1,2,0,3,0,0,0,1,0
1387,motion,motion,motion,motion,motion,motion,0,0,0,0,0,0,0,0,0,0,3,5,1,1,device detected,no device,device detected,no device,no device,no device,"('r22', 0)","('r27', 1)",13:47:00,2,5,0,0,0,0,3,3,0,3,0,0,2,8,0,0,0,2,1,1,4,0,3,0,1,0,1,2,1,2,0,3,0,0,0,1,0
1388,motion,motion,motion,motion,motion,motion,0,0,1,1,0,0,0,0,0,0,3,4,0,1,no device,device detected,device detected,no device,no device,no device,"('r14', 8)","('r26', 1)",13:47:15,2,4,1,0,0,0,3,3,0,3,0,0,2,8,0,0,0,2,1,0,4,0,3,0,0,1,1,2,2,2,0,3,0,0,0,1,0
1389,motion,motion,no motion,motion,motion,motion,0,0,0,1,0,0,0,0,0,0,3,5,0,2,device detected,no device,no device,no device,no device,no device,"('r22', 0)","('r25', 1)",13:47:30,2,5,0,0,0,0,3,3,0,3,0,0,2,8,0,0,0,2,1,0,4,0,3,0,1,0,2,2,0,3,0,3,0,0,0,1,0
1390,motion,motion,no motion,motion,motion,motion,0,0,0,1,0,0,0,1,0,0,3,4,0,1,no device,no device,device detected,no device,no device,no device,"('r24', 0)","('r26', 0)",13:47:45,2,4,0,0,0,0,3,3,0,3,0,1,2,8,0,0,0,2,1,0,4,0,3,0,1,0,1,2,0,3,0,3,0,0,1,1,0
1391,motion,motion,no motion,motion,motion,motion,0,0,0,2,0,0,1,0,0,0,3,2,0,1,device detected,device detected,device detected,no device,no device,no device,"('r28', 2)","('r30', 3)",13:48:00,2,2,2,0,0,0,3,4,0,3,0,0,2,8,0,0,0,2,1,0,4,0,3,0,1,0,1,2,0,3,0,3,0,0,0,2,0
1392,motion,motion,no motion,motion,motion,motion,0,1,0,0,0,0,0,0,0,0,3,2,0,1,device detected,no device,device detected,no device,no device,no device,"('r24', 0)","('r29', 0)",13:48:15,2,2,0,0,0,0,3,4,0,3,1,2,2,8,0,1,0,2,1,0,4,0,3,0,1,0,1,2,0,3,0,3,0,0,0,0,0
1393,motion,motion,no motion,motion,motion,motion,0,0,0,0,0,0,0,0,0,0,2,2,1,0,device detected,no device,device detected,no device,no device,no device,"('r28', 2)","('r29', 0)",13:48:30,2,2,0,0,0,0,3,4,0,2,0,0,2,8,0,1,0,2,1,1,5,0,2,0,1,0,0,2,0,3,0,3,0,0,0,4,0
1394,motion,motion,no motion,motion,motion,motion,0,0,1,0,0,0,1,1,2,0,2,2,0,1,device detected,no device,device detected,no device,no device,no device,"('c1', 0)","('r25', 1)",13:48:45,2,2,0,0,0,0,3,5,0,2,0,0,2,8,0,1,0,2,1,0,5,0,2,0,1,1,1,2,0,3,0,3,0,0,0,2,0
1395,motion,motion,no motion,motion,motion,motion,0,0,0,0,0,1,0,0,0,0,2,2,0,2,device detected,no device,device detected,no device,no device,no device,"('c2', 1)","('r25', 1)",13:49:00,2,2,0,0,0,0,3,5,0,2,0,0,2,8,0,1,0,3,1,0,5,0,2,0,1,0,2,2,0,3,0,3,0,0,0,1,0
1396,motion,no motion,no motion,motion,motion,motion,0,0,0,0,0,0,0,1,2,0,1,1,1,0,device detected,no device,device detected,device detected,no device,no device,"('r10', 2)","('r26', 0)",13:49:15,2,2,0,0,0,1,2,5,0,2,0,0,2,5,0,1,0,3,1,1,6,0,1,0,1,0,0,2,0,3,0,3,0,0,3,2,0
1397,motion,motion,motion,motion,motion,motion,0,0,1,0,0,0,2,0,0,0,1,2,0,0,device detected,no device,device detected,device detected,no device,no device,"('r10', 3)","('r25', 1)",13:49:30,2,2,0,0,0,2,2,4,0,3,0,0,2,4,0,1,0,3,1,0,6,0,1,0,1,1,0,2,0,3,0,3,0,0,1,4,0
1398,motion,motion,no motion,motion,motion,motion,0,0,0,0,0,2,0,0,0,0,1,2,0,1,device detected,no device,device detected,device detected,device detected,no device,"('c2', 2)","('r29', 0)",13:49:45,2,2,0,0,0,2,2,4,0,3,0,0,2,4,0,1,0,5,1,0,6,0,1,0,1,0,1,2,0,3,0,3,0,0,1,2,0
1399,motion,motion,no motion,motion,motion,motion,0,0,0,0,0,0,0,0,2,0,1,2,0,0,device detected,no device,device detected,no device,device detected,no device,"('r8', 5)","('r29', 0)",13:50:00,2,2,0,0,0,2,2,5,0,3,0,0,2,3,0,1,0,5,1,0,7,1,1,0,1,0,0,2,0,3,0,3,0,0,1,1,0
1400,motion,motion,no motion,motion,motion,motion,0,0,0,0,0,0,1,0,0,0,1,2,0,0,device detected,no device,device detected,no device,no device,no device,"('r8', 5)","('r29', 0)",13:50:15,2,2,0,0,0,2,2,5,0,3,0,0,2,4,0,1,0,5,1,0,7,0,1,0,1,0,0,2,0,3,0,3,0,0,0,2,0
1401,motion,motion,motion,motion,motion,motion,0,0,0,0,0,0,0,0,0,1,1,2,0,0,device detected,no device,device detected,device detected,no device,no device,"('c2', 1)","('r25', 1)",13:50:30,2,2,0,0,0,2,2,5,1,3,0,0,2,4,0,1,0,5,1,0,7,0,1,0,1,0,0,1,0,3,0,3,0,0,1,1,0
1402,motion,motion,no motion,motion,motion,motion,0,0,0,0,0,0,0,0,1,0,1,2,0,0,device detected,no device,device detected,device detected,no device,no device,"('c1', 0)","('r29', 0)",13:50:45,2,2,0,0,0,2,3,4,1,3,0,0,2,5,0,1,0,5,1,0,7,0,1,0,1,0,0,1,0,3,0,3,0,0,0,1,0
1403,motion,motion,no motion,motion,motion,motion,0,0,0,0,0,0,0,0,0,0,0,2,0,0,device detected,no device,device detected,no device,no device,no device,"('r28', 1)","('r25', 1)",13:51:00,2,2,0,0,0,2,3,4,1,3,0,0,2,5,1,1,0,5,1,0,7,0,1,0,1,0,0,1,0,3,0,3,0,0,0,0,0
1404,motion,motion,no motion,motion,motion,motion,0,0,0,0,0,0,0,0,0,0,1,2,0,0,device detected,no device,device detected,device detected,no device,no device,"('r24', 0)","('r25', 1)",13:51:15,2,2,0,0,0,4,2,4,1,3,0,0,2,3,1,1,0,5,1,0,7,0,1,0,1,0,0,1,0,3,0,3,0,0,0,1,0
1405,motion,motion,no motion,motion,motion,motion,0,0,0,0,0,0,0,0,0,0,0,2,1,0,device detected,no device,device detected,device detected,no device,no device,"('r28', 1)","('r26', 0)",13:51:30,2,2,0,0,0,4,2,4,1,2,0,0,2,3,1,1,0,5,1,1,7,0,0,0,1,0,0,1,0,3,0,3,0,0,0,2,0
1406,motion,motion,no motion,motion,motion,motion,0,0,1,0,0,0,1,0,0,0,0,2,0,0,device detected,no device,device detected,device detected,no device,no device,"('r24', 0)","('r30', 3)",13:51:45,2,2,0,0,0,5,2,3,1,2,0,1,2,2,1,1,0,5,1,0,7,0,0,0,1,1,0,1,0,3,0,3,0,0,1,1,0
1407,motion,motion,motion,motion,motion,motion,0,0,0,0,0,0,0,0,0,1,0,2,0,2,device detected,device detected,device detected,no device,no device,no device,"('r28', 2)","('r29', 0)",13:52:00,2,2,1,1,0,4,1,3,1,2,0,0,1,2,1,1,0,5,1,0,6,0,0,0,1,0,2,2,0,3,0,3,0,0,0,3,0
1408,motion,motion,no motion,motion,motion,motion,0,0,0,0,0,0,0,2,0,0,0,2,0,0,device detected,device detected,device detected,device detected,no device,no device,"('r34', 0)","('r25', 1)",13:52:15,2,2,1,1,0,4,1,4,1,2,0,1,1,2,1,1,0,5,1,0,6,0,0,0,1,0,0,2,0,3,0,3,0,0,2,1,0
1409,motion,motion,no motion,motion,motion,motion,0,0,0,1,0,0,1,0,1,0,0,3,0,0,device detected,device detected,no device,device detected,no device,no device,"('r28', 2)","('r29', 0)",13:52:30,2,3,1,1,0,4,1,4,1,2,0,1,2,3,1,1,0,5,1,0,6,0,0,0,1,0,0,2,0,3,0,3,0,0,0,0,0
1410,motion,motion,no motion,motion,motion,motion,0,0,0,1,0,0,0,0,0,0,0,3,0,0,no device,device detected,device detected,device detected,no device,no device,"('r34', 0)","('r29', 0)",13:52:45,2,4,1,1,0,6,1,4,1,2,0,0,2,1,0,1,0,5,1,0,6,0,0,0,1,0,0,2,0,3,0,3,0,0,0,1,0
1411,motion,motion,no motion,motion,motion,motion,0,2,0,0,0,1,1,0,0,1,0,4,0,0,device detected,device detected,device detected,no device,no device,no device,"('r34', 0)","('r30', 3)",13:53:00,2,4,1,1,0,6,1,4,1,2,0,0,2,1,0,0,0,4,1,0,6,0,0,0,1,0,0,1,0,3,0,3,0,0,2,2,0
1412,motion,motion,no motion,motion,motion,no motion,0,0,0,0,0,0,0,1,0,0,0,4,0,1,device detected,device detected,device detected,device detected,device detected,no device,"('r34', 0)","('r30', 3)",13:53:15,2,4,1,1,0,5,1,4,2,3,0,0,2,2,0,0,0,4,1,0,6,0,0,0,1,0,1,1,0,3,0,3,0,0,1,0,0
1413,motion,no motion,no motion,motion,motion,motion,0,0,0,0,0,0,0,1,1,0,0,2,0,1,no device,device detected,device detected,device detected,no device,no device,"('r34', 0)","('r30', 3)",13:53:30,4,2,1,1,0,5,1,4,2,3,0,0,2,1,0,0,0,4,1,0,6,0,0,0,0,1,1,1,0,3,0,4,0,0,1,0,0
1414,motion,motion,no motion,motion,motion,motion,0,0,0,0,0,0,0,1,0,0,0,2,0,1,no device,device detected,device detected,no device,no device,no device,"('r33', 0)","('r29', 0)",13:53:45,4,2,1,0,0,6,1,4,2,3,0,0,2,1,0,0,0,4,1,0,7,0,0,0,0,0,1,1,0,4,0,4,0,0,0,0,0
1415,motion,motion,motion,motion,motion,motion,0,0,0,0,0,0,0,0,0,0,0,3,0,0,no device,device detected,device detected,device detected,no device,no device,"('r33', 0)","('r30', 3)",13:54:00,3,3,1,0,0,5,1,4,2,3,0,0,1,2,0,0,0,4,1,0,7,0,0,0,0,2,0,1,0,3,0,4,0,0,0,1,0
1416,motion,motion,motion,motion,motion,motion,0,0,2,0,0,0,0,1,2,0,0,3,2,2,no device,device detected,device detected,device detected,no device,device detected,"('r33', 0)","('r30', 3)",13:54:15,3,3,1,0,0,5,1,4,1,3,0,0,1,1,0,0,0,4,1,2,6,0,0,0,0,0,2,1,0,3,0,4,0,0,0,2,0
1417,motion,motion,no motion,motion,motion,motion,0,0,0,0,0,0,0,2,0,0,1,2,1,2,no device,device detected,no device,device detected,no device,no device,"('r34', 0)","('r30', 3)",13:54:30,4,2,1,0,0,5,1,2,1,3,0,0,1,1,0,0,0,4,1,1,6,0,1,0,0,0,2,1,0,3,0,3,0,0,1,4,0
1418,motion,motion,no motion,motion,motion,motion,0,0,0,0,0,0,1,0,0,0,1,1,1,1,no device,no device,device detected,device detected,no device,no device,"('r33', 0)","('r29', 0)",13:54:45,5,1,1,0,0,5,1,2,1,3,0,0,2,1,1,0,0,4,1,1,6,0,1,0,0,1,1,1,0,3,0,3,0,0,0,3,0
1419,motion,motion,no motion,motion,motion,motion,0,0,0,0,0,1,0,0,0,0,1,1,1,0,device detected,device detected,device detected,device detected,no device,no device,"('r33', 0)","('r30', 3)",13:55:00,5,1,1,0,0,5,1,3,1,3,0,0,2,1,0,0,0,5,1,1,6,0,1,0,1,0,0,1,0,3,0,4,0,0,0,2,0
1420,motion,motion,no motion,motion,motion,motion,0,0,1,0,1,0,0,0,0,0,1,0,0,0,device detected,device detected,device detected,no device,no device,no device,"('r34', 0)","('r29', 0)",13:55:15,6,0,1,0,0,5,1,3,1,3,0,0,2,1,0,0,1,5,1,0,6,0,1,0,1,1,0,1,0,3,0,4,0,0,0,1,0
1421,motion,motion,no motion,motion,motion,motion,0,0,0,0,0,0,0,0,0,0,1,0,0,2,device detected,device detected,device detected,device detected,no device,no device,"('r28', 1)","('r29', 0)",13:55:30,6,0,1,0,0,5,1,3,1,3,0,0,2,1,0,0,1,5,1,0,5,0,1,0,1,0,2,1,0,3,0,4,0,0,0,1,0
1422,motion,motion,no motion,motion,motion,motion,0,0,0,0,0,0,0,1,0,0,1,0,0,0,device detected,device detected,device detected,device detected,no device,no device,"('r28', 1)","('r29', 0)",13:55:45,6,0,1,0,0,5,1,3,1,3,0,0,2,1,0,0,1,5,1,0,6,0,1,0,1,1,0,1,0,2,0,4,0,0,1,1,0
1423,motion,motion,no motion,motion,motion,motion,0,0,0,0,0,1,0,0,0,1,1,0,0,1,device detected,device detected,device detected,device detected,device detected,no device,"('r34', 0)","('r29', 0)",13:56:00,6,0,1,0,0,5,1,3,1,3,0,0,2,1,0,0,1,4,1,0,6,0,1,0,1,0,2,2,0,2,0,3,0,0,0,2,0
1424,motion,motion,no motion,motion,motion,motion,0,0,0,0,0,0,2,1,0,0,1,1,0,0,device detected,device detected,device detected,no device,no device,no device,"('r28', 1)","('r29', 0)",13:56:15,5,1,1,0,0,5,1,3,1,3,0,0,2,1,0,0,1,4,1,0,7,0,1,0,1,0,0,1,0,2,0,3,0,1,1,2,0
1425,motion,motion,no motion,motion,motion,motion,0,0,0,1,2,0,0,2,0,0,1,0,0,1,device detected,no device,device detected,device detected,no device,no device,"('r24', 0)","('r30', 1)",13:56:30,5,0,2,0,0,5,1,3,2,3,0,0,2,1,0,0,0,4,1,0,7,0,1,0,1,1,1,1,0,1,0,3,0,1,0,2,0
1426,motion,motion,no motion,motion,motion,motion,0,1,0,0,0,0,0,0,0,0,1,2,0,1,device detected,device detected,no device,device detected,no device,no device,"('r28', 1)","('r26', 0)",13:56:45,3,2,1,0,0,5,1,3,2,3,0,1,1,1,0,1,0,4,1,0,7,0,1,0,1,0,1,1,0,2,0,3,0,1,0,2,0
1427,motion,motion,no motion,motion,motion,motion,0,0,0,2,0,0,0,1,0,0,1,1,0,0,device detected,device detected,no device,device detected,no device,no device,"('r28', 2)","('r26', 0)",13:57:00,3,1,2,0,0,5,1,3,2,4,0,0,1,1,0,1,0,4,1,0,7,0,1,0,1,0,0,2,0,2,0,3,0,0,1,2,0
1428,motion,no motion,no motion,motion,no motion,motion,0,0,0,0,0,0,1,0,0,0,1,1,0,1,device detected,device detected,no device,device detected,no device,no device,"('r28', 1)","('r26', 0)",13:57:15,3,1,2,0,0,5,1,3,2,5,0,0,1,1,0,1,0,4,1,0,7,0,1,0,1,0,1,1,0,2,0,2,0,1,0,2,0
1429,motion,motion,no motion,motion,motion,motion,0,1,0,0,1,0,0,1,0,0,1,1,0,1,device detected,device detected,device detected,device detected,no device,no device,"('r34', 1)","('r20', 0)",13:57:30,3,1,1,0,0,4,1,3,2,5,1,1,1,2,0,0,1,4,1,0,6,0,1,0,1,0,1,1,0,2,0,2,0,1,1,1,0
1430,motion,motion,no motion,motion,motion,motion,0,0,0,1,0,0,2,0,0,0,1,0,0,1,device detected,device detected,device detected,device detected,no device,no device,"('r28', 1)","('r20', 0)",13:57:45,3,0,2,0,0,4,1,3,2,4,1,0,2,2,0,0,1,4,1,0,5,0,1,0,1,1,1,1,0,2,0,2,1,0,0,3,0
1431,motion,motion,motion,motion,motion,motion,0,0,1,0,0,1,1,1,0,0,1,0,1,0,device detected,device detected,no device,device detected,no device,no device,"('r28', 1)","('r20', 1)",13:58:00,3,0,2,0,0,4,1,3,2,4,1,0,1,2,0,0,1,5,1,1,5,0,1,0,1,0,0,1,0,2,0,2,1,0,2,2,0
1432,motion,motion,no motion,motion,motion,motion,0,0,0,0,0,0,1,1,0,0,2,0,0,1,device detected,device detected,device detected,device detected,no device,no device,"('c1', 0)","('r20', 0)",13:58:15,3,0,2,0,0,4,1,3,2,3,1,0,1,2,0,0,1,5,1,0,5,0,2,0,1,0,1,1,0,2,0,2,0,1,0,4,0
1433,motion,motion,motion,motion,motion,motion,0,0,0,0,0,1,1,0,0,0,2,0,0,0,device detected,device detected,device detected,no device,no device,no device,"('c1', 1)","('r19', 1)",13:58:30,3,0,2,0,0,4,0,3,3,4,1,0,0,2,0,0,1,6,1,0,5,0,2,0,1,1,0,1,0,2,0,2,0,1,1,2,0
1434,motion,motion,no motion,motion,motion,motion,0,0,1,0,0,3,1,1,0,0,3,0,0,1,device detected,device detected,device detected,device detected,no device,no device,"('c1', 1)","('r19', 1)",13:58:45,3,0,2,0,0,4,0,3,3,3,1,0,0,2,0,0,1,5,1,0,5,0,3,0,1,0,1,1,0,2,0,2,0,1,1,3,0
1435,motion,motion,no motion,motion,motion,motion,0,0,0,0,0,1,1,1,1,0,3,0,0,1,device detected,device detected,device detected,device detected,no device,no device,"('r14', 4)","('r19', 1)",13:59:00,3,0,2,0,0,3,0,3,4,3,1,0,0,4,0,0,1,4,1,0,6,0,3,0,1,0,1,1,0,2,0,2,0,1,0,2,0
1436,motion,motion,no motion,motion,motion,motion,0,0,0,0,0,0,0,0,0,0,2,0,0,0,device detected,device detected,device detected,device detected,no device,no device,"('r6', 5)","('r20', 0)",13:59:15,3,0,2,0,0,5,1,3,4,3,1,0,0,2,0,0,1,4,1,0,6,0,3,0,1,1,0,1,0,2,0,2,0,1,0,1,0
1437,motion,motion,no motion,motion,motion,motion,0,0,1,0,0,0,0,0,0,0,2,0,0,1,device detected,device detected,device detected,no device,no device,no device,"('r4', 0)","('r26', 0)",13:59:30,3,0,2,0,0,6,1,4,4,3,1,0,0,1,0,0,1,4,1,1,5,0,3,0,1,0,1,1,0,2,0,2,0,1,0,0,0
1438,motion,motion,no motion,motion,motion,motion,0,0,0,0,0,1,0,0,0,0,3,0,0,1,device detected,device detected,device detected,no device,no device,no device,"('r4', 0)","('r30', 2)",13:59:45,3,0,2,0,0,6,1,4,4,3,1,0,0,1,0,0,1,3,2,0,5,0,3,0,1,0,1,1,0,2,0,2,0,1,0,1,0
1439,motion,motion,no motion,motion,motion,motion,0,0,0,0,0,0,0,1,0,0,3,0,0,0,device detected,device detected,device detected,device detected,no device,no device,"('r6', 6)","('r26', 0)",14:00:00,3,0,2,0,0,6,1,3,4,3,1,0,0,1,0,0,1,3,2,0,5,0,3,0,1,0,0,1,0,2,0,2,0,1,1,2,0
1440,motion,motion,no motion,motion,motion,motion,0,0,0,0,0,0,1,0,1,0,3,0,0,0,device detected,device detected,device detected,device detected,no device,no device,"('r6', 5)","('r25', 1)",14:00:15,3,0,2,0,0,5,1,3,4,3,1,1,0,1,0,0,1,3,2,0,5,0,3,0,1,0,0,1,0,2,0,2,0,1,1,2,0
1441,motion,motion,no motion,motion,no motion,motion,0,0,0,1,0,0,0,1,1,0,3,0,0,1,device detected,device detected,no device,device detected,no device,no device,"('r14', 0)","('r25', 1)",14:00:30,3,1,2,0,0,5,1,3,4,4,1,0,0,0,0,0,1,3,2,0,5,0,3,0,1,0,1,1,0,2,0,2,0,1,1,1,0
1442,motion,motion,no motion,motion,no motion,motion,0,0,0,0,0,0,0,2,0,0,3,1,0,1,device detected,device detected,device detected,device detected,no device,no device,"('c1', 0)","('r25', 1)",14:00:45,3,1,2,0,0,5,1,3,4,4,1,0,0,0,0,0,1,3,2,0,5,0,3,0,1,1,1,1,0,2,0,2,0,1,0,1,0
1443,motion,motion,no motion,motion,motion,motion,0,1,1,1,0,0,0,0,0,0,3,3,1,0,no device,device detected,device detected,device detected,device detected,no device,"('r27', 0)","('r25', 0)",14:01:00,2,3,1,0,0,4,1,3,4,4,1,0,0,1,0,1,1,3,2,1,5,0,3,0,0,2,0,2,0,2,0,2,0,0,0,0,0
1444,motion,motion,no motion,motion,no motion,motion,0,0,1,1,0,0,0,0,1,0,3,2,1,1,device detected,device detected,device detected,device detected,no device,device detected,"('c1', 1)","('r26', 0)",14:01:15,2,2,1,0,0,4,1,2,4,4,1,1,0,0,0,1,1,3,3,1,5,0,3,1,0,0,1,1,0,2,0,2,0,0,1,1,0
1445,motion,motion,motion,motion,motion,motion,0,0,0,0,1,0,1,2,0,0,4,2,0,1,no device,device detected,no device,device detected,no device,no device,"('r27', 1)","('r25', 0)",14:01:30,2,2,1,0,0,3,1,2,4,3,1,0,0,1,0,1,0,3,3,0,5,0,4,0,0,0,1,2,0,2,0,2,0,0,0,5,0
1446,motion,motion,no motion,motion,motion,motion,0,0,0,0,0,0,1,0,0,0,4,2,0,0,no device,device detected,device detected,device detected,no device,no device,"('c1', 1)","('r26', 1)",14:01:45,2,2,1,0,0,3,0,2,4,2,1,2,1,1,0,1,0,3,3,0,5,0,4,0,0,1,0,1,0,2,0,2,0,1,1,3,0
1447,motion,motion,no motion,motion,no motion,motion,0,0,1,0,0,2,0,1,2,0,4,2,1,0,no device,device detected,device detected,device detected,no device,no device,"('c1', 1)","('r27', 0)",14:02:00,2,2,3,0,0,3,0,2,4,2,1,0,1,0,0,1,0,5,3,1,5,0,4,0,0,0,0,1,0,2,0,3,0,1,1,1,0
1448,motion,motion,no motion,motion,no motion,motion,0,0,0,3,0,0,1,0,0,0,4,5,1,0,no device,no device,device detected,device detected,no device,no device,"('c2', 2)","('r32', 2)",14:02:15,2,5,0,0,0,3,0,2,4,2,1,0,1,0,0,1,0,5,3,1,5,0,4,0,0,0,0,1,0,2,1,2,0,1,0,2,0
1449,motion,motion,no motion,motion,motion,motion,0,0,0,0,0,1,0,0,0,0,5,3,0,1,no device,no device,no device,device detected,no device,no device,"('r7', 0)","('r32', 2)",14:02:30,4,3,0,0,0,3,0,2,3,2,1,0,1,0,0,1,0,6,3,0,4,0,5,0,0,0,1,1,0,2,1,2,0,1,0,2,0
1450,motion,motion,no motion,motion,no motion,motion,0,0,0,0,0,0,0,0,0,0,5,3,0,0,no device,no device,device detected,device detected,no device,no device,"('r7', 1)","('r27', 0)",14:02:45,4,3,0,0,0,3,1,2,3,2,1,0,1,0,0,1,0,6,3,0,4,0,5,0,0,1,0,1,0,2,1,2,0,1,0,1,0
1451,motion,motion,no motion,motion,no motion,motion,0,0,1,0,0,0,1,0,0,0,5,3,1,0,no device,no device,device detected,device detected,no device,no device,"('c2', 0)","('r32', 2)",14:03:00,4,3,0,0,0,3,1,2,3,2,1,0,1,0,0,1,0,6,3,1,4,0,5,0,0,0,0,1,0,2,1,2,0,1,1,0,0
1452,motion,motion,no motion,motion,motion,motion,0,0,0,0,0,0,0,0,1,0,6,2,0,2,no device,no device,no device,device detected,no device,no device,"('r9', 3)","('r27', 2)",14:03:15,5,2,0,0,0,3,2,2,3,1,1,0,0,1,0,1,0,6,3,0,3,0,6,0,0,0,2,1,0,2,1,1,0,1,0,1,0
1453,motion,motion,motion,motion,no motion,motion,0,0,0,0,0,2,0,2,0,0,6,2,0,0,no device,no device,no device,device detected,no device,no device,"('r9', 3)","('r32', 1)",14:03:30,5,2,0,0,0,3,2,2,3,1,1,0,0,1,0,1,0,6,3,0,3,0,6,0,0,1,0,1,0,1,1,1,0,1,2,1,0
1454,motion,motion,no motion,motion,motion,no motion,0,0,0,1,0,2,2,0,0,1,6,1,0,1,no device,no device,device detected,device detected,no device,no device,"('r9', 4)","('r31', 1)",14:03:45,5,1,0,0,0,3,2,2,4,1,1,1,0,1,0,1,0,4,3,0,3,0,6,0,0,0,1,0,0,1,1,1,0,1,1,4,0
1455,motion,motion,no motion,motion,no motion,no motion,0,1,0,0,0,1,1,0,0,0,6,1,0,0,no device,no device,device detected,device detected,device detected,no device,"('c2', 1)","('r31', 1)",14:04:00,5,1,0,0,0,3,2,2,4,2,1,0,0,0,0,2,0,5,3,0,4,1,6,0,0,0,0,0,0,1,1,1,0,1,2,1,0
1456,motion,motion,no motion,motion,no motion,no motion,0,0,0,0,0,1,0,1,0,0,6,1,0,1,no device,no device,device detected,device detected,no device,no device,"('r7', 1)","('r31', 0)",14:04:15,5,1,0,0,0,3,1,2,4,2,1,0,0,1,1,2,0,4,3,0,4,0,6,0,0,0,1,0,0,1,0,2,0,1,1,2,0
1457,motion,motion,no motion,motion,motion,motion,0,0,1,0,0,0,1,0,0,1,5,2,1,1,no device,no device,device detected,device detected,no device,no device,"('r7', 1)","('r32', 2)",14:04:30,4,2,0,0,0,3,1,1,5,2,1,0,0,1,1,2,0,4,3,1,3,0,6,0,0,0,1,1,0,1,0,2,0,1,1,1,0
1458,motion,motion,no motion,motion,motion,motion,0,0,0,0,0,0,0,2,0,0,6,3,0,0,no device,no device,device detected,device detected,no device,no device,"('r7', 1)","('r32', 2)",14:04:45,3,3,0,0,0,3,1,1,5,2,1,0,1,1,1,2,0,4,4,0,4,0,6,0,0,0,0,1,0,1,0,2,0,1,1,0,0
1459,motion,motion,no motion,motion,motion,motion,0,0,0,2,0,0,1,0,0,1,6,2,0,0,no device,device detected,device detected,device detected,no device,no device,"('r7', 1)","('r32', 2)",14:05:00,2,2,1,0,0,3,1,1,5,2,1,1,1,1,1,2,0,4,4,0,4,0,6,0,0,1,0,0,0,0,0,2,0,1,1,1,0
1460,motion,motion,no motion,motion,motion,no motion,0,0,1,0,0,0,1,0,0,0,6,2,0,0,no device,no device,device detected,device detected,no device,no device,"('c2', 2)","('r27', 0)",14:05:15,2,2,0,0,0,3,1,1,5,3,1,1,1,1,1,2,0,4,4,1,4,0,6,0,0,0,0,0,0,0,0,2,0,1,0,2,0
1461,motion,motion,no motion,motion,motion,motion,0,1,0,0,0,0,0,0,0,0,7,2,0,0,no device,no device,no device,device detected,no device,device detected,"('r9', 5)","('r21', 4)",14:05:30,2,2,0,0,0,3,2,1,5,3,2,0,0,1,1,1,0,4,4,0,4,0,7,0,0,0,0,0,0,0,0,2,0,1,0,3,0
1462,motion,motion,no motion,motion,motion,no motion,0,0,0,0,1,0,2,0,0,0,6,2,2,0,no device,no device,no device,device detected,no device,no device,"('c2', 2)","('r21', 4)",14:05:45,2,2,0,0,0,3,2,1,5,3,1,0,0,1,0,1,1,4,3,2,4,0,6,0,0,0,0,0,0,0,0,2,0,1,2,2,0
1463,motion,motion,motion,motion,motion,no motion,0,0,1,0,0,0,0,2,0,0,6,2,1,1,no device,no device,device detected,no device,no device,no device,"('r16', 1)","('r27', 1)",14:06:00,2,2,0,0,0,3,3,1,5,2,1,0,0,1,0,1,1,4,3,1,4,0,6,0,0,2,1,0,0,0,0,2,0,1,0,2,0
1464,motion,motion,no motion,motion,motion,no motion,0,0,2,0,0,0,0,0,0,0,6,2,1,2,no device,no device,device detected,device detected,device detected,no device,"('r16', 1)","('r32', 2)",14:06:15,2,2,0,0,0,3,3,1,5,3,1,0,0,1,0,1,1,4,3,1,4,0,6,0,0,1,2,0,0,0,0,2,0,1,0,1,0
1465,motion,motion,motion,motion,motion,no motion,0,0,1,0,0,0,0,2,0,0,7,1,1,0,no device,no device,device detected,device detected,no device,no device,"('r16', 1)","('r32', 2)",14:06:30,3,1,0,0,0,3,3,1,5,3,1,0,1,1,0,1,1,4,3,1,4,0,7,0,0,0,0,0,0,0,0,2,0,1,2,0,0
1466,motion,motion,no motion,motion,motion,no motion,0,0,0,0,0,0,0,0,1,0,8,1,0,0,no device,no device,device detected,device detected,no device,no device,"('r16', 1)","('r31', 0)",14:06:45,3,1,0,0,0,3,2,1,5,2,1,0,1,2,0,1,1,4,3,0,4,0,8,0,0,0,0,0,0,0,0,2,0,1,1,2,0
1467,motion,motion,no motion,motion,motion,no motion,0,0,0,0,0,1,1,0,0,0,8,1,0,0,no device,no device,device detected,device detected,no device,no device,"('c2', 2)","('r32', 2)",14:07:00,3,1,0,1,0,3,2,1,6,3,1,0,1,1,0,1,1,3,3,0,4,0,8,0,0,0,0,0,0,0,0,2,0,1,0,2,0
1468,motion,motion,no motion,motion,motion,no motion,0,1,0,0,0,1,0,0,0,0,8,1,0,0,no device,no device,device detected,device detected,no device,no device,"('r16', 2)","('r27', 0)",14:07:15,3,1,0,1,0,3,2,1,5,3,1,0,0,1,0,2,1,4,3,0,4,0,8,0,0,0,0,0,0,0,0,2,0,1,0,2,0
1469,motion,motion,no motion,motion,motion,no motion,0,0,0,0,0,0,0,0,0,0,8,1,0,0,no device,no device,no device,device detected,no device,no device,"('r16', 2)","('r27', 0)",14:07:30,3,1,0,1,0,2,2,1,5,3,1,0,0,2,0,2,1,4,3,0,4,0,8,0,0,0,0,0,0,0,0,2,0,1,0,2,0
1470,motion,motion,no motion,motion,motion,no motion,0,0,0,0,0,0,0,0,0,0,8,2,0,0,no device,device detected,no device,device detected,no device,no device,"('r16', 2)","('r26', 0)",14:07:45,2,2,0,1,0,2,1,2,5,2,1,0,0,2,0,2,1,4,3,0,4,0,8,0,0,0,0,0,0,0,0,2,0,1,0,3,0
1471,motion,motion,motion,motion,motion,motion,0,1,0,1,1,0,1,0,0,0,8,1,0,0,no device,device detected,device detected,device detected,device detected,device detected,"('r16', 1)","('r25', 0)",14:08:00,2,1,1,1,0,3,1,2,5,2,1,0,0,1,0,1,2,4,3,0,4,0,8,0,0,0,0,0,0,0,0,2,0,1,1,2,0
1472,motion,motion,no motion,motion,motion,no motion,0,1,0,0,1,0,0,1,0,0,8,2,0,1,no device,no device,no device,device detected,no device,no device,"('c2', 1)","('r29', 0)",14:08:15,1,2,0,2,0,1,1,2,5,2,2,1,0,2,0,2,1,4,3,0,4,0,8,0,0,0,1,0,0,0,0,2,0,1,0,1,0
1473,motion,motion,no motion,motion,motion,no motion,0,0,0,1,0,0,0,0,0,0,8,1,0,0,no device,device detected,device detected,device detected,no device,device detected,"('r9', 5)","('r30', 0)",14:08:30,1,1,1,2,0,1,1,2,5,2,2,0,0,2,0,2,1,4,3,0,5,0,8,0,0,0,0,0,0,0,1,1,0,1,0,2,0
1474,motion,motion,no motion,motion,motion,no motion,0,0,0,0,0,2,1,1,0,0,8,1,0,1,no device,no device,device detected,device detected,no device,no device,"('r9', 5)","('r30', 0)",14:08:45,1,1,0,2,0,1,1,2,5,2,2,1,0,2,0,2,1,4,3,0,5,0,8,0,0,0,1,0,0,0,1,1,0,1,0,1,0
1475,motion,motion,no motion,motion,motion,motion,0,0,0,0,0,0,0,0,0,0,8,1,1,0,no device,no device,device detected,device detected,no device,no device,"('r9', 5)","('r29', 0)",14:09:00,1,1,0,2,0,1,1,2,5,3,2,0,0,2,0,2,1,4,2,1,5,0,8,0,0,1,0,0,0,0,1,1,0,1,0,1,0
1476,motion,motion,no motion,motion,motion,no motion,0,1,2,0,1,2,0,0,0,0,8,0,1,0,no device,no device,device detected,no device,no device,no device,"('r9', 5)","('r29', 0)",14:09:15,1,1,0,2,1,0,1,2,5,3,1,0,0,2,0,1,0,4,2,1,5,0,8,0,0,1,0,0,0,0,1,1,0,1,0,4,0
1477,motion,motion,no motion,motion,motion,no motion,0,0,0,0,0,0,1,0,0,0,8,1,0,1,no device,no device,device detected,device detected,no device,no device,"('r9', 5)","('r25', 0)",14:09:30,1,1,0,1,1,1,1,3,5,3,1,1,0,2,0,1,0,4,3,0,5,0,8,0,0,0,1,0,0,0,1,1,0,1,1,1,0
1478,motion,motion,no motion,motion,motion,no motion,0,0,0,0,0,0,0,3,0,0,8,1,0,1,no device,device detected,device detected,no device,no device,no device,"('r9', 5)","('r29', 0)",14:09:45,1,1,1,1,1,0,1,2,5,3,1,0,0,3,1,1,0,4,3,0,5,0,8,0,0,0,1,0,0,0,1,1,0,1,1,1,0
1479,no motion,motion,motion,motion,motion,motion,0,0,0,1,0,0,1,0,0,0,7,1,1,0,no device,no device,device detected,no device,no device,no device,"('r9', 5)","('r30', 0)",14:10:00,1,2,0,1,1,0,1,2,5,3,0,0,0,3,1,1,0,4,3,1,6,0,7,0,0,0,0,0,0,0,1,1,0,1,0,3,0
1480,motion,motion,no motion,motion,motion,no motion,0,1,1,0,1,0,0,0,0,0,7,1,0,0,no device,no device,device detected,device detected,no device,no device,"('r9', 5)","('r29', 0)",14:10:15,2,1,0,1,0,1,1,2,5,3,0,0,0,3,1,2,1,4,3,0,6,0,7,0,0,1,0,0,0,0,1,1,0,1,0,1,0
1481,motion,motion,no motion,motion,motion,no motion,0,0,0,0,0,0,0,0,0,0,7,0,0,1,no device,no device,device detected,device detected,no device,no device,"('c2', 1)","('r30', 0)",14:10:30,3,0,0,1,0,1,1,2,5,3,0,0,0,3,1,2,1,4,3,0,6,0,7,0,0,0,1,0,0,0,0,2,0,1,0,1,0
1482,motion,motion,no motion,motion,motion,no motion,0,0,0,0,0,0,0,1,0,0,7,0,0,0,no device,no device,device detected,device detected,no device,no device,"('r16', 2)","('r29', 0)",14:10:45,3,0,0,1,0,1,0,2,6,3,0,0,0,3,1,2,1,4,3,0,6,0,7,0,0,0,0,0,0,0,0,2,0,1,1,1,0
1483,motion,motion,no motion,motion,motion,no motion,0,0,0,0,0,1,1,0,1,0,7,0,0,1,no device,no device,device detected,device detected,no device,no device,"('c2', 1)","('r25', 0)",14:11:00,3,0,0,1,0,1,0,2,6,3,0,0,0,2,1,2,1,5,3,0,5,0,7,0,0,0,1,0,0,0,0,2,0,1,1,1,0
1484,motion,motion,no motion,motion,motion,motion,0,0,0,0,0,1,1,1,0,0,7,0,0,3,no device,no device,device detected,device detected,no device,no device,"('r11', 0)","('r29', 0)",14:11:15,3,0,0,1,0,1,0,2,4,3,0,0,0,2,1,2,1,4,3,0,2,0,7,0,0,0,3,0,0,0,0,2,0,1,1,5,0
1485,motion,motion,no motion,motion,motion,no motion,0,0,0,0,0,0,1,1,0,0,7,0,0,1,no device,no device,device detected,device detected,no device,no device,"('c2', 2)","('r30', 0)",14:11:30,3,0,0,1,0,2,0,2,4,3,0,2,0,1,1,2,1,4,3,0,2,0,7,0,0,1,1,0,0,0,0,2,0,1,3,2,0
1486,motion,motion,no motion,motion,motion,no motion,0,0,1,0,0,0,1,0,0,0,7,0,1,0,no device,device detected,device detected,no device,device detected,no device,"('r10', 3)","('r26', 0)",14:11:45,3,0,2,2,0,1,0,2,5,3,0,0,0,1,1,2,1,4,3,1,2,0,7,0,0,0,1,0,0,0,0,2,0,1,2,2,0
1487,motion,motion,no motion,motion,no motion,motion,0,0,0,1,0,0,0,0,0,0,8,1,0,1,no device,device detected,device detected,device detected,device detected,no device,"('r10', 3)","('r20', 0)",14:12:00,3,1,1,2,0,1,0,4,5,3,0,0,0,0,1,2,1,4,3,0,2,1,8,0,0,0,1,0,0,0,0,2,0,1,2,0,0
1488,motion,motion,motion,motion,no motion,motion,0,0,0,0,0,0,0,0,0,0,8,0,0,0,no device,device detected,device detected,device detected,device detected,no device,"('r10', 1)","('r23', 8)",14:12:15,4,0,1,2,0,1,0,3,5,1,0,0,0,0,1,2,1,4,3,0,2,1,8,0,0,0,0,0,0,0,0,3,0,1,2,3,0
1489,motion,motion,no motion,motion,no motion,motion,0,1,0,0,0,0,0,0,0,0,8,0,0,0,no device,no device,device detected,device detected,device detected,no device,"('c2', 1)","('r23', 8)",14:12:30,4,0,0,2,0,1,0,3,5,1,0,1,1,0,1,3,1,4,3,0,2,1,8,0,0,0,0,1,0,0,0,3,0,0,2,1,0
1490,motion,motion,no motion,motion,no motion,motion,0,0,0,0,0,0,0,0,0,1,8,0,0,0,no device,no device,device detected,device detected,device detected,no device,"('r10', 1)","('r23', 8)",14:12:45,4,0,0,2,0,1,0,3,5,1,0,1,0,0,1,3,1,4,3,0,2,1,8,0,0,0,0,0,0,0,0,3,0,0,3,2,0
1491,motion,motion,no motion,motion,no motion,no motion,0,0,0,0,0,0,1,0,0,0,8,0,0,0,no device,device detected,device detected,device detected,device detected,no device,"('c2', 2)","('r20', 0)",14:13:00,4,0,1,2,0,1,0,3,5,1,0,0,0,0,2,3,1,4,3,0,2,1,8,0,0,0,0,0,0,0,0,3,0,0,2,2,0
1492,motion,motion,no motion,motion,no motion,no motion,0,0,0,0,0,0,0,0,0,0,8,0,0,0,no device,device detected,device detected,no device,device detected,no device,"('r11', 0)","('r20', 0)",14:13:15,4,0,1,3,0,0,0,3,6,1,0,1,0,0,2,3,1,4,3,0,2,1,8,0,0,0,0,0,0,0,0,3,0,0,2,0,0
1493,motion,motion,no motion,motion,no motion,no motion,0,0,0,0,0,0,0,0,0,0,8,0,0,0,no device,device detected,no device,device detected,device detected,device detected,"('r11', 0)","('r26', 0)",14:13:30,4,0,2,2,0,1,0,1,6,1,0,0,0,0,2,3,1,4,3,0,2,1,8,0,0,0,0,0,0,0,0,3,0,0,2,2,0
1494,motion,motion,no motion,motion,no motion,no motion,0,0,0,1,0,0,0,0,0,0,8,1,0,0,no device,device detected,device detected,device detected,device detected,no device,"('r11', 1)","('r25', 0)",14:13:45,4,1,1,2,0,1,0,1,5,1,1,0,1,0,2,3,1,4,3,0,2,1,8,0,0,0,0,0,0,0,0,3,0,0,2,1,0
1495,motion,motion,no motion,motion,no motion,no motion,0,0,0,0,0,0,0,0,0,0,8,0,0,0,no device,device detected,device detected,device detected,no device,no device,"('c2', 1)","('r29', 0)",14:14:00,5,0,1,2,0,1,0,1,5,1,1,0,1,0,2,3,1,4,3,0,2,0,8,0,0,0,0,0,0,0,0,3,0,0,2,1,1
1496,motion,motion,no motion,motion,no motion,no motion,0,1,0,0,0,0,0,0,0,0,8,0,0,0,no device,device detected,device detected,device detected,no device,no device,"('r9', 5)","('r25', 0)",14:14:15,5,0,1,2,0,1,1,1,5,1,1,0,1,0,2,2,1,4,3,0,2,0,8,0,0,0,0,0,0,0,0,3,0,0,2,1,1
1497,motion,motion,no motion,motion,no motion,no motion,0,0,0,0,0,0,0,0,0,0,8,0,0,0,device detected,device detected,device detected,device detected,device detected,no device,"('c2', 1)","('r26', 0)",14:14:30,5,0,1,1,0,2,1,2,5,1,1,0,0,0,2,2,1,4,3,0,2,1,8,0,0,0,0,0,0,0,0,3,0,0,2,1,0
1498,motion,motion,no motion,motion,motion,no motion,0,0,0,0,0,1,1,0,0,0,8,0,0,0,no device,device detected,device detected,device detected,device detected,no device,"('r13', 0)","('r30', 0)",14:14:45,5,0,1,1,0,1,1,2,5,1,1,0,0,1,2,2,1,5,3,0,2,0,8,0,0,0,0,1,0,0,0,3,0,0,1,1,0
1499,motion,motion,no motion,motion,motion,motion,0,0,0,0,0,2,0,0,0,1,8,0,0,0,no device,device detected,device detected,device detected,no device,no device,"('c2', 4)","('r26', 0)",14:15:00,5,0,1,1,0,1,0,2,5,1,1,0,0,1,2,2,1,3,3,0,2,0,8,0,0,0,0,1,0,0,0,3,0,1,0,4,0
1500,motion,motion,no motion,motion,motion,motion,0,0,0,0,1,0,0,0,0,0,8,0,0,0,no device,device detected,device detected,device detected,no device,no device,"('r18', 3)","('r26', 0)",14:15:15,5,0,1,1,0,1,0,2,8,1,1,0,0,1,2,2,0,3,3,0,2,0,8,0,0,0,0,1,0,0,0,3,1,0,0,2,0
1501,motion,motion,motion,motion,no motion,motion,0,0,0,0,0,0,0,0,0,0,8,0,0,0,no device,no device,device detected,no device,device detected,no device,"('c2', 4)","('r30', 0)",14:15:30,5,0,1,2,0,0,0,2,6,1,1,0,0,0,2,2,0,3,3,0,2,1,8,0,0,0,0,1,0,0,0,3,0,1,0,4,0
1502,motion,motion,no motion,motion,motion,motion,0,0,0,0,1,0,2,0,1,0,8,0,0,0,no device,device detected,device detected,no device,no device,no device,"('r15', 3)","('r26', 0)",14:15:45,5,0,1,2,0,0,0,2,4,1,1,1,0,1,3,2,1,3,3,0,2,1,8,0,0,0,0,1,0,0,0,3,0,1,0,2,0
1503,motion,motion,no motion,motion,motion,motion,0,0,0,0,0,0,0,0,0,0,8,0,0,0,device detected,device detected,device detected,no device,device detected,no device,"('r15', 3)","('r20', 0)",14:16:00,5,0,2,2,0,0,1,2,4,1,1,0,0,1,3,2,1,3,3,0,2,1,8,0,0,0,0,1,0,0,0,3,0,1,0,1,0
1504,motion,motion,no motion,motion,motion,motion,0,0,0,0,0,0,0,0,0,0,7,1,1,0,no device,device detected,device detected,device detected,device detected,no device,"('c2', 1)","('r23', 7)",14:16:15,4,1,2,1,0,1,1,2,4,1,1,0,0,1,3,2,1,3,3,1,2,1,7,0,0,0,0,1,0,0,0,3,0,1,0,1,0
1505,motion,motion,no motion,motion,motion,motion,0,0,1,1,0,0,0,0,0,0,7,0,0,0,no device,device detected,device detected,device detected,no device,no device,"('r11', 0)","('r23', 7)",14:16:30,4,0,3,1,0,1,1,2,3,1,0,0,0,1,4,2,1,3,3,0,2,1,7,0,0,1,0,1,0,0,0,3,0,1,0,2,0
1506,motion,motion,no motion,motion,motion,motion,0,0,0,0,1,0,0,0,0,0,7,0,0,1,no device,device detected,device detected,no device,device detected,no device,"('c2', 3)","('r20', 0)",14:16:45,4,0,2,1,0,0,1,2,2,1,0,1,0,2,5,2,0,3,3,0,2,1,7,0,0,0,1,1,0,0,0,3,0,1,0,3,0
1507,motion,motion,no motion,motion,no motion,motion,0,1,0,1,0,0,0,1,0,0,6,1,0,0,no device,device detected,device detected,no device,device detected,no device,"('r7', 1)","('r19', 3)",14:17:00,4,1,1,1,0,0,1,2,1,1,0,0,1,1,4,3,0,3,3,0,2,2,7,0,0,0,0,1,0,0,0,3,0,1,1,4,0
1508,motion,motion,motion,motion,motion,motion,0,0,0,0,0,0,2,0,0,0,5,1,1,0,device detected,device detected,device detected,no device,device detected,no device,"('c2', 2)","('r20', 1)",14:17:15,4,1,1,1,0,0,2,2,2,1,0,0,1,1,4,3,0,3,3,1,2,2,6,0,0,0,0,1,0,0,0,3,0,1,1,2,0
1509,motion,motion,no motion,motion,motion,motion,0,0,1,0,0,1,0,0,0,1,5,0,1,0,no device,device detected,device detected,no device,device detected,device detected,"('r17', 0)","('r23', 5)",14:17:30,5,0,1,1,0,0,2,2,3,2,0,0,1,1,4,3,0,2,3,1,1,1,5,1,0,0,1,2,0,1,0,3,0,1,0,1,0
1510,motion,motion,no motion,motion,motion,motion,0,0,0,0,0,1,0,0,0,0,5,1,1,1,no device,device detected,device detected,no device,device detected,device detected,"('r17', 0)","('r20', 1)",14:17:45,4,1,1,1,0,0,2,2,3,2,0,0,0,1,4,3,0,3,3,1,1,1,5,0,0,0,1,3,0,1,0,3,0,1,0,1,0
1511,motion,motion,no motion,motion,motion,motion,0,0,0,0,1,0,0,0,0,0,5,1,1,1,no device,device detected,device detected,no device,device detected,no device,"('r17', 1)","('r26', 0)",14:18:00,4,1,1,1,0,0,0,2,3,2,0,0,0,1,4,3,1,3,3,1,1,1,5,0,0,0,1,3,0,1,0,3,0,1,0,2,0
1512,motion,motion,no motion,motion,motion,motion,0,0,0,0,0,2,0,0,0,0,5,1,1,1,no device,device detected,device detected,no device,no device,no device,"('c2', 1)","('r25', 0)",14:18:15,4,1,1,1,0,0,0,2,3,3,0,0,0,2,3,3,1,4,3,1,1,0,5,0,0,0,1,3,0,1,1,2,0,1,0,1,0
1513,motion,motion,no motion,motion,no motion,motion,0,0,0,2,1,0,0,0,1,0,6,1,0,0,no device,device detected,device detected,no device,no device,no device,"('r8', 2)","('r26', 0)",14:18:30,4,1,1,1,0,0,0,2,3,3,0,0,0,1,4,3,0,4,3,0,1,0,6,0,0,0,1,3,0,1,1,2,1,0,1,1,0
1514,motion,motion,no motion,motion,motion,motion,0,0,0,1,0,0,0,1,0,0,5,2,0,2,no device,no device,device detected,no device,no device,no device,"('c2', 1)","('r25', 0)",14:18:45,4,2,0,1,0,0,0,3,3,2,0,0,0,1,4,3,0,4,3,0,1,0,6,0,0,0,2,3,0,1,1,2,1,0,0,1,0
1515,motion,motion,no motion,motion,motion,motion,0,0,0,1,1,0,0,0,0,0,6,1,0,0,no device,no device,device detected,no device,no device,no device,"('c1', 0)","('r29', 0)",14:19:00,4,1,0,1,0,0,0,2,3,1,0,1,0,1,4,3,1,4,3,0,1,0,6,0,0,1,1,3,0,1,1,2,0,1,0,2,0
1516,motion,motion,motion,motion,no motion,motion,0,0,0,0,0,1,0,0,0,0,5,1,1,1,device detected,no device,device detected,device detected,no device,no device,"('r14', 0)","('r30', 1)",14:19:15,4,1,0,1,0,1,1,2,3,1,0,0,0,0,3,3,1,5,3,1,1,0,5,0,1,0,1,4,0,1,1,2,0,0,0,2,0
1517,motion,motion,motion,motion,motion,motion,0,0,0,0,0,0,0,0,0,1,5,1,0,1,device detected,no device,device detected,device detected,no device,no device,"('r22', 0)","('r26', 0)",14:19:30,4,1,0,1,0,1,0,2,3,1,0,0,0,0,3,3,1,5,4,0,1,0,5,0,1,0,1,3,0,1,1,2,0,0,1,3,0
1518,motion,motion,no motion,motion,no motion,motion,0,1,0,0,1,1,1,1,0,0,5,2,0,1,device detected,no device,device detected,device detected,no device,no device,"('r24', 0)","('r25', 1)",14:19:45,3,2,0,1,0,1,0,2,3,1,0,0,0,0,3,2,0,6,4,0,2,0,5,0,1,0,1,3,0,1,1,2,0,0,1,3,0
1519,motion,motion,no motion,motion,no motion,motion,0,0,0,1,0,1,0,1,0,0,5,1,0,1,device detected,device detected,device detected,device detected,no device,no device,"('r28', 3)","('r29', 0)",14:20:00,3,1,2,1,0,1,0,2,3,1,0,0,0,0,3,2,0,7,4,0,2,0,5,0,1,1,1,3,0,1,1,2,0,0,0,1,0
1520,motion,motion,no motion,motion,motion,motion,0,0,1,1,0,1,0,0,0,0,5,2,1,0,no device,no device,no device,device detected,no device,no device,"('r34', 0)","('r25', 1)",14:20:15,3,2,0,1,0,1,0,2,3,1,0,1,0,0,3,2,0,8,4,1,2,0,5,0,1,0,0,3,0,1,1,3,0,0,0,0,0
1521,motion,motion,no motion,motion,no motion,motion,0,1,0,0,0,0,0,0,0,0,6,1,1,1,device detected,no device,no device,no device,no device,no device,"('r34', 0)","('r25', 1)",14:20:30,4,1,0,1,0,1,0,3,3,1,0,0,0,0,3,1,0,8,3,1,2,0,6,0,1,0,1,3,0,1,2,1,0,0,0,1,0
1522,motion,motion,no motion,motion,no motion,motion,0,0,0,0,0,0,0,0,0,0,6,1,1,1,device detected,no device,device detected,device detected,no device,no device,"('r33', 0)","('r29', 0)",14:20:45,4,1,0,1,0,1,0,3,3,1,0,0,0,0,3,1,0,8,3,1,2,0,6,0,1,0,1,3,0,1,2,1,0,0,0,1,0
1523,motion,motion,motion,motion,no motion,motion,0,0,0,0,0,0,0,0,0,1,7,1,0,0,device detected,no device,device detected,device detected,no device,no device,"('r33', 0)","('r30', 1)",14:21:00,4,1,0,1,0,1,0,3,3,1,0,0,0,0,3,1,0,8,3,0,3,0,7,0,1,0,0,2,0,1,1,2,0,0,1,1,0
1524,motion,motion,no motion,motion,no motion,motion,0,0,0,0,0,0,1,0,0,0,7,1,0,2,no device,no device,no device,device detected,no device,no device,"('r34', 0)","('r29', 0)",14:21:15,4,1,0,1,0,1,0,3,3,1,0,0,0,0,3,1,0,8,3,0,2,0,7,0,1,0,2,2,0,1,1,1,0,0,0,2,0
1525,motion,motion,motion,motion,no motion,motion,0,0,1,1,1,0,0,1,0,0,6,0,0,0,device detected,device detected,device detected,no device,no device,no device,"('r33', 0)","('r25', 1)",14:21:30,4,0,1,2,0,0,0,3,3,1,0,0,0,0,3,1,1,8,3,0,3,0,6,0,1,1,0,2,0,1,1,1,0,0,1,1,0
1526,motion,motion,no motion,motion,motion,motion,0,0,0,0,0,0,0,0,1,0,6,0,0,1,device detected,device detected,device detected,device detected,no device,no device,"('r34', 1)","('r29', 0)",14:21:45,4,0,1,1,0,1,0,3,3,1,0,0,0,1,3,1,1,8,3,0,3,0,6,0,1,0,1,1,0,1,1,1,0,1,0,1,0
1527,motion,motion,no motion,motion,no motion,motion,0,0,1,0,0,0,0,1,0,0,5,0,0,0,no device,device detected,device detected,device detected,no device,no device,"('r33', 0)","('r25', 1)",14:22:00,4,0,1,1,0,2,0,3,3,1,0,0,0,0,3,1,1,8,3,0,3,0,5,0,1,1,0,1,0,1,1,1,0,1,1,1,0
1528,motion,motion,no motion,motion,no motion,motion,0,0,0,0,0,1,1,1,0,0,5,0,0,0,device detected,no device,device detected,no device,no device,no device,"('r34', 1)","('r25', 1)",14:22:15,4,0,1,1,0,1,0,3,3,1,0,0,0,1,3,1,1,7,3,0,3,0,5,0,1,0,0,1,0,1,1,1,0,1,3,1,0
1529,motion,motion,motion,motion,motion,no motion,0,0,0,0,0,1,2,1,0,1,5,0,0,0,no device,device detected,device detected,device detected,no device,no device,"('r28', 0)","('r26', 0)",14:22:30,4,0,1,1,0,1,0,3,3,1,0,0,0,1,3,1,1,6,3,0,3,0,5,0,1,0,1,0,1,0,1,1,0,1,1,4,0
1530,motion,motion,motion,motion,motion,no motion,0,0,0,0,1,0,0,0,1,0,4,0,1,0,no device,device detected,device detected,no device,no device,no device,"('r28', 0)","('r27', 0)",14:22:45,4,0,1,2,0,0,1,3,3,1,1,0,0,2,3,1,2,6,3,1,3,0,4,0,1,0,0,0,1,0,1,2,0,1,0,1,0
1531,motion,motion,motion,motion,motion,no motion,0,0,1,0,0,1,0,0,0,0,4,0,0,0,device detected,device detected,no device,no device,no device,no device,"('c1', 0)","('r26', 1)",14:23:00,4,0,1,2,0,0,1,3,3,1,1,0,0,2,3,1,2,5,3,0,3,0,4,0,1,1,0,0,1,0,1,2,0,1,0,2,0
1532,motion,motion,motion,motion,motion,no motion,0,0,0,0,0,0,0,0,0,0,4,0,0,0,device detected,device detected,device detected,no device,no device,no device,"('c1', 0)","('r27', 1)",14:23:15,4,0,1,2,0,0,2,3,2,1,1,0,0,2,3,1,2,5,3,0,3,0,4,0,1,0,1,0,0,1,1,2,0,1,0,2,0
1533,motion,motion,no motion,motion,motion,motion,0,0,0,0,0,0,0,1,0,0,4,0,0,0,device detected,no device,no device,device detected,no device,no device,"('r28', 0)","('r27', 0)",14:23:30,4,0,1,1,0,1,2,4,2,1,1,0,0,2,3,1,2,5,3,0,3,0,4,0,1,0,0,0,0,1,1,2,0,1,1,1,0
1534,motion,motion,motion,motion,motion,motion,0,0,0,0,0,0,0,0,0,1,4,0,1,0,device detected,device detected,device detected,device detected,no device,no device,"('c1', 0)","('r21', 3)",14:23:45,4,0,1,1,0,1,2,4,2,1,1,0,0,2,3,1,2,5,2,1,3,0,4,0,1,0,0,0,0,1,1,2,0,2,0,1,0
1535,motion,motion,no motion,motion,motion,no motion,0,0,0,0,0,0,0,0,0,0,5,0,0,1,device detected,device detected,device detected,device detected,no device,no device,"('r14', 2)","('r21', 2)",14:24:00,4,0,1,1,0,1,2,4,2,1,0,0,0,2,3,1,2,5,2,0,2,0,5,0,1,0,1,0,0,1,1,2,1,1,0,2,0
1536,motion,motion,no motion,motion,motion,no motion,0,0,0,0,0,0,0,1,0,0,5,0,0,0,device detected,device detected,device detected,device detected,no device,no device,"('c1', 1)","('r27', 0)",14:24:15,4,0,1,1,0,1,2,5,1,1,0,0,0,2,3,1,2,5,2,0,2,0,5,0,1,0,0,0,0,1,1,2,1,1,1,2,0
1537,motion,motion,no motion,motion,no motion,motion,0,0,0,0,1,1,1,0,1,0,4,0,2,1,no device,device detected,device detected,device detected,device detected,no device,"('c1', 1)","('c1', 1)",14:24:30,4,0,1,1,0,1,2,4,1,1,0,0,0,2,3,1,3,4,1,2,2,1,4,0,1,0,1,0,0,1,1,1,0,2,1,2,0
1538,motion,motion,no motion,motion,motion,no motion,0,0,0,0,0,0,0,0,0,1,4,0,2,0,device detected,device detected,device detected,device detected,no device,no device,"('r28', 1)","('r27', 0)",14:24:45,4,0,1,1,0,1,2,4,1,1,0,0,0,3,3,1,3,4,1,2,2,0,4,0,1,1,0,1,0,1,1,1,0,2,0,2,0
1539,motion,motion,motion,motion,motion,no motion,0,0,1,0,0,0,0,1,1,1,4,1,3,1,device detected,device detected,device detected,device detected,no device,no device,"('r24', 0)","('r26', 0)",14:25:00,3,1,1,1,0,1,1,4,1,1,0,0,0,2,2,1,3,4,1,3,2,0,4,0,1,0,1,0,0,1,1,1,0,2,1,4,0
1540,motion,motion,no motion,motion,motion,motion,0,0,0,1,0,0,1,0,0,0,5,0,2,0,no device,device detected,device detected,device detected,no device,no device,"('r22', 0)","('r20', 2)",14:25:15,3,0,2,1,0,1,1,4,1,1,0,0,0,2,3,1,3,4,1,2,2,0,5,0,1,1,0,0,0,1,1,1,0,2,0,4,0
1541,motion,motion,no motion,motion,motion,no motion,0,1,1,0,0,1,0,0,0,0,5,0,3,0,device detected,device detected,no device,device detected,no device,no device,"('r22', 0)","('r19', 1)",14:25:30,3,0,1,1,0,1,1,4,1,1,0,1,0,2,4,2,3,5,1,3,2,0,5,0,1,0,0,0,0,1,0,2,0,2,0,1,0
1542,motion,motion,no motion,motion,motion,no motion,0,0,0,0,1,0,0,0,0,0,6,0,2,0,device detected,device detected,no device,device detected,no device,no device,"('r14', 2)","('r20', 2)",14:25:45,3,0,1,1,0,1,0,4,2,1,0,1,0,2,4,2,2,5,1,2,2,0,6,0,1,0,0,0,0,1,0,2,0,2,0,2,0
1543,motion,motion,no motion,motion,motion,no motion,0,0,0,0,0,1,1,0,0,0,6,0,2,0,device detected,device detected,device detected,device detected,no device,no device,"('r6', 1)","('r23', 6)",14:26:00,3,0,1,1,0,1,0,3,2,1,0,1,1,2,4,2,2,4,1,2,2,0,6,0,1,0,0,0,0,1,0,2,0,2,1,2,0
1544,motion,motion,no motion,motion,motion,no motion,0,1,1,0,0,1,0,1,0,0,6,0,1,0,device detected,device detected,device detected,no device,no device,no device,"('r4', 1)","('r20', 1)",14:26:15,3,0,1,1,0,0,0,3,2,1,0,1,1,3,4,1,2,3,1,1,2,0,6,0,1,1,1,0,0,1,0,2,0,2,0,4,0
1545,motion,motion,no motion,motion,motion,motion,0,0,0,0,0,2,0,0,0,0,6,0,1,0,device detected,no device,device detected,device detected,no device,no device,"('r4', 1)","('r26', 0)",14:26:30,2,1,1,1,0,1,0,5,2,1,0,0,1,2,4,1,2,3,1,1,3,0,6,0,1,0,1,0,0,1,0,2,0,2,0,3,0
1546,motion,motion,no motion,motion,motion,no motion,0,1,0,0,2,0,0,0,0,0,6,1,1,0,device detected,device detected,device detected,device detected,no device,no device,"('r6', 1)","('r26', 0)",14:26:45,2,1,1,1,0,1,0,5,2,1,0,0,1,2,4,0,4,3,1,1,4,0,6,0,1,0,0,0,0,1,0,2,0,2,0,2,0
1547,motion,motion,no motion,motion,motion,no motion,0,0,0,0,0,0,0,0,0,0,6,1,1,0,device detected,device detected,no device,device detected,no device,no device,"('r6', 1)","('r26', 0)",14:27:00,2,1,1,1,0,1,0,4,2,1,0,0,1,2,4,0,4,3,1,1,4,0,6,0,1,0,0,0,0,1,0,2,0,2,0,3,0
1548,motion,motion,motion,no motion,motion,no motion,0,0,0,2,0,0,1,0,0,0,6,0,1,0,device detected,device detected,device detected,device detected,no device,no device,"('r6', 1)","('r27', 0)",14:27:15,1,0,3,1,0,1,0,4,1,1,0,0,1,2,4,0,4,3,1,1,4,0,6,0,1,0,0,0,0,1,0,2,0,2,1,3,0
1549,motion,motion,no motion,motion,motion,motion,0,0,0,0,0,0,1,1,0,0,6,0,1,1,device detected,device detected,device detected,no device,device detected,no device,"('r4', 1)","('r27', 1)",14:27:30,1,0,2,1,1,0,0,3,0,2,0,1,1,2,4,0,4,3,1,1,4,0,6,0,1,0,1,0,0,1,0,2,0,2,1,3,0
1550,motion,motion,no motion,motion,motion,no motion,0,0,0,0,1,1,1,1,0,0,6,0,1,0,device detected,device detected,device detected,device detected,no device,no device,"('r4', 1)","('r27', 0)",14:27:45,1,0,2,1,0,1,0,2,0,2,0,0,1,2,4,0,3,4,1,1,4,0,6,0,1,0,0,0,0,1,0,2,0,2,3,4,0
1551,motion,motion,motion,motion,motion,no motion,0,1,0,0,0,0,1,1,0,0,6,0,1,1,device detected,device detected,device detected,no device,no device,no device,"('r4', 1)","('c1', 1)",14:28:00,1,0,2,1,0,0,0,2,0,3,1,0,1,3,4,1,3,4,1,1,4,0,6,0,1,0,1,0,0,1,0,2,0,2,1,2,0
1552,no motion,motion,no motion,motion,motion,no motion,0,0,0,0,0,1,0,0,1,0,6,0,1,0,device detected,device detected,device detected,device detected,no device,no device,"('r4', 1)","('r14', 3)",14:28:15,1,0,2,1,0,1,0,2,0,3,1,1,1,3,4,1,3,3,1,1,4,0,6,0,1,1,0,0,0,1,0,2,0,2,0,2,0
1553,motion,motion,no motion,motion,motion,no motion,0,1,1,0,0,1,0,0,0,0,5,0,3,0,device detected,device detected,device detected,no device,device detected,no device,"('r6', 0)","('r22', 1)",14:28:30,1,0,3,1,0,0,0,1,0,3,1,1,1,3,4,2,3,4,1,3,4,1,5,0,1,0,0,0,0,1,0,2,0,2,0,0,0
1554,motion,motion,no motion,motion,motion,no motion,0,1,1,1,0,0,0,0,0,0,5,1,1,0,device detected,device detected,device detected,device detected,device detected,no device,"('r14', 1)","('r14', 1)",14:28:45,1,1,3,1,0,0,0,1,0,3,1,0,1,1,4,1,3,4,2,1,4,3,5,0,1,1,0,0,0,1,0,2,0,2,0,1,0
1555,no motion,motion,no motion,motion,motion,no motion,0,0,0,1,0,0,0,0,0,0,5,1,1,1,no device,device detected,device detected,no device,device detected,no device,"('r22', 3)","('r22', 3)",14:29:00,1,2,2,1,0,0,0,1,1,2,1,0,1,1,4,1,3,4,2,1,4,3,5,0,0,1,1,0,0,1,0,2,0,2,0,1,0
1556,motion,motion,no motion,motion,motion,no motion,0,1,0,0,0,1,2,1,0,0,5,0,1,2,no device,no device,device detected,no device,no device,no device,"('r24', 0)","('outside', 0)",14:29:15,3,0,2,1,0,0,0,1,1,2,1,0,1,1,4,0,3,3,2,1,5,3,5,0,0,0,2,0,0,1,0,2,0,2,0,2,0
1557,motion,motion,motion,motion,no motion,no motion,0,0,0,1,0,0,1,1,0,0,4,2,1,0,no device,device detected,no device,no device,device detected,no device,"('r24', 0)","('outside', 1)",14:29:30,2,2,1,1,0,0,1,1,1,2,1,0,1,0,3,0,3,3,2,1,6,3,5,0,0,0,0,0,0,1,0,2,0,2,2,1,1
1558,motion,motion,no motion,motion,motion,no motion,0,0,0,0,1,0,1,0,1,0,5,2,1,0,device detected,device detected,device detected,no device,device detected,no device,"('r24', 0)","('r22', 2)",14:29:45,2,2,1,1,0,0,1,1,1,2,1,0,1,2,3,0,2,3,2,1,6,2,5,0,0,0,0,0,0,1,0,2,0,2,0,3,1
1559,motion,motion,no motion,motion,motion,no motion,0,0,0,0,0,0,0,0,1,0,5,2,1,0,no device,device detected,device detected,no device,device detected,no device,"('r24', 0)","('r14', 1)",14:30:00,2,2,1,1,0,0,2,1,1,2,1,0,1,1,3,0,2,3,2,1,6,3,5,0,0,0,0,0,0,1,0,2,0,2,1,2,0
1560,motion,motion,no motion,motion,motion,no motion,0,0,0,0,0,0,0,1,0,0,5,2,1,0,device detected,device detected,device detected,no device,device detected,no device,"('r22', 3)","('r14', 1)",14:30:15,2,2,1,1,0,0,2,1,0,2,1,0,1,1,4,0,2,3,2,1,6,3,5,0,0,1,0,0,0,1,0,2,0,2,0,2,0
1561,motion,motion,no motion,motion,motion,motion,0,1,1,0,0,1,0,0,0,0,5,2,2,0,no device,device detected,device detected,no device,device detected,no device,"('r14', 1)","('r14', 1)",14:30:30,2,2,1,1,0,0,2,1,0,2,1,0,1,1,4,1,2,4,2,2,6,3,5,0,0,0,0,0,0,1,0,2,0,2,0,0,0
1562,motion,motion,no motion,motion,motion,motion,0,0,0,0,0,1,0,0,0,0,6,1,1,0,no device,no device,device detected,no device,device detected,no device,"('c1', 0)","('c1', 0)",14:30:45,3,1,1,1,0,0,2,1,0,2,1,0,1,1,4,1,2,3,2,1,6,1,6,0,0,0,0,1,0,1,0,2,0,1,0,1,2
1563,motion,motion,no motion,motion,motion,motion,0,1,0,0,0,0,0,0,0,1,6,1,2,0,no device,device detected,no device,no device,device detected,no device,"('r14', 1)","('r14', 1)",14:31:00,3,1,1,1,0,0,2,1,0,2,1,0,1,1,4,2,2,3,1,2,6,1,6,0,0,0,0,0,0,1,0,2,0,1,1,0,2
1564,motion,motion,no motion,motion,no motion,motion,0,0,0,0,0,0,1,0,0,0,6,1,1,0,no device,device detected,no device,no device,device detected,no device,"('c1', 0)","('r6', 0)",14:31:15,3,1,1,1,0,0,2,1,0,2,1,0,1,0,4,2,2,3,1,1,6,2,7,0,0,0,0,0,0,1,0,2,0,1,0,1,2
1565,motion,motion,no motion,motion,motion,no motion,0,1,0,0,1,0,0,0,0,0,7,1,1,0,no device,device detected,device detected,no device,no device,device detected,"('r14', 1)","('r6', 0)",14:31:30,3,1,1,1,0,0,3,1,0,2,1,0,1,1,4,1,1,3,1,1,6,0,7,0,0,0,0,0,0,1,0,2,0,1,0,2,3
1566,motion,motion,no motion,motion,motion,no motion,0,0,0,0,0,0,0,0,0,0,7,1,1,0,no device,device detected,device detected,device detected,device detected,no device,"('c1', 0)","('r4', 1)",14:31:45,3,1,1,1,0,1,3,1,0,3,1,0,1,0,4,1,1,3,1,1,6,2,7,0,0,0,0,0,0,1,0,2,0,1,0,1,1
1567,motion,motion,no motion,motion,no motion,no motion,0,0,0,0,0,0,0,0,0,0,7,1,1,0,no device,device detected,device detected,no device,device detected,no device,"('r27', 0)","('r4', 1)",14:32:00,3,1,1,1,0,1,3,1,0,4,1,0,1,0,3,1,1,3,1,1,6,2,7,0,0,0,0,0,0,1,0,2,0,1,0,1,1
1568,motion,motion,no motion,motion,no motion,motion,0,0,0,0,0,0,0,0,0,0,6,1,2,0,no device,device detected,device detected,no device,device detected,no device,"('r32', 2)","('r6', 0)",14:32:15,3,1,1,1,0,0,3,1,0,4,1,0,1,1,3,1,1,3,1,2,6,2,6,0,0,0,0,0,0,1,0,2,0,1,0,1,1
1569,motion,motion,motion,motion,motion,no motion,0,0,0,0,0,0,0,0,0,0,6,1,2,0,no device,device detected,device detected,no device,device detected,no device,"('r27', 0)","('r4', 1)",14:32:30,3,1,1,1,0,0,3,1,0,4,1,0,1,1,3,1,1,3,1,2,6,3,6,0,0,0,0,0,0,1,0,2,0,1,0,1,0
1570,motion,motion,no motion,motion,motion,no motion,0,0,0,0,0,0,0,0,0,0,7,1,1,0,no device,device detected,device detected,no device,no device,no device,"('c1', 0)","('r6', 0)",14:32:45,3,1,1,1,0,0,3,1,0,3,1,0,1,1,4,1,1,3,1,1,6,3,7,0,0,0,0,0,0,1,0,2,0,1,0,1,0
1571,motion,motion,no motion,motion,motion,no motion,0,0,0,0,0,2,0,0,0,0,7,1,1,1,no device,device detected,device detected,no device,device detected,no device,"('c1', 0)","('r6', 0)",14:33:00,3,1,1,1,0,0,3,1,0,3,1,0,1,1,3,1,1,4,1,1,5,3,7,0,0,0,1,0,0,1,0,2,0,1,0,1,0
1572,motion,motion,no motion,motion,motion,no motion,0,0,0,0,0,0,0,0,0,0,7,1,1,0,no device,device detected,device detected,no device,device detected,no device,"('r28', 0)","('r14', 1)",14:33:15,3,1,1,1,0,0,3,1,0,3,1,0,1,1,3,1,1,4,1,1,5,3,7,0,0,1,0,0,0,1,0,2,0,1,0,1,0
1573,motion,no motion,no motion,motion,motion,no motion,0,0,0,0,0,0,0,0,0,0,6,1,1,1,no device,device detected,device detected,no device,device detected,no device,"('r28', 0)","('c1', 0)",14:33:30,3,1,1,1,0,0,3,1,0,4,1,0,1,3,3,1,1,4,1,1,4,1,7,0,0,0,1,0,0,2,0,2,0,1,0,0,0
1574,motion,motion,motion,motion,motion,no motion,0,0,0,0,1,0,0,1,2,0,7,1,1,0,no device,device detected,device detected,no device,no device,no device,"('r24', 0)","('c1', 3)",14:33:45,3,1,1,1,0,0,3,1,0,4,1,0,1,1,3,1,0,4,1,1,4,1,7,0,0,0,0,0,0,2,0,2,0,1,3,1,0
1575,motion,motion,no motion,motion,motion,no motion,0,0,0,0,0,0,2,1,0,0,7,1,1,1,no device,device detected,no device,device detected,device detected,no device,"('r24', 0)","('r14', 1)",14:34:00,3,1,1,0,0,1,3,2,0,4,1,0,1,1,3,1,0,4,1,1,4,1,7,0,0,1,1,0,0,1,0,2,0,1,0,2,0
1576,motion,motion,no motion,motion,motion,no motion,0,0,0,1,0,0,0,0,0,0,8,1,0,1,no device,device detected,device detected,no device,no device,no device,"('r24', 0)","('r6', 0)",14:34:15,2,1,2,0,0,0,5,2,0,4,1,0,1,3,3,1,0,4,1,0,4,0,8,0,0,1,1,0,0,1,0,2,0,1,0,0,0
1577,motion,motion,no motion,motion,motion,no motion,0,0,1,0,0,0,0,1,1,0,8,1,1,0,no device,device detected,device detected,no device,no device,no device,"('r22', 0)","('r6', 0)",14:34:30,2,1,2,0,0,0,5,2,0,3,1,0,1,2,3,1,0,4,1,1,4,0,8,0,0,0,0,0,0,1,0,2,0,1,2,1,0
1578,motion,motion,motion,motion,motion,no motion,0,0,0,0,0,2,1,1,0,0,8,1,1,0,no device,device detected,device detected,no device,device detected,no device,"('r24', 0)","('r14', 1)",14:34:45,2,1,2,0,0,0,5,2,0,3,1,0,1,1,3,1,0,4,1,1,5,1,8,0,0,0,0,0,0,1,0,2,0,1,0,2,0
1579,motion,motion,no motion,motion,motion,no motion,0,0,0,0,1,0,0,0,0,0,8,1,1,0,device detected,device detected,device detected,no device,device detected,device detected,"('r28', 0)","('r14', 1)",14:35:00,2,1,2,0,0,0,5,1,0,3,1,0,1,1,3,1,1,4,1,1,5,1,8,0,0,0,0,0,0,1,0,2,0,1,0,2,0
1580,motion,motion,no motion,motion,motion,no motion,0,0,0,0,0,0,0,0,0,0,8,1,1,0,no device,device detected,device detected,no device,device detected,no device,"('c1', 0)","('r22', 1)",14:35:15,2,1,2,0,0,0,6,1,0,4,1,0,1,1,3,1,1,4,1,1,5,1,8,0,0,0,0,0,0,1,0,2,0,1,0,0,0
1581,motion,no motion,no motion,motion,motion,no motion,0,0,0,1,0,0,0,0,0,0,7,1,2,0,no device,device detected,no device,device detected,device detected,no device,"('c1', 0)","('outside', 0)",14:35:30,1,1,3,0,0,1,6,1,0,4,1,0,1,0,3,1,1,4,1,2,5,1,7,0,0,0,0,0,0,1,0,2,0,1,0,0,0
1582,motion,no motion,no motion,motion,motion,no motion,0,0,0,0,1,0,0,0,0,0,7,1,2,0,no device,device detected,device detected,device detected,device detected,no device,"('c1', 0)","('outside', 0)",14:35:45,1,1,2,0,0,1,5,0,0,4,1,1,1,0,2,1,0,4,1,2,5,1,7,0,0,0,0,0,0,1,0,2,0,1,0,4,0
1583,motion,motion,no motion,motion,motion,no motion,0,0,0,0,0,0,0,0,0,0,7,1,2,0,device detected,device detected,device detected,device detected,device detected,no device,"('r27', 0)","('r22', 1)",14:36:00,1,1,2,0,0,1,4,0,1,5,1,0,2,0,2,1,0,4,1,2,5,1,7,0,0,0,0,0,0,1,0,2,0,1,0,3,0
1584,motion,motion,motion,motion,no motion,motion,0,0,0,0,0,0,1,0,0,0,7,1,2,0,no device,no device,device detected,device detected,device detected,no device,"('r21', 5)","('r22', 1)",14:36:15,1,1,2,0,0,1,4,0,0,5,1,1,2,0,2,1,0,4,1,2,5,1,7,0,0,0,0,0,0,1,0,2,0,1,1,2,0
1585,motion,no motion,no motion,motion,motion,motion,0,0,0,0,0,0,0,0,0,1,7,1,2,0,no device,device detected,device detected,device detected,device detected,no device,"('r21', 5)","('r14', 0)",14:36:30,1,1,3,0,0,1,4,0,0,5,1,0,2,0,3,1,0,4,1,2,5,1,7,0,0,0,0,1,0,1,0,2,1,0,0,1,0
1586,motion,motion,no motion,motion,motion,no motion,0,0,0,1,0,0,0,0,0,0,7,1,1,0,no device,device detected,device detected,device detected,no device,no device,"('r21', 5)","('c1', 0)",14:36:45,2,1,2,0,0,1,4,0,0,5,1,0,1,1,3,1,0,4,1,2,5,0,7,0,0,0,0,0,0,1,0,2,1,1,0,2,0
1587,motion,motion,motion,motion,motion,motion,0,0,0,0,0,0,0,0,1,0,6,1,3,0,no device,device detected,device detected,no device,no device,no device,"('r21', 5)","('r14', 1)",14:37:00,2,1,2,0,0,0,4,1,0,6,1,0,1,1,2,1,0,4,1,3,5,0,6,0,0,0,0,1,0,1,0,2,1,0,1,1,0
1588,motion,motion,no motion,motion,no motion,motion,0,0,1,0,0,0,0,1,1,0,4,1,3,1,no device,device detected,device detected,no device,no device,no device,"('r27', 1)","('r6', 0)",14:37:15,2,1,2,0,0,0,4,1,0,7,1,0,1,0,2,1,0,4,1,3,5,0,5,0,0,1,1,1,0,1,0,2,1,0,1,0,0
1589,motion,motion,no motion,motion,motion,motion,0,0,0,0,0,0,1,0,0,1,6,1,1,1,no device,device detected,device detected,no device,no device,no device,"('r21', 5)","('r4', 0)",14:37:30,2,1,2,0,0,0,4,0,0,7,1,0,1,0,2,1,0,4,1,1,5,0,7,0,0,1,1,2,0,1,0,2,1,0,1,0,0
1590,no motion,motion,no motion,motion,no motion,motion,0,0,0,0,0,0,0,0,0,1,7,1,1,1,no device,device detected,device detected,no device,device detected,no device,"('r21', 5)","('r6', 0)",14:37:45,2,1,2,0,0,0,4,0,0,7,1,0,1,0,2,1,0,4,1,1,5,0,7,0,0,0,1,2,0,2,0,2,0,2,0,0,0
1591,motion,motion,no motion,motion,no motion,motion,0,0,0,0,0,0,0,1,0,0,7,1,1,0,no device,device detected,device detected,no device,no device,no device,"('r27', 0)","('r14', 0)",14:38:00,2,1,2,0,0,0,3,0,0,6,1,0,1,0,2,1,0,4,1,1,5,0,7,0,0,0,0,1,0,2,0,2,0,3,1,2,0
1592,motion,motion,no motion,motion,no motion,motion,0,0,0,0,0,1,1,0,0,0,7,1,1,0,no device,device detected,device detected,device detected,no device,no device,"('r21', 5)","('c1', 0)",14:38:15,2,1,2,0,0,0,3,0,0,6,1,0,1,0,2,1,0,3,1,1,5,0,7,0,0,0,0,1,0,2,0,2,1,2,0,4,0
1593,motion,motion,no motion,motion,no motion,motion,0,0,0,0,0,0,1,0,0,0,7,1,1,1,no device,device detected,device detected,no device,no device,no device,"('r27', 1)","('r14', 0)",14:38:30,2,1,2,0,0,0,2,1,0,7,1,0,1,0,2,1,0,3,1,1,4,0,7,0,0,0,1,1,0,2,0,2,0,3,1,2,0
1594,motion,motion,no motion,motion,motion,motion,0,0,0,0,0,0,0,1,1,0,7,1,1,0,no device,device detected,device detected,no device,no device,no device,"('r27', 0)","('r14', 1)",14:38:45,2,1,2,0,0,0,2,1,0,7,1,0,1,1,3,1,0,3,1,1,4,0,7,0,0,0,0,2,0,2,0,2,0,2,1,1,0
1595,motion,motion,no motion,motion,motion,motion,0,0,0,0,0,0,1,0,0,0,7,1,1,0,no device,device detected,device detected,device detected,no device,no device,"('r26', 0)","('r22', 0)",14:39:00,2,1,2,0,0,0,2,2,0,7,1,0,1,1,3,1,0,3,1,1,4,0,7,0,0,0,0,2,0,2,0,2,1,1,0,1,0
1596,motion,motion,no motion,motion,no motion,motion,0,0,0,0,0,1,0,0,0,0,6,1,1,0,no device,device detected,device detected,device detected,no device,no device,"('r27', 0)","('outside', 0)",14:39:15,2,1,2,0,0,0,2,2,1,7,1,0,1,1,3,1,0,2,1,1,4,0,7,0,0,0,0,2,0,2,0,2,1,1,0,1,0
1597,motion,motion,no motion,motion,motion,motion,0,0,0,0,0,0,0,0,0,1,7,1,1,1,no device,device detected,device detected,device detected,no device,no device,"('c1', 1)","('r22', 0)",14:39:30,2,1,2,0,0,0,2,2,2,7,1,0,1,1,3,1,0,2,1,1,4,0,7,0,0,0,1,1,0,1,0,2,1,1,1,0,0
1598,no motion,motion,no motion,motion,motion,motion,0,0,0,0,0,0,0,2,0,0,7,1,0,0,no device,device detected,device detected,no device,no device,no device,"('c1', 1)","('outside', 0)",14:39:45,2,1,2,0,0,0,2,2,2,6,1,0,1,1,3,1,0,2,1,1,5,0,7,0,0,0,0,1,0,1,0,2,1,1,1,1,0
1599,motion,motion,no motion,motion,motion,motion,0,0,0,0,0,1,0,0,0,1,7,1,1,0,no device,device detected,device detected,no device,no device,no device,"('c2', 5)","('r22', 0)",14:40:00,2,1,2,0,0,0,2,2,1,4,1,0,1,1,3,1,0,1,1,1,5,0,7,0,0,0,0,2,0,1,0,2,1,1,0,5,0
1600,motion,motion,no motion,motion,motion,motion,0,1,0,0,0,0,0,0,0,0,7,1,1,0,device detected,device detected,device detected,no device,no device,no device,"('r10', 4)","('outside', 0)",14:40:15,2,1,2,0,0,0,2,2,1,4,1,0,1,1,4,2,0,1,1,1,5,0,7,0,0,0,0,3,0,1,0,2,1,0,0,3,0
1601,motion,motion,motion,motion,motion,motion,0,0,0,0,0,0,0,0,0,0,7,1,1,0,no device,device detected,no device,no device,no device,no device,"('r10', 3)","('r22', 0)",14:40:30,2,1,2,0,0,0,2,2,1,3,1,0,1,1,3,2,0,1,1,1,5,0,7,0,0,0,0,2,0,1,0,2,1,1,0,5,0
1602,motion,no motion,motion,motion,motion,motion,0,0,0,0,2,0,0,0,0,0,7,1,2,0,no device,device detected,device detected,no device,no device,no device,"('r10', 2)","('r24', 0)",14:40:45,2,1,3,0,0,0,1,2,1,2,1,0,1,1,3,2,1,1,0,2,5,0,7,0,0,0,0,2,1,0,0,2,2,0,0,5,0
1603,motion,no motion,motion,motion,motion,motion,0,0,0,1,2,0,1,0,0,0,8,2,1,0,no device,device detected,no device,no device,no device,no device,"('c2', 3)","('r22', 0)",14:41:00,2,2,2,0,0,0,2,2,1,2,1,0,1,1,2,2,2,1,0,1,5,0,8,0,0,0,0,2,0,1,0,2,1,1,1,3,0
1604,motion,no motion,no motion,motion,motion,motion,0,1,0,0,0,0,0,1,0,0,8,1,1,1,no device,device detected,device detected,no device,no device,no device,"('r10', 2)","('outside', 0)",14:41:15,3,1,2,0,0,0,2,1,2,2,1,0,1,1,2,3,2,1,0,1,5,0,8,0,0,0,1,1,0,1,0,2,1,2,0,2,0
1605,motion,no motion,no motion,motion,motion,motion,0,1,0,0,0,0,0,0,0,0,8,0,1,0,no device,no device,device detected,no device,no device,no device,"('c2', 3)","('r22', 0)",14:41:30,4,0,2,0,0,0,2,1,2,2,1,0,1,1,2,2,2,1,0,1,6,0,8,0,0,0,0,2,0,1,0,2,1,1,0,3,0
1606,motion,no motion,no motion,motion,motion,motion,0,0,0,1,0,0,0,0,0,0,8,1,1,1,no device,device detected,device detected,no device,no device,no device,"('r10', 2)","('r14', 1)",14:41:45,4,1,1,0,0,0,2,1,2,2,1,0,2,1,2,2,2,1,0,1,5,0,8,0,0,0,1,2,0,1,0,2,2,0,0,2,0
1607,motion,no motion,no motion,motion,motion,motion,0,0,0,0,1,0,0,0,0,0,8,1,1,0,no device,device detected,device detected,no device,no device,no device,"('c2', 3)","('r22', 0)",14:42:00,4,1,1,0,0,0,2,1,2,2,1,0,2,1,2,2,1,1,0,1,6,0,8,0,0,0,0,2,0,1,0,2,2,0,0,3,0
1608,motion,no motion,no motion,motion,motion,no motion,0,0,0,0,0,0,0,0,0,0,8,0,1,1,no device,device detected,device detected,no device,no device,no device,"('r9', 3)","('outside', 0)",14:42:15,4,1,1,0,0,0,2,1,3,2,0,0,2,1,2,2,1,1,0,1,5,0,8,0,0,0,1,2,0,1,0,2,2,0,0,3,0
1609,motion,no motion,no motion,motion,motion,motion,0,0,0,0,0,0,0,0,0,0,8,1,1,0,no device,device detected,device detected,no device,no device,no device,"('r9', 3)","('outside', 0)",14:42:30,4,1,1,0,0,0,1,1,3,2,0,0,2,1,1,2,1,1,0,1,6,0,8,0,0,0,0,2,0,1,0,2,2,0,0,5,0
1610,motion,no motion,no motion,motion,no motion,motion,0,0,0,0,1,2,1,0,0,0,8,2,1,1,no device,device detected,device detected,no device,no device,no device,"('c2', 4)","('r22', 0)",14:42:45,3,2,1,0,0,0,2,1,3,1,0,0,2,1,1,2,0,2,0,1,5,0,8,0,0,0,1,2,0,1,1,1,2,0,1,4,0
1611,motion,no motion,no motion,motion,motion,motion,0,0,0,0,0,1,0,2,0,0,8,2,1,1,no device,device detected,device detected,no device,no device,no device,"('c2', 2)","('r14', 1)",14:43:00,3,2,1,0,0,0,3,1,3,1,0,0,2,1,1,2,0,3,0,1,5,0,8,0,0,0,1,2,0,1,1,1,0,2,1,2,0
1612,motion,no motion,no motion,no motion,motion,motion,0,0,0,0,0,1,1,0,0,0,5,2,4,0,no device,device detected,device detected,no device,no device,no device,"('r11', 0)","('r6', 0)",14:43:15,3,2,1,0,0,0,3,1,3,1,0,0,2,1,1,2,0,2,0,4,6,0,5,0,0,0,0,2,0,1,1,1,0,2,0,4,0
1613,motion,motion,no motion,motion,motion,motion,0,0,0,0,0,0,0,0,0,0,2,2,7,0,no device,device detected,device detected,no device,no device,no device,"('r11', 0)","('r5', 0)",14:43:30,3,2,1,0,0,0,3,1,3,1,0,0,2,1,1,2,0,2,0,7,6,0,2,0,0,0,0,2,0,1,1,1,0,2,0,4,0
1614,motion,no motion,motion,no motion,motion,motion,0,0,1,0,0,0,1,0,0,0,2,2,6,0,no device,device detected,no device,no device,no device,no device,"('r11', 0)","('r6', 0)",14:43:45,3,2,1,0,0,0,3,1,4,1,0,1,2,1,1,2,0,2,0,6,6,0,2,0,0,1,0,2,0,1,1,1,0,2,1,1,0
1615,motion,no motion,no motion,motion,motion,motion,0,0,0,0,0,0,0,1,0,0,2,2,6,2,no device,device detected,device detected,no device,no device,no device,"('c2', 1)","('r5', 0)",14:44:00,3,2,2,0,0,0,3,1,4,1,0,0,2,1,1,2,0,2,0,6,6,0,2,0,0,0,2,2,0,1,1,1,0,2,0,1,0
1616,motion,no motion,no motion,motion,motion,motion,0,0,0,1,0,0,0,0,0,0,2,2,6,0,no device,device detected,device detected,no device,no device,no device,"('r17', 0)","('r6', 0)",14:44:15,3,3,1,0,0,0,3,1,4,1,0,0,1,1,1,2,0,2,0,6,8,0,2,0,0,0,0,2,0,1,1,1,0,2,0,2,0
1617,motion,motion,no motion,motion,no motion,motion,0,0,0,0,0,0,0,0,0,0,2,3,5,0,no device,device detected,device detected,no device,no device,no device,"('c2', 1)","('r14', 1)",14:44:30,3,3,1,0,0,0,3,1,4,2,0,0,1,1,1,2,0,2,1,5,8,0,2,0,0,0,0,2,0,1,0,2,0,2,0,1,0
1618,motion,no motion,no motion,motion,motion,motion,0,0,0,1,0,0,0,0,0,0,2,3,5,0,no device,no device,device detected,no device,device detected,no device,"('r11', 0)","('r22', 0)",14:44:45,4,3,0,0,0,0,3,1,3,2,0,0,1,1,1,2,0,2,1,5,8,0,2,0,0,0,0,2,0,1,0,2,0,2,0,2,0
1619,motion,motion,no motion,motion,motion,motion,0,0,0,1,0,0,0,0,0,0,2,2,3,0,no device,device detected,device detected,no device,no device,no device,"('c2', 3)","('r22', 0)",14:45:00,4,2,1,0,0,0,3,0,3,2,0,0,1,1,1,2,0,2,2,4,8,0,2,0,0,0,0,2,0,1,0,2,0,2,0,3,0
1620,motion,motion,no motion,motion,motion,motion,0,0,0,0,0,0,1,0,0,0,3,2,2,1,no device,no device,no device,no device,no device,no device,"('r9', 3)","('r24', 0)",14:45:15,4,2,1,0,0,0,1,0,3,2,0,0,0,1,1,2,0,2,3,2,7,0,3,0,0,0,1,2,0,1,0,2,0,2,1,5,0
1621,motion,motion,motion,motion,motion,motion,0,0,0,0,0,0,0,2,0,0,3,1,1,1,no device,no device,device detected,device detected,no device,no device,"('c2', 5)","('r22', 0)",14:45:30,5,1,0,0,0,0,1,0,3,1,1,1,0,1,1,2,0,2,4,1,7,0,3,0,0,0,1,2,0,1,0,2,0,2,1,5,0
1622,motion,motion,no motion,motion,motion,motion,0,0,0,0,0,0,1,0,0,0,2,1,1,1,no device,no device,device detected,no device,no device,no device,"('r11', 1)","('outside', 0)",14:45:45,5,1,0,0,0,0,2,0,3,1,1,0,0,1,1,2,0,2,4,1,6,0,3,0,0,1,1,2,0,1,0,2,0,2,0,6,0
1623,motion,motion,motion,motion,motion,motion,0,0,0,0,0,0,1,0,0,0,3,1,1,1,device detected,no device,device detected,no device,no device,no device,"('c2', 5)","('r22', 0)",14:46:00,5,1,0,0,0,0,3,0,2,1,0,0,1,1,1,2,0,2,4,1,6,0,3,0,0,0,1,2,1,1,0,2,0,2,1,5,0
1624,motion,motion,no motion,no motion,motion,motion,0,1,0,0,0,0,0,1,0,1,3,0,1,2,no device,no device,device detected,no device,no device,no device,"('r17', 0)","('r14', 1)",14:46:15,5,1,0,0,0,0,3,0,4,1,0,0,1,1,1,3,0,2,4,1,6,0,3,0,0,0,2,3,0,2,0,0,0,2,1,2,0
1625,motion,motion,no motion,no motion,motion,motion,0,0,0,0,0,2,1,0,0,0,3,1,1,0,device detected,no device,device detected,no device,no device,no device,"('c2', 1)","('r22', 0)",14:46:30,5,1,0,0,0,0,3,0,4,1,0,0,1,1,1,3,0,4,4,1,7,0,3,0,0,2,0,2,0,1,0,0,0,3,0,1,0
1626,motion,motion,no motion,no motion,motion,motion,0,0,1,0,0,0,0,0,0,0,3,1,2,1,no device,no device,device detected,no device,no device,device detected,"('r18', 4)","('outside', 0)",14:46:45,5,1,0,0,0,0,3,0,4,1,0,0,0,1,1,3,0,4,4,2,7,0,3,0,0,0,1,2,0,1,0,0,0,3,0,2,0
1627,motion,motion,no motion,no motion,motion,motion,0,0,0,0,0,0,0,1,0,0,4,0,1,0,no device,no device,device detected,no device,no device,no device,"('c2', 1)","('r22', 0)",14:47:00,5,1,0,0,0,0,3,0,4,1,0,0,1,1,1,3,0,4,4,1,7,0,4,0,0,0,0,2,0,1,0,0,0,3,1,1,0
1628,motion,motion,no motion,no motion,no motion,motion,0,0,0,0,0,1,1,0,0,0,4,1,1,0,no device,no device,device detected,no device,no device,no device,"('r7', 3)","('r24', 0)",14:47:15,5,1,0,0,0,0,3,0,4,1,0,0,1,1,1,3,0,3,4,1,7,0,4,0,0,0,0,2,0,1,0,0,0,3,0,3,0
1629,motion,motion,no motion,no motion,motion,motion,0,0,0,0,1,1,0,0,0,0,4,0,1,0,no device,no device,device detected,no device,no device,no device,"('r7', 3)","('r24', 0)",14:47:30,6,0,0,0,0,0,3,0,3,1,0,0,1,1,1,3,1,4,4,1,7,0,4,0,0,0,0,2,0,1,0,0,0,3,0,2,0
1630,motion,motion,no motion,motion,motion,motion,0,0,0,0,0,2,0,0,0,0,4,0,1,0,no device,no device,device detected,no device,no device,no device,"('c2', 2)","('r28', 2)",14:47:45,6,0,0,0,0,0,3,0,3,2,0,0,0,1,1,3,1,4,4,1,7,0,4,0,0,0,0,2,0,1,0,0,0,3,0,2,0
1631,motion,motion,no motion,no motion,motion,motion,0,0,0,0,0,1,0,0,0,0,4,1,1,0,no device,no device,device detected,device detected,no device,no device,"('c2', 3)","('r28', 2)",14:48:00,5,1,0,0,0,0,3,0,3,2,0,0,0,1,1,3,1,3,4,1,6,0,4,0,0,0,1,2,0,1,0,0,0,3,0,3,0
1632,motion,motion,no motion,no motion,motion,motion,0,0,0,0,1,0,0,0,0,0,4,2,1,0,no device,no device,device detected,no device,no device,no device,"('r7', 3)","('r24', 0)",14:48:15,4,2,0,0,0,0,3,0,3,2,0,1,0,1,1,3,2,3,4,1,7,0,4,0,0,0,0,1,0,1,0,0,0,4,0,1,0
1633,motion,motion,motion,no motion,motion,motion,0,0,0,0,1,0,0,0,0,0,4,2,1,0,no device,no device,no device,no device,no device,no device,"('c2', 2)","('r22', 0)",14:48:30,4,2,0,0,0,0,2,0,3,2,1,1,0,1,1,3,1,3,4,1,7,0,4,0,0,0,0,1,0,1,0,0,0,4,0,2,0
1634,motion,motion,no motion,no motion,motion,motion,0,0,0,0,0,0,0,0,0,0,4,2,1,0,no device,no device,device detected,no device,no device,device detected,"('r11', 1)","('r24', 0)",14:48:45,4,2,0,0,0,0,2,0,2,2,1,1,0,1,1,3,1,3,4,1,7,0,4,0,0,0,0,2,0,1,0,0,0,3,0,3,0
1635,motion,motion,no motion,no motion,motion,motion,0,0,0,0,0,0,0,0,0,1,2,2,1,0,no device,no device,device detected,no device,no device,no device,"('r11', 1)","('r24', 0)",14:49:00,4,2,0,0,0,0,2,0,2,2,1,0,0,1,1,3,1,3,5,1,7,0,3,0,0,0,0,1,0,1,0,0,0,3,1,4,0
1636,motion,motion,motion,motion,motion,motion,0,1,0,0,0,1,0,0,0,1,3,2,0,0,no device,no device,device detected,no device,no device,no device,"('c2', 1)","('r22', 0)",14:49:15,4,2,0,0,0,0,3,0,2,2,1,0,0,1,1,4,1,4,6,0,7,0,3,0,0,0,0,2,0,1,0,0,0,1,2,1,0
1637,motion,motion,no motion,motion,motion,motion,0,0,0,0,0,0,0,1,1,0,3,2,1,2,no device,no device,device detected,no device,no device,no device,"('r16', 4)","('r24', 0)",14:49:30,4,2,0,0,0,0,3,0,2,3,1,0,0,2,1,4,1,4,5,1,6,0,3,0,0,0,2,2,0,1,0,0,0,1,0,0,0
1638,motion,motion,no motion,no motion,motion,motion,0,0,1,0,0,0,0,1,0,0,3,2,0,1,no device,no device,device detected,no device,no device,no device,"('r16', 4)","('r24', 0)",14:49:45,4,2,0,0,0,0,2,0,2,2,1,0,0,2,1,4,1,4,5,0,5,0,3,0,0,1,2,2,0,1,0,0,0,1,1,2,0
1639,motion,motion,no motion,no motion,motion,motion,0,2,0,0,0,1,3,1,0,0,3,2,0,2,no device,no device,device detected,no device,no device,no device,"('r16', 2)","('r24', 0)",14:50:00,4,2,0,0,0,0,1,0,2,2,1,0,0,2,1,2,1,3,5,0,5,0,3,0,0,0,2,2,0,1,0,0,0,1,3,5,0
1640,motion,motion,no motion,motion,motion,motion,0,0,0,0,0,0,2,3,1,1,3,2,0,3,no device,device detected,device detected,no device,no device,no device,"('r16', 2)","('r22', 0)",14:50:15,4,2,0,0,0,0,1,0,3,4,1,0,0,3,1,2,1,3,5,0,5,0,3,0,0,0,3,1,0,1,0,0,0,1,4,0,0
1641,motion,motion,no motion,motion,motion,motion,0,0,0,0,0,0,0,2,1,1,3,2,0,3,no device,no device,device detected,device detected,no device,no device,"('c2', 1)","('outside', 0)",14:50:30,4,2,0,0,0,1,1,0,3,4,0,0,0,3,1,2,1,3,5,0,6,0,3,0,0,1,3,2,0,1,0,0,0,1,0,1,0
1642,motion,motion,no motion,motion,motion,motion,0,0,0,0,0,0,0,0,0,0,3,2,0,1,no device,no device,no device,no device,no device,no device,"('c2', 1)","('r22', 0)",14:50:45,4,2,0,0,0,1,1,0,3,4,0,0,0,3,1,2,1,3,5,0,6,0,3,0,1,1,1,2,0,1,0,1,0,1,0,1,0
1643,motion,motion,no motion,motion,motion,motion,0,0,1,0,0,0,0,0,0,0,3,2,1,0,device detected,no device,device detected,device detected,no device,device detected,"('r8', 0)","('outside', 0)",14:51:00,4,2,0,0,0,1,1,0,2,4,0,0,0,3,1,2,1,3,5,1,6,0,3,1,1,0,1,1,0,1,0,1,0,1,0,2,0
1644,motion,motion,no motion,motion,motion,motion,0,0,0,0,0,0,0,0,0,0,4,2,0,1,device detected,no device,device detected,device detected,device detected,no device,"('c2', 1)","('r22', 1)",14:51:15,4,2,0,0,0,1,1,0,2,5,0,0,0,3,1,2,1,3,5,0,6,1,4,0,1,0,1,1,0,1,0,1,0,1,0,1,0
1645,motion,motion,no motion,motion,motion,motion,0,0,0,0,1,0,0,0,0,0,4,3,0,1,device detected,no device,device detected,device detected,no device,no device,"('r17', 0)","('r22', 1)",14:51:30,3,3,0,0,0,1,1,0,2,4,0,0,0,3,1,2,0,3,5,0,6,1,4,0,1,0,1,1,0,1,0,1,0,1,0,3,0
1646,motion,motion,no motion,motion,motion,motion,0,0,0,0,0,0,2,1,0,0,4,3,0,2,device detected,no device,no device,device detected,device detected,device detected,"('r17', 0)","('r14', 3)",14:51:45,3,3,0,0,0,1,1,0,2,4,0,0,0,3,1,2,0,3,5,0,6,1,4,0,1,0,2,1,0,1,0,1,1,0,1,1,0
1647,motion,motion,motion,motion,motion,motion,0,0,0,0,0,0,0,0,0,1,4,3,0,1,device detected,device detected,device detected,device detected,no device,no device,"('c2', 2)","('r22', 0)",14:52:00,3,3,0,0,0,1,1,0,1,4,0,0,0,4,1,2,0,3,5,0,6,0,4,0,1,1,1,2,0,1,0,1,1,0,0,2,0
1648,motion,motion,no motion,no motion,motion,motion,0,0,1,0,0,0,0,0,1,0,4,3,1,1,no device,no device,device detected,device detected,no device,no device,"('r18', 3)","('r14', 3)",14:52:15,3,3,0,0,0,1,1,0,0,4,0,0,0,3,1,2,0,3,5,1,6,0,4,0,1,0,1,2,0,1,0,1,1,0,1,3,0
1649,motion,motion,motion,motion,motion,motion,0,0,0,0,0,3,0,1,0,0,4,3,0,2,device detected,no device,device detected,no device,no device,no device,"('r18', 4)","('r22', 0)",14:52:30,3,3,0,0,0,1,1,0,0,4,0,1,0,3,1,2,0,4,6,0,6,0,4,0,1,0,2,2,0,1,0,1,1,0,0,1,0
1650,motion,motion,no motion,motion,motion,motion,0,1,0,0,0,1,0,0,0,0,4,2,1,1,device detected,device detected,device detected,device detected,device detected,no device,"('r18', 3)","('r24', 0)",14:52:45,4,2,1,0,0,1,1,0,0,3,0,0,0,2,1,3,0,3,5,1,7,1,4,0,1,0,1,2,0,1,0,1,1,0,0,2,0
1651,motion,motion,no motion,motion,motion,motion,0,0,0,2,1,0,0,0,0,1,4,3,2,1,device detected,no device,device detected,device detected,no device,no device,"('c2', 1)","('r24', 0)",14:53:00,4,3,0,0,0,1,1,0,0,3,0,0,0,2,1,3,1,3,4,2,7,1,4,0,1,0,1,1,0,1,0,1,0,1,1,1,0
1652,motion,motion,no motion,motion,motion,motion,0,0,0,0,0,1,0,1,0,0,3,2,4,1,no device,no device,device detected,device detected,device detected,no device,"('r11', 0)","('r24', 0)",14:53:15,5,2,0,0,0,2,1,0,0,3,0,0,0,1,1,3,1,4,3,4,7,1,3,0,1,0,1,1,0,1,0,2,0,1,0,0,0
1653,motion,motion,no motion,motion,motion,motion,0,0,1,0,0,0,1,1,0,0,1,2,5,0,device detected,no device,device detected,no device,no device,no device,"('r11', 0)","('r22', 0)",14:53:30,5,2,0,0,0,2,0,0,0,3,0,0,0,2,0,3,1,4,3,5,7,0,1,0,1,1,0,1,0,1,0,2,0,1,2,1,0
1654,motion,motion,no motion,motion,motion,motion,0,0,0,0,0,0,1,0,1,0,1,2,5,2,device detected,device detected,device detected,device detected,no device,no device,"('c2', 1)","('outside', 0)",14:53:45,5,2,0,0,0,2,0,0,0,4,0,0,0,3,0,3,1,4,3,5,6,0,1,0,1,0,2,1,0,1,0,2,0,1,0,1,0
1655,motion,motion,no motion,motion,motion,motion,0,2,0,1,0,1,0,1,1,0,1,0,5,0,device detected,device detected,device detected,device detected,no device,no device,"('c1', 2)","('r22', 0)",14:54:00,5,1,1,0,0,2,0,0,0,4,0,0,1,2,0,1,1,3,3,5,6,0,1,0,1,0,0,1,0,1,0,3,0,1,2,3,0
1656,motion,motion,no motion,motion,motion,motion,0,0,0,0,0,2,0,1,1,0,1,1,5,2,device detected,no device,device detected,device detected,no device,no device,"('r27', 2)","('outside', 0)",14:54:15,5,1,0,0,0,2,0,0,1,4,0,1,1,3,0,1,1,5,3,5,5,0,1,0,1,0,2,1,0,1,0,3,0,1,0,0,0
1657,motion,motion,no motion,motion,motion,motion,0,0,0,0,0,0,0,1,0,0,1,1,5,0,device detected,no device,device detected,device detected,no device,no device,"('r32', 3)","('r22', 0)",14:54:30,5,1,0,0,0,2,0,0,1,3,0,0,1,3,0,1,1,5,3,5,5,0,1,0,1,1,0,1,0,1,0,3,0,1,1,2,0
1658,motion,motion,no motion,motion,motion,motion,0,0,1,0,0,0,1,0,0,0,1,1,6,0,device detected,no device,device detected,no device,no device,no device,"('r27', 0)","('outside', 0)",14:54:45,5,1,0,1,0,2,1,0,1,2,0,0,1,2,0,1,1,5,3,6,5,0,1,0,1,0,0,1,0,1,0,3,0,1,0,3,0
1659,motion,motion,motion,motion,motion,motion,0,0,0,0,0,0,0,0,0,0,2,1,5,0,no device,no device,device detected,device detected,no device,no device,"('r32', 3)","('r22', 0)",14:55:00,5,1,0,0,0,2,1,0,1,2,0,0,1,3,0,1,1,5,3,5,5,0,2,0,1,0,0,1,0,1,0,3,0,1,0,3,0
1660,motion,motion,no motion,motion,motion,motion,0,1,0,0,0,1,0,0,0,0,2,1,5,0,device detected,no device,device detected,device detected,device detected,no device,"('r31', 0)","('outside', 0)",14:55:15,5,1,0,0,0,2,1,0,1,2,0,0,1,2,0,2,1,4,3,5,5,1,2,0,1,0,0,1,0,1,0,3,0,1,0,3,0
1661,motion,motion,no motion,motion,motion,motion,0,0,0,0,0,1,0,0,0,0,2,1,4,1,device detected,no device,device detected,device detected,device detected,no device,"('r31', 0)","('r22', 1)",14:55:30,5,1,0,0,0,2,1,0,1,2,0,0,1,2,0,2,1,3,3,5,4,1,2,0,1,0,1,1,0,1,0,3,0,1,0,4,0
1662,motion,motion,no motion,motion,motion,no motion,0,1,0,0,0,0,1,1,0,0,2,1,5,0,device detected,no device,device detected,no device,device detected,no device,"('r32', 3)","('r24', 0)",14:55:45,5,1,0,0,0,2,1,0,1,2,0,0,1,2,0,1,1,3,3,5,4,1,2,0,1,0,0,1,0,1,0,3,0,1,2,4,0
1663,motion,motion,no motion,motion,motion,motion,0,0,0,0,0,1,0,0,0,0,2,1,6,0,device detected,no device,device detected,device detected,device detected,no device,"('r32', 2)","('r22', 1)",14:56:00,5,1,0,0,0,2,1,1,1,2,0,0,1,2,0,1,1,4,2,6,4,1,2,0,1,0,0,1,0,1,1,2,0,1,2,2,0
1664,motion,motion,no motion,motion,motion,motion,0,0,0,0,0,0,0,0,1,1,2,1,7,0,device detected,no device,device detected,device detected,device detected,no device,"('r31', 1)","('outside', 0)",14:56:15,5,1,0,0,0,2,1,1,1,2,0,0,1,1,0,1,1,4,1,7,4,1,2,0,1,0,0,2,0,1,1,2,0,1,2,2,0
1665,motion,motion,no motion,motion,motion,motion,0,0,1,0,0,0,0,0,0,1,3,1,6,0,device detected,no device,device detected,device detected,device detected,no device,"('r32', 3)","('r22', 1)",14:56:30,5,1,0,0,0,2,2,1,1,1,0,0,1,1,1,1,1,4,0,6,4,1,3,0,1,1,0,2,0,1,0,3,0,2,1,1,0
1666,motion,motion,no motion,motion,no motion,motion,0,0,0,0,0,0,0,0,0,0,3,1,6,2,device detected,no device,device detected,device detected,device detected,no device,"('r31', 0)","('r22', 1)",14:56:45,5,1,0,0,0,2,2,0,1,1,0,0,1,1,1,1,1,4,0,6,4,1,3,0,1,0,2,2,0,1,0,2,0,2,1,2,0
1667,motion,no motion,no motion,motion,motion,motion,0,1,0,0,0,1,1,1,0,0,3,1,6,2,device detected,no device,device detected,device detected,device detected,no device,"('r32', 2)","('outside', 0)",14:57:00,5,1,0,0,0,2,2,0,1,1,0,0,1,1,1,2,1,5,0,6,3,1,3,0,1,0,2,2,0,1,0,2,0,2,1,1,0
1668,motion,motion,no motion,motion,motion,motion,0,0,0,0,0,0,1,0,0,0,3,2,6,0,device detected,no device,device detected,device detected,device detected,no device,"('r32', 4)","('r22', 1)",14:57:15,4,2,0,0,0,2,2,0,1,1,0,0,1,1,1,2,1,5,0,6,3,1,3,0,1,0,0,2,0,1,0,4,0,2,0,2,0
1669,motion,no motion,no motion,motion,motion,motion,0,0,0,1,0,0,0,0,0,0,5,1,4,1,no device,device detected,device detected,device detected,device detected,no device,"('r31', 0)","('r24', 0)",14:57:30,4,1,1,0,0,2,2,0,2,1,0,0,1,2,1,2,1,5,0,4,2,0,5,0,1,0,1,2,0,1,0,4,0,2,0,1,0
1670,motion,no motion,motion,motion,motion,motion,0,0,0,0,0,0,0,0,0,0,6,1,3,1,device detected,no device,device detected,device detected,no device,no device,"('r31', 0)","('r24', 0)",14:57:45,4,1,0,0,0,2,2,0,1,1,0,0,1,2,1,2,1,5,0,3,2,0,6,0,1,0,1,2,0,1,0,4,0,2,0,3,0
1671,motion,no motion,no motion,motion,motion,motion,0,0,0,0,0,0,1,0,0,0,6,1,3,1,device detected,no device,device detected,device detected,no device,no device,"('r32', 3)","('r22', 0)",14:58:00,4,1,0,0,0,2,2,0,1,1,0,0,1,2,1,2,1,5,0,3,3,0,6,0,1,0,1,2,0,1,0,3,0,2,1,2,0
1672,motion,no motion,no motion,motion,motion,motion,0,0,0,0,0,0,0,1,0,1,7,1,2,1,device detected,no device,device detected,device detected,no device,no device,"('r27', 1)","('r14', 2)",14:58:15,4,1,0,0,0,2,2,0,2,1,0,0,1,2,1,2,1,5,0,2,3,0,7,0,1,0,1,1,0,1,0,4,0,2,1,1,0
1673,motion,no motion,no motion,motion,motion,motion,0,0,0,0,0,0,0,1,0,0,7,1,2,1,device detected,no device,device detected,device detected,no device,no device,"('r26', 0)","('r14', 2)",14:58:30,4,1,0,0,0,2,2,0,2,1,0,0,1,2,1,2,1,5,0,2,3,0,7,0,1,0,1,1,0,1,0,5,0,2,0,1,0
1674,motion,motion,motion,motion,motion,motion,0,1,0,0,1,1,1,0,0,0,7,1,1,1,device detected,device detected,device detected,device detected,no device,no device,"('r27', 1)","('r22', 0)",14:58:45,4,1,0,0,0,1,2,0,2,1,0,0,1,3,1,1,0,4,1,1,3,0,7,0,1,0,1,1,0,1,0,5,0,2,1,3,0
1675,motion,motion,motion,motion,motion,motion,0,0,0,0,0,0,1,1,0,0,7,1,1,2,device detected,no device,device detected,device detected,no device,no device,"('r21', 3)","('r22', 0)",14:59:00,4,1,0,0,0,1,2,0,2,2,0,0,1,3,1,1,0,4,1,1,3,0,7,0,1,0,2,1,0,1,0,5,0,2,1,1,0
1676,motion,motion,no motion,motion,motion,motion,0,0,0,0,0,0,0,0,0,0,7,1,1,0,device detected,no device,device detected,device detected,no device,no device,"('r21', 4)","('outside', 0)",14:59:15,4,1,0,0,0,1,3,0,2,2,0,0,1,3,1,1,0,4,1,1,4,0,7,0,1,1,0,1,0,1,0,5,0,2,1,0,0
1677,motion,motion,no motion,motion,motion,motion,0,0,2,0,0,0,0,1,0,0,7,1,2,1,device detected,no device,device detected,device detected,no device,no device,"('r27', 1)","('r22', 0)",14:59:30,4,1,0,0,0,2,2,0,2,2,0,0,1,2,1,1,0,4,1,2,4,0,7,0,1,0,1,1,0,1,0,5,0,2,0,1,0
1678,motion,motion,motion,motion,motion,motion,0,0,0,0,0,0,0,0,0,0,8,1,0,1,device detected,no device,device detected,device detected,no device,no device,"('r27', 1)","('r24', 0)",14:59:45,4,1,0,0,0,2,2,0,2,2,0,0,1,2,1,1,0,4,2,0,3,0,8,0,1,1,1,2,0,1,0,5,0,1,0,1,0
1679,motion,motion,no motion,motion,motion,motion,0,0,1,0,0,1,0,1,0,1,8,1,1,0,device detected,no device,device detected,device detected,no device,no device,"('r27', 0)","('r22', 0)",15:00:00,4,1,0,0,1,1,2,0,2,2,0,0,1,2,1,1,0,3,2,1,3,0,8,0,1,0,0,1,0,1,0,5,0,1,2,2,0
1680,motion,motion,no motion,motion,motion,motion,0,0,0,0,0,1,1,1,0,0,8,1,1,1,device detected,no device,device detected,device detected,no device,no device,"('r26', 0)","('r14', 2)",15:00:15,4,1,0,0,0,2,2,0,2,2,0,0,1,2,1,1,0,2,2,1,3,0,8,0,1,0,2,1,0,1,0,4,1,0,0,4,0
1681,motion,motion,no motion,motion,motion,no motion,0,0,1,0,0,1,0,0,0,0,8,1,0,1,device detected,no device,device detected,device detected,no device,no device,"('r25', 1)","('c1', 0)",15:00:30,4,1,0,0,0,2,2,0,3,2,0,0,1,2,1,1,0,3,2,0,3,0,8,0,1,1,1,1,0,1,0,5,1,0,0,2,0
1682,motion,motion,motion,motion,motion,motion,0,0,0,0,0,1,0,0,0,0,8,1,0,2,device detected,no device,device detected,device detected,no device,no device,"('r26', 0)","('c2', 3)",15:00:45,4,1,0,0,0,2,2,0,3,2,0,0,1,2,1,1,0,2,2,0,3,0,8,0,1,0,2,1,0,1,1,4,1,0,0,3,0
1683,motion,motion,no motion,motion,motion,motion,0,0,0,0,0,0,1,0,0,0,8,1,0,1,device detected,no device,device detected,device detected,device detected,no device,"('r27', 1)","('r9', 3)",15:01:00,4,1,0,0,0,1,2,0,3,2,0,0,1,3,1,1,0,2,2,0,4,0,8,0,1,0,1,1,0,1,1,4,1,0,1,2,0
1684,motion,motion,no motion,motion,motion,motion,0,0,0,0,0,0,0,0,1,0,8,1,0,1,device detected,no device,device detected,device detected,no device,no device,"('r27', 1)","('c2', 3)",15:01:15,4,1,0,0,0,1,1,0,3,2,0,0,1,4,1,1,0,2,2,0,4,0,8,0,1,0,1,1,0,1,1,4,0,1,0,3,0
1685,motion,motion,no motion,motion,motion,motion,0,0,0,0,0,0,2,0,0,0,8,1,0,0,device detected,no device,device detected,no device,no device,no device,"('c1', 2)","('c2', 1)",15:01:30,4,1,0,0,0,0,1,0,3,2,0,0,1,5,1,1,0,2,2,0,5,0,8,0,1,0,0,2,0,1,1,4,0,0,2,1,0
1686,motion,motion,no motion,motion,motion,motion,0,0,0,0,0,0,1,1,0,1,8,1,0,2,device detected,no device,device detected,no device,device detected,no device,"('r28', 1)","('r10', 2)",15:01:45,4,1,0,0,0,0,1,0,3,2,0,0,1,4,1,1,0,2,2,0,4,1,8,0,1,0,2,1,0,1,1,4,0,0,1,2,0
1687,motion,motion,no motion,motion,motion,motion,0,0,0,0,0,0,1,2,1,0,8,1,0,1,device detected,no device,device detected,no device,no device,no device,"('r24', 0)","('r10', 2)",15:02:00,4,1,0,0,0,0,1,0,3,2,0,0,2,4,1,1,0,2,2,0,5,0,8,0,1,0,1,1,0,1,1,4,0,0,1,2,0
1688,motion,motion,no motion,motion,motion,motion,0,0,0,0,0,0,0,1,0,0,8,1,0,1,device detected,no device,device detected,no device,no device,device detected,"('r22', 0)","('r10', 3)",15:02:15,4,1,0,0,0,0,1,0,3,3,0,0,1,4,0,1,0,2,2,0,5,0,8,0,1,1,1,1,0,1,1,4,0,0,0,3,0
1689,motion,motion,no motion,motion,motion,motion,0,0,1,0,0,0,0,0,0,0,7,1,2,1,device detected,no device,device detected,no device,no device,no device,"('r24', 0)","('r10', 3)",15:02:30,4,1,0,0,0,0,1,0,3,3,0,0,1,4,0,1,0,2,2,2,5,0,7,0,1,1,1,1,0,1,0,4,0,0,0,3,0
1690,motion,motion,no motion,motion,motion,motion,0,0,1,0,0,0,0,0,0,0,8,1,0,1,device detected,no device,device detected,no device,no device,device detected,"('r24', 0)","('c2', 3)",15:02:45,4,1,0,0,0,0,1,0,3,3,0,0,1,4,0,1,0,2,2,0,5,0,8,0,1,1,1,1,0,2,0,4,0,0,0,3,0
1691,motion,motion,no motion,motion,motion,motion,0,1,0,0,0,0,0,0,0,0,8,2,0,4,device detected,no device,device detected,no device,device detected,no device,"('r22', 0)","('r16', 2)",15:03:00,3,2,0,0,0,0,1,0,3,3,0,0,1,4,0,2,0,2,2,0,4,0,8,0,1,0,4,1,0,2,0,3,0,0,0,2,0
1692,motion,motion,no motion,motion,motion,no motion,0,2,0,1,0,0,0,1,0,0,8,1,0,2,device detected,device detected,device detected,no device,no device,no device,"('r22', 0)","('r16', 2)",15:03:15,3,1,1,0,0,0,1,0,3,3,0,0,1,4,0,2,0,2,2,0,4,0,8,0,1,0,2,0,0,2,0,4,0,1,1,2,0
1693,motion,motion,motion,motion,motion,no motion,0,1,0,0,0,0,0,0,0,0,8,1,1,0,device detected,no device,device detected,no device,no device,no device,"('r22', 0)","('c2', 1)",15:03:30,3,1,0,0,0,0,1,0,3,3,0,1,1,4,0,3,0,2,1,1,5,0,8,0,1,1,0,0,0,2,0,4,0,1,1,1,0
1694,motion,motion,no motion,motion,motion,no motion,0,0,0,0,0,0,0,0,0,0,7,1,1,1,device detected,no device,device detected,no device,no device,no device,"('r24', 0)","('r17', 0)",15:03:45,3,1,0,0,0,0,1,0,2,3,0,0,1,4,0,3,0,2,1,1,4,0,8,0,2,0,1,0,0,2,0,4,0,1,1,3,0
1695,motion,motion,motion,motion,motion,no motion,0,0,0,0,0,0,2,0,0,0,8,1,0,1,device detected,no device,device detected,no device,no device,no device,"('r22', 0)","('c2', 1)",15:04:00,3,1,0,0,0,0,1,0,2,3,0,0,1,4,0,3,0,2,1,1,4,0,8,0,2,0,1,0,0,2,0,4,0,1,3,1,0
1696,motion,motion,no motion,motion,motion,no motion,0,0,0,0,0,0,0,2,3,0,8,1,1,2,device detected,no device,device detected,no device,no device,no device,"('outside', 0)","('c2', 0)",15:04:15,3,1,0,0,0,0,1,0,2,3,0,0,2,7,0,3,0,2,1,1,3,0,8,0,2,0,2,0,0,2,0,4,0,1,0,0,0
1697,motion,motion,no motion,motion,motion,no motion,0,0,0,0,0,0,0,1,0,0,8,1,1,1,device detected,no device,no device,no device,no device,no device,"('r22', 0)","('r13', 1)",15:04:30,3,1,0,0,0,0,1,0,2,3,0,0,1,7,0,3,0,2,1,1,3,0,8,0,2,0,1,0,0,2,0,4,0,1,1,1,0
1698,motion,motion,no motion,motion,motion,no motion,0,1,0,0,0,0,0,0,1,0,8,1,1,1,device detected,no device,device detected,no device,no device,no device,"('r24', 0)","('c2', 1)",15:04:45,3,1,0,0,0,0,1,0,2,2,0,0,1,8,0,4,0,2,1,1,3,0,8,0,2,0,1,0,0,2,1,3,0,1,0,1,0
1699,motion,motion,no motion,motion,motion,no motion,0,1,0,0,0,0,0,0,0,0,8,1,1,1,device detected,no device,device detected,device detected,no device,no device,"('r28', 0)","('r18', 2)",15:05:00,3,1,0,0,0,1,1,1,1,2,0,0,1,7,0,3,0,2,1,1,3,0,8,0,2,0,1,0,0,2,1,3,0,1,0,2,0
1700,motion,motion,motion,motion,motion,no motion,0,1,0,0,0,0,0,0,0,0,8,1,1,0,device detected,no device,device detected,no device,no device,device detected,"('c1', 0)","('r18', 2)",15:05:15,3,1,0,0,0,0,1,1,1,1,0,0,1,8,0,4,0,2,1,1,3,0,8,0,2,0,0,0,0,2,0,5,0,1,0,2,0
1701,motion,motion,no motion,motion,motion,motion,0,0,0,0,0,0,1,0,0,0,8,1,1,1,device detected,no device,device detected,no device,no device,no device,"('r27', 1)","('c2', 1)",15:05:30,3,1,0,0,0,0,1,0,1,1,0,0,1,8,1,4,0,2,1,1,2,0,8,0,2,0,1,1,0,2,0,5,0,0,1,1,0
1702,motion,motion,no motion,motion,motion,no motion,0,0,0,0,0,0,0,0,1,0,8,1,1,1,device detected,no device,device detected,no device,no device,no device,"('c1', 0)","('r16', 4)",15:05:45,3,1,0,0,0,0,1,0,1,2,0,0,1,9,1,4,0,2,1,1,1,0,8,0,2,1,1,0,0,2,1,4,0,1,0,0,0
1703,motion,motion,no motion,motion,motion,no motion,0,0,1,0,0,0,1,1,0,0,9,1,1,0,device detected,no device,device detected,no device,device detected,no device,"('c1', 0)","('c2', 1)",15:06:00,3,1,0,0,0,0,1,0,1,2,0,0,1,9,1,4,0,2,1,1,1,0,9,0,2,0,0,0,0,2,1,4,1,0,0,1,0
1704,motion,motion,no motion,motion,motion,no motion,0,0,0,0,0,0,0,0,0,0,9,1,1,0,device detected,no device,device detected,no device,device detected,no device,"('c2', 0)","('r11', 0)",15:06:15,3,1,0,0,0,0,2,0,1,2,0,0,1,8,1,4,0,2,1,1,1,1,9,0,2,0,0,0,0,2,1,4,0,1,0,0,0
1705,motion,motion,no motion,motion,motion,motion,0,0,0,0,0,1,0,0,0,0,9,1,1,1,device detected,no device,device detected,no device,device detected,no device,"('r18', 1)","('c2', 1)",15:06:30,3,1,0,0,0,0,2,0,1,2,0,0,1,8,1,4,0,1,1,1,1,1,9,0,2,0,1,0,0,2,1,3,0,1,0,1,0
1706,motion,motion,motion,motion,motion,no motion,0,0,0,0,0,0,0,1,0,0,10,1,0,1,device detected,no device,device detected,no device,device detected,no device,"('c2', 1)","('r11', 0)",15:06:45,3,1,0,0,0,0,2,0,1,2,0,0,1,8,1,4,0,1,1,0,1,1,10,0,2,0,1,0,0,1,1,3,0,1,1,1,0
1707,motion,motion,no motion,motion,motion,no motion,0,0,0,0,0,0,1,1,1,0,9,1,1,0,device detected,device detected,device detected,no device,device detected,no device,"('r15', 1)","('r11', 0)",15:07:00,3,1,0,0,0,0,2,0,1,2,0,0,1,7,1,4,0,1,1,1,1,1,9,0,2,0,0,0,0,1,1,3,0,1,2,2,0
1708,motion,motion,no motion,motion,motion,no motion,0,0,1,0,0,0,1,1,0,0,9,1,0,1,device detected,no device,device detected,no device,no device,no device,"('c2', 1)","('r11', 0)",15:07:15,3,1,0,0,0,0,2,1,1,2,0,0,2,8,1,4,0,1,1,0,1,0,9,0,2,1,1,0,0,1,1,3,0,1,0,1,0
1709,motion,motion,no motion,motion,motion,no motion,0,0,0,0,0,0,0,0,0,0,9,1,0,1,device detected,no device,device detected,no device,no device,no device,"('r18', 1)","('c2', 1)",15:07:30,3,1,0,0,0,0,2,0,1,2,0,1,2,8,1,4,0,1,1,0,1,0,9,0,2,1,1,0,0,1,0,4,0,1,0,1,0
1710,motion,motion,no motion,motion,motion,no motion,0,0,1,0,0,0,0,1,0,0,9,1,1,0,device detected,device detected,device detected,no device,no device,no device,"('r18', 1)","('r13', 2)",15:07:45,3,1,1,0,0,0,2,0,1,3,0,0,2,8,1,4,0,1,1,1,1,0,9,0,2,0,0,0,0,1,0,4,0,1,1,0,0
1711,motion,no motion,no motion,motion,motion,motion,0,0,0,1,0,0,1,0,0,0,10,2,0,0,no device,no device,device detected,no device,no device,no device,"('r18', 1)","('c2', 1)",15:08:00,3,2,0,0,0,0,2,0,1,3,0,0,2,8,1,4,0,1,1,0,1,0,10,0,2,0,0,1,0,1,0,4,0,0,0,1,0
1712,motion,motion,no motion,motion,motion,motion,0,0,0,0,1,0,0,0,0,0,9,0,1,0,device detected,no device,device detected,no device,no device,no device,"('r18', 1)","('r17', 1)",15:08:15,5,0,0,0,0,0,2,0,1,2,0,0,2,8,1,4,1,1,1,1,1,0,9,0,2,0,0,1,0,1,0,4,0,0,0,1,0
1713,motion,motion,no motion,motion,motion,motion,0,1,0,0,1,0,0,0,0,0,10,1,0,0,device detected,no device,device detected,device detected,no device,no device,"('r18', 1)","('r17', 2)",15:08:30,4,1,0,0,0,0,2,0,2,2,0,0,1,8,1,3,2,1,1,0,1,0,10,0,2,0,0,1,0,1,0,4,0,0,0,1,0
1714,motion,motion,no motion,motion,motion,motion,0,0,0,0,0,0,0,0,0,0,10,1,0,0,device detected,no device,device detected,no device,no device,no device,"('r18', 1)","('r17', 2)",15:08:45,4,1,0,0,0,0,2,0,1,2,0,1,1,8,0,3,2,1,1,0,1,0,10,0,2,0,0,1,0,1,0,4,0,0,0,2,0
1715,motion,motion,motion,motion,motion,no motion,0,0,0,0,0,0,1,0,0,0,10,1,0,0,device detected,no device,device detected,no device,no device,device detected,"('r18', 1)","('c2', 1)",15:09:00,4,1,0,0,0,0,2,0,1,2,0,1,1,8,0,3,2,1,1,0,1,0,10,0,2,0,0,0,0,1,0,4,0,1,1,1,0
1716,motion,motion,no motion,motion,motion,no motion,0,1,0,0,0,0,0,1,0,0,8,1,2,1,device detected,no device,device detected,no device,no device,no device,"('c2', 2)","('r7', 2)",15:09:15,4,1,0,0,0,0,2,0,1,2,0,1,1,8,0,2,2,1,1,2,1,0,8,0,2,0,1,0,0,1,0,4,0,1,0,2,0
1717,motion,motion,no motion,motion,motion,no motion,0,2,0,0,0,0,1,0,0,0,10,1,0,0,device detected,no device,device detected,no device,no device,no device,"('r9', 1)","('r7', 2)",15:09:30,4,1,0,0,0,0,2,0,1,2,0,1,1,8,0,2,2,1,1,0,2,0,10,0,2,0,0,0,0,1,0,4,0,1,1,1,0
1718,motion,motion,no motion,motion,motion,no motion,0,0,0,0,0,0,0,1,0,0,10,1,0,0,device detected,no device,device detected,no device,no device,no device,"('c2', 1)","('c2', 1)",15:09:45,3,2,0,0,0,0,2,0,1,2,0,1,1,8,0,2,2,1,1,0,2,0,10,0,2,1,0,0,0,1,0,4,0,1,0,1,0
1719,motion,no motion,no motion,motion,motion,no motion,0,0,1,1,0,0,0,0,0,0,10,1,1,0,no device,device detected,device detected,no device,device detected,no device,"('r12', 1)","('r12', 1)",15:10:00,3,1,1,0,0,0,1,0,1,2,0,1,1,8,0,2,2,1,1,1,2,0,10,0,2,0,0,0,0,1,0,4,0,1,0,2,0
1720,motion,motion,no motion,motion,motion,no motion,0,0,0,0,0,0,0,0,0,0,11,1,0,0,device detected,device detected,device detected,no device,no device,no device,"('r12', 0)","('r3', 1)",15:10:15,3,1,1,0,0,0,1,0,2,2,1,0,1,8,0,2,2,1,1,0,2,0,11,0,2,0,0,0,0,1,0,4,0,1,0,1,0
1721,motion,motion,no motion,motion,motion,no motion,0,0,0,0,0,0,0,0,0,0,11,0,0,1,device detected,device detected,device detected,no device,no device,no device,"('r12', 0)","('r12', 0)",15:10:30,4,0,1,0,0,0,1,0,3,1,1,0,1,8,0,2,2,1,1,0,2,0,11,0,2,0,1,0,0,1,0,3,0,1,0,1,0
1722,motion,no motion,no motion,motion,motion,no motion,0,0,0,0,0,0,0,1,0,0,11,0,1,0,device detected,device detected,device detected,no device,no device,no device,"('c2', 1)","('r12', 0)",15:10:45,4,0,1,0,0,0,1,0,3,1,1,0,1,8,0,2,2,1,0,1,2,0,11,0,2,0,0,0,0,1,0,3,0,1,1,1,0
1723,motion,no motion,no motion,motion,motion,no motion,0,0,1,0,1,0,1,0,0,0,11,0,0,0,device detected,no device,device detected,no device,no device,device detected,"('r17', 3)","('r3', 1)",15:11:00,4,0,1,0,0,0,2,0,3,1,1,0,1,8,0,2,3,1,0,0,2,0,11,0,2,1,0,0,0,1,0,3,0,1,0,0,0
1724,motion,no motion,no motion,motion,motion,no motion,0,0,0,0,1,0,0,0,0,0,11,0,0,0,device detected,device detected,device detected,no device,no device,no device,"('r17', 2)","('r3', 1)",15:11:15,4,0,1,0,0,0,2,0,3,1,1,0,0,8,0,2,2,1,0,0,2,0,11,0,2,0,0,0,0,2,1,2,0,1,0,2,0
1725,motion,no motion,no motion,motion,motion,no motion,0,0,0,0,0,0,1,0,0,0,11,0,0,0,device detected,device detected,no device,no device,no device,no device,"('c2', 0)","('r3', 1)",15:11:30,4,0,1,0,0,0,2,1,3,1,1,0,0,8,0,2,2,1,0,0,2,0,11,0,2,0,0,0,0,2,1,2,0,1,1,0,0
1726,motion,no motion,no motion,motion,motion,motion,0,1,0,0,0,0,0,1,0,0,11,1,0,1,device detected,device detected,device detected,no device,no device,no device,"('r18', 1)","('r3', 1)",15:11:45,3,1,1,0,0,0,2,1,3,1,1,0,0,8,0,1,2,1,0,0,1,0,11,0,2,2,1,0,0,1,1,2,0,1,0,1,0
1727,motion,no motion,motion,motion,motion,no motion,0,1,3,0,0,0,0,0,0,0,11,1,2,0,device detected,device detected,device detected,no device,device detected,no device,"('r18', 1)","('r12', 0)",15:12:00,3,1,1,0,0,0,2,0,3,1,1,0,0,8,0,2,2,1,0,2,1,0,11,0,2,0,0,0,0,1,1,3,0,1,0,1,0
1728,motion,motion,no motion,motion,motion,motion,0,2,0,0,0,0,0,0,0,0,11,1,0,0,device detected,device detected,device detected,no device,no device,no device,"('r18', 1)","('c2', 1)",15:12:15,3,1,1,0,0,0,2,0,3,1,1,0,0,8,0,2,2,1,2,0,1,0,11,0,2,0,0,1,0,1,0,4,0,0,0,1,0
1729,motion,motion,no motion,motion,motion,motion,0,0,0,1,0,0,0,0,0,0,11,0,0,0,no device,device detected,device detected,no device,no device,no device,"('r18', 1)","('r9', 2)",15:12:30,3,0,1,0,0,0,2,1,2,1,0,1,0,8,0,2,2,1,2,0,1,0,11,0,2,0,0,1,0,1,0,4,0,0,0,2,0
1730,motion,motion,no motion,motion,motion,motion,0,1,0,0,0,0,0,0,0,0,11,0,0,0,device detected,device detected,device detected,no device,no device,no device,"('r18', 1)","('r9', 2)",15:12:45,3,0,1,0,0,0,2,1,2,2,0,0,0,8,0,3,2,1,2,0,1,0,11,0,2,0,0,1,0,1,0,4,0,0,0,1,0
1731,motion,motion,no motion,motion,motion,motion,0,0,0,0,1,0,1,0,0,0,10,0,1,1,device detected,device detected,no device,no device,no device,no device,"('c2', 2)","('r9', 2)",15:13:00,3,0,1,0,0,0,2,0,2,2,0,0,0,8,0,3,1,1,2,1,1,0,10,0,2,0,1,1,0,1,0,3,0,0,1,2,0
1732,motion,motion,no motion,motion,motion,motion,0,0,0,0,0,0,0,0,0,1,9,0,1,0,no device,device detected,device detected,no device,no device,no device,"('c2', 1)","('c2', 1)",15:13:15,3,0,1,0,0,0,2,1,1,2,0,0,1,8,0,3,1,1,2,2,2,0,9,0,2,0,0,1,0,1,0,3,0,1,0,1,0
1733,motion,motion,no motion,motion,motion,no motion,0,0,0,0,0,0,0,0,0,0,9,0,3,0,device detected,device detected,device detected,no device,no device,no device,"('r16', 3)","('r7', 2)",15:13:30,3,0,1,0,0,0,2,1,0,2,0,0,1,8,0,3,1,1,1,3,2,0,9,0,2,0,0,1,0,1,0,3,0,1,0,2,0
1734,motion,motion,no motion,motion,motion,motion,0,0,1,0,0,0,0,0,1,0,9,0,2,0,no device,device detected,device detected,no device,no device,no device,"('c2', 2)","('c2', 2)",15:13:45,3,0,1,0,0,0,2,1,0,2,0,0,1,7,0,3,1,1,1,2,2,0,9,0,2,1,0,1,0,1,0,3,0,1,1,2,0
1735,motion,motion,no motion,motion,motion,motion,0,1,0,0,0,0,1,0,0,0,8,0,3,1,device detected,device detected,device detected,no device,no device,no device,"('r7', 2)","('r11', 0)",15:14:00,3,0,1,0,0,0,2,1,0,2,0,0,1,7,0,4,1,1,1,3,2,0,8,0,2,0,1,1,0,1,0,3,0,1,0,2,0
1736,motion,motion,no motion,motion,motion,motion,0,1,1,0,0,0,0,1,0,0,8,0,2,0,device detected,device detected,device detected,no device,no device,no device,"('r7', 2)","('r11', 1)",15:14:15,3,0,1,0,0,0,2,1,0,2,1,0,0,7,0,5,1,1,1,2,2,0,8,0,2,2,0,1,0,0,0,3,0,1,1,1,0
1737,motion,motion,no motion,motion,motion,motion,0,0,0,0,0,0,1,0,0,0,7,0,3,2,device detected,device detected,device detected,no device,no device,no device,"('c2', 2)","('c2', 2)",15:14:30,3,0,1,0,0,0,2,1,0,2,1,0,0,7,0,5,1,1,1,3,2,0,7,0,2,0,2,1,0,0,0,3,0,1,0,2,0
1738,motion,motion,no motion,motion,motion,motion,0,0,2,0,0,1,0,1,0,0,7,0,1,0,device detected,device detected,device detected,no device,no device,no device,"('r7', 3)","('c2', 1)",15:14:45,3,0,1,0,0,0,3,0,0,2,1,0,0,7,0,5,1,2,1,1,3,0,7,0,2,2,0,1,0,0,0,3,0,1,1,1,0
1739,motion,motion,no motion,motion,motion,motion,0,0,0,0,0,1,0,0,1,0,7,0,1,2,device detected,device detected,device detected,no device,no device,no device,"('r7', 3)","('r16', 5)",15:15:00,3,0,1,0,0,0,3,0,0,2,1,0,0,8,0,5,1,3,1,1,3,0,7,0,2,0,2,1,0,0,1,2,0,1,0,0,0
1740,motion,no motion,no motion,motion,motion,motion,0,0,0,0,0,1,0,1,0,0,7,0,1,0,device detected,device detected,device detected,no device,no device,no device,"('c2', 1)","('c2', 1)",15:15:15,3,0,1,0,0,0,3,0,0,2,1,0,0,8,0,5,1,2,1,1,3,0,7,0,2,0,0,1,0,0,1,3,0,1,1,1,0
1741,motion,motion,no motion,motion,motion,motion,0,1,0,0,0,0,0,0,1,0,5,0,2,0,device detected,device detected,device detected,no device,no device,no device,"('r18', 2)","('r8', 0)",15:15:30,3,0,1,0,0,0,3,0,1,2,1,0,0,9,0,4,1,2,1,2,3,0,6,0,2,0,0,1,0,0,1,3,0,1,0,1,0
1742,motion,motion,no motion,motion,motion,motion,0,1,1,0,0,0,0,0,0,0,6,0,1,0,device detected,device detected,device detected,no device,no device,no device,"('c2', 1)","('c2', 1)",15:15:45,3,0,1,0,0,0,3,0,0,2,1,0,0,9,0,5,1,2,1,1,3,0,6,0,2,0,1,1,0,0,1,3,0,1,0,1,0
1743,motion,motion,no motion,motion,motion,motion,0,0,1,0,0,0,0,1,0,0,6,0,0,0,device detected,device detected,device detected,no device,no device,no device,"('r10', 2)","('r16', 5)",15:16:00,3,0,1,0,0,0,3,0,0,2,0,1,0,9,0,5,1,2,1,0,3,0,6,0,2,1,0,1,0,0,0,4,0,1,1,1,0
1744,motion,motion,no motion,motion,motion,no motion,0,1,0,2,0,0,1,0,0,1,6,2,0,2,device detected,no device,device detected,no device,no device,no device,"('r10', 2)","('c2', 2)",15:16:15,3,2,0,0,0,0,3,0,1,2,0,0,0,9,0,4,1,2,1,0,3,0,6,0,2,0,2,0,0,0,0,3,0,1,1,2,0
1745,motion,motion,no motion,motion,motion,motion,0,0,0,0,0,1,1,2,0,0,5,2,0,0,device detected,no device,device detected,no device,no device,no device,"('r10', 2)","('r9', 1)",15:16:30,3,2,0,0,0,0,4,0,1,2,0,0,0,9,0,4,1,3,1,0,3,0,6,0,2,0,0,0,0,0,0,3,0,1,2,1,0
1746,motion,motion,no motion,motion,motion,no motion,0,0,0,0,0,0,1,0,0,0,6,2,0,0,device detected,no device,device detected,no device,no device,no device,"('c2', 2)","('r9', 0)",15:16:45,3,2,0,0,0,0,4,0,0,2,0,1,0,9,0,4,1,3,1,0,3,0,6,0,2,0,0,0,0,0,0,3,0,1,1,2,0
1747,motion,motion,no motion,motion,motion,no motion,0,1,0,0,0,0,0,0,1,0,6,2,0,1,device detected,device detected,device detected,no device,no device,no device,"('r11', 0)","('r9', 0)",15:17:00,3,2,1,0,0,0,4,0,0,2,0,0,0,10,0,5,1,3,1,0,2,0,6,0,2,0,1,0,0,0,0,3,0,1,0,1,0
1748,motion,motion,no motion,motion,motion,motion,0,0,0,1,0,0,0,1,0,0,6,2,0,0,device detected,no device,device detected,no device,no device,no device,"('c2', 0)","('c2', 0)",15:17:15,4,2,0,0,0,0,4,1,0,2,0,0,0,10,0,5,1,3,1,0,2,0,6,0,2,0,0,0,0,0,0,3,0,1,1,0,0
1749,motion,motion,no motion,motion,motion,no motion,0,0,0,0,0,1,1,0,0,0,6,3,0,0,device detected,no device,device detected,device detected,no device,no device,"('r8', 1)","('r9', 0)",15:17:30,3,3,0,0,0,1,4,1,0,2,0,0,0,9,0,5,1,2,1,0,2,0,6,0,2,0,0,0,0,0,0,3,0,1,0,2,0
1750,motion,motion,no motion,motion,motion,no motion,0,0,0,0,0,1,0,0,0,0,6,2,0,1,device detected,no device,device detected,device detected,no device,no device,"('c2', 1)","('r9', 0)",15:17:45,3,3,0,0,0,1,4,1,0,1,1,0,0,9,0,5,1,3,1,0,2,0,6,0,2,0,1,0,0,0,0,2,0,1,0,1,0
1751,motion,no motion,no motion,motion,motion,motion,0,1,0,0,0,0,0,0,1,0,6,3,0,0,no device,no device,device detected,no device,no device,no device,"('r10', 1)","('r9', 0)",15:18:00,3,3,0,0,0,1,4,0,0,1,1,0,0,8,0,6,1,3,1,0,3,0,6,0,2,0,0,1,0,0,0,2,0,0,1,1,0
1752,motion,motion,no motion,motion,motion,motion,0,0,0,1,1,0,2,0,0,0,6,2,0,0,device detected,no device,device detected,device detected,no device,no device,"('c2', 4)","('r9', 0)",15:18:15,3,2,0,0,0,1,3,0,0,1,0,1,0,8,0,6,0,3,1,0,3,0,6,0,2,0,0,1,0,0,0,2,0,0,1,4,0
1753,motion,motion,motion,motion,motion,no motion,0,0,0,0,0,1,0,1,0,0,6,2,0,1,device detected,no device,device detected,device detected,no device,no device,"('r18', 4)","('c2', 2)",15:18:30,3,2,0,0,0,1,3,1,0,1,0,0,1,8,0,6,0,4,1,0,3,0,6,0,2,0,1,1,0,0,0,2,0,0,0,2,0
1754,motion,motion,no motion,motion,motion,motion,0,0,0,0,0,0,1,0,0,0,6,2,0,0,device detected,no device,device detected,device detected,no device,no device,"('c2', 1)","('r11', 0)",15:18:45,3,2,0,0,0,1,3,1,0,1,0,0,1,8,0,6,0,4,1,0,3,0,6,0,2,1,0,1,0,0,0,2,0,0,1,1,0
1755,motion,motion,no motion,motion,motion,no motion,0,0,0,0,0,0,0,1,1,0,6,2,0,1,device detected,no device,device detected,device detected,device detected,no device,"('r15', 0)","('c2', 1)",15:19:00,3,2,0,0,0,1,3,1,0,1,0,0,1,6,0,6,0,4,1,0,3,1,6,0,2,0,1,0,0,1,0,2,0,1,1,1,0
1756,motion,motion,no motion,motion,motion,no motion,0,0,0,0,0,0,1,0,0,0,6,2,0,0,device detected,no device,device detected,device detected,no device,no device,"('r15', 0)","('r15', 0)",15:19:15,3,2,0,0,0,1,3,1,0,2,0,0,1,7,0,6,0,4,1,0,3,0,6,0,2,0,0,0,0,1,0,3,0,1,0,1,0
1757,motion,motion,no motion,motion,motion,no motion,0,2,0,0,0,0,0,0,0,0,6,2,0,1,device detected,no device,device detected,device detected,no device,no device,"('r15', 0)","('c2', 1)",15:19:30,3,2,0,0,0,1,3,1,0,2,0,0,1,7,0,6,0,4,1,0,3,0,6,0,2,0,1,0,0,1,0,2,0,1,0,1,0
1758,motion,motion,no motion,motion,motion,motion,0,0,0,0,1,0,0,0,0,0,4,2,2,1,device detected,no device,device detected,device detected,no device,no device,"('c2', 0)","('r17', 1)",15:19:45,3,2,0,0,0,1,3,1,0,2,0,0,1,7,0,6,1,4,1,2,3,0,4,0,2,0,1,0,0,1,0,2,0,1,0,0,0
1759,motion,motion,no motion,motion,motion,no motion,0,0,2,0,0,0,0,0,1,0,4,2,0,1,device detected,no device,device detected,device detected,no device,no device,"('r18', 4)","('c2', 1)",15:20:00,3,2,0,0,0,2,2,1,0,2,0,0,1,5,0,6,1,4,1,0,3,0,4,0,2,2,1,0,0,1,0,2,0,1,1,1,0
1760,motion,motion,motion,motion,motion,no motion,0,1,0,0,0,0,2,0,0,0,3,2,0,2,device detected,no device,device detected,device detected,no device,no device,"('c2', 2)","('r16', 5)",15:20:15,3,2,0,0,0,5,2,1,0,2,0,0,1,2,0,5,1,4,1,0,3,0,4,0,3,0,2,0,0,1,0,2,0,1,1,2,0
1761,motion,motion,no motion,motion,motion,no motion,0,0,0,0,0,0,0,2,0,0,4,2,0,2,device detected,no device,device detected,device detected,no device,no device,"('r11', 0)","('r16', 5)",15:20:30,3,2,0,0,0,3,2,1,1,2,0,1,1,4,0,5,1,4,1,0,3,0,4,0,3,0,2,0,0,1,0,2,0,1,1,0,0
1762,motion,motion,no motion,motion,motion,no motion,0,0,0,1,1,1,1,0,0,0,4,3,0,1,device detected,no device,device detected,no device,no device,no device,"('c2', 4)","('c2', 4)",15:20:45,3,3,0,0,0,2,1,1,1,2,0,0,1,5,0,5,0,3,1,0,3,0,4,0,2,2,1,0,1,0,0,2,0,1,0,4,0
1763,motion,motion,motion,motion,motion,motion,0,1,0,0,0,0,0,0,0,0,4,2,0,2,device detected,no device,no device,no device,no device,no device,"('c2', 1)","('r17', 0)",15:21:00,4,2,0,0,0,0,1,1,1,4,0,0,1,7,0,6,0,3,1,0,3,0,4,0,2,0,2,1,1,1,0,2,0,0,0,1,0
1764,motion,motion,no motion,motion,motion,motion,0,0,0,0,0,0,0,1,0,0,4,2,0,1,device detected,no device,no device,no device,no device,no device,"('r15', 0)","('c2', 2)",15:21:15,4,2,0,0,0,0,1,1,1,3,0,0,1,7,0,6,0,3,1,0,3,0,4,0,2,0,1,0,1,1,0,2,0,1,1,2,0
1765,motion,motion,motion,motion,motion,motion,0,0,0,0,0,0,0,0,0,1,2,2,2,1,device detected,device detected,device detected,no device,no device,device detected,"('c2', 1)","('r11', 0)",15:21:30,4,2,0,0,0,0,1,1,1,3,0,1,1,7,0,6,0,3,1,2,3,0,2,0,2,0,1,1,1,1,0,2,0,1,0,1,0
1766,motion,motion,motion,motion,motion,no motion,0,0,1,0,0,0,0,0,0,0,2,1,0,1,device detected,device detected,device detected,no device,no device,no device,"('c1', 0)","('r11', 0)",15:21:45,5,1,1,0,0,0,1,1,1,3,0,0,1,7,0,6,0,3,2,0,3,0,2,0,2,1,1,0,1,1,0,2,1,1,0,1,0
1767,motion,motion,motion,motion,motion,motion,0,0,0,1,0,0,0,2,0,0,2,2,0,1,device detected,no device,device detected,no device,no device,no device,"('r27', 1)","('c2', 1)",15:22:00,5,2,0,0,0,0,1,1,1,3,0,0,1,7,0,6,0,3,2,0,3,0,2,0,2,0,1,1,1,1,0,2,1,0,1,1,0
1768,motion,motion,motion,motion,motion,motion,0,0,0,0,0,0,0,1,0,1,2,1,0,0,device detected,no device,device detected,device detected,no device,no device,"('r21', 3)","('r17', 0)",15:22:15,6,1,0,0,0,1,1,1,1,3,0,0,1,6,0,6,0,3,2,0,3,0,2,0,2,0,0,1,0,2,0,2,1,1,1,1,0
1769,motion,motion,no motion,motion,motion,motion,0,0,0,0,0,0,0,0,1,0,2,1,0,1,device detected,no device,device detected,device detected,no device,no device,"('r27', 1)","('r17', 0)",15:22:30,6,1,0,0,0,1,1,1,1,3,0,0,1,7,0,6,0,3,2,0,2,0,2,0,2,0,1,1,0,2,0,2,1,1,0,1,0
1770,motion,motion,no motion,motion,motion,motion,0,0,0,0,0,0,0,0,0,0,2,1,0,1,device detected,no device,device detected,no device,no device,no device,"('r27', 1)","('c2', 1)",15:22:45,6,1,0,0,1,0,1,1,1,3,0,0,1,7,0,6,0,3,2,0,2,0,2,0,2,0,1,1,0,2,0,2,1,1,0,1,0
1771,motion,motion,motion,motion,motion,motion,0,0,0,0,0,0,0,0,0,0,1,1,1,1,device detected,device detected,device detected,no device,no device,no device,"('r32', 2)","('r12', 0)",15:23:00,6,1,0,0,1,0,1,1,1,3,0,0,1,7,0,6,0,3,2,1,2,0,1,0,2,0,1,1,0,2,0,2,1,1,0,1,0
1772,motion,motion,motion,motion,motion,no motion,0,0,1,0,0,0,0,0,0,0,1,1,0,1,device detected,no device,device detected,device detected,no device,no device,"('r27', 1)","('c2', 1)",15:23:15,6,1,0,0,0,1,1,1,1,3,0,0,1,7,0,6,0,3,2,0,2,0,1,0,2,1,1,1,0,2,0,2,1,1,0,1,0
1773,motion,motion,no motion,motion,motion,motion,0,0,0,0,0,0,0,0,0,0,1,1,0,1,device detected,no device,device detected,device detected,no device,no device,"('r26', 2)","('r9', 1)",15:23:30,6,1,0,0,0,1,1,1,1,2,0,0,1,7,0,6,0,3,2,0,2,0,1,0,1,2,1,1,0,2,0,2,1,1,0,2,0
1774,motion,motion,motion,motion,motion,motion,0,0,0,0,0,0,0,1,0,0,1,1,0,0,device detected,no device,device detected,no device,no device,no device,"('r20', 0)","('r9', 1)",15:23:45,6,1,0,1,0,0,1,1,1,2,0,0,1,7,0,6,0,3,2,0,2,0,1,0,1,1,0,1,1,2,0,2,1,1,1,2,0
1775,motion,motion,no motion,motion,motion,motion,0,1,0,0,0,0,2,0,0,0,1,2,0,0,device detected,no device,device detected,no device,no device,no device,"('r20', 0)","('c2', 1)",15:24:00,5,2,0,1,0,0,1,1,1,2,0,0,1,7,0,7,0,3,2,0,2,0,1,0,1,1,0,1,0,3,0,2,1,1,1,1,0
1776,motion,motion,no motion,motion,motion,motion,0,0,0,1,1,0,0,0,1,0,1,1,0,1,device detected,device detected,device detected,no device,no device,no device,"('r26', 1)","('c2', 0)",15:24:15,5,1,1,1,0,0,1,1,1,2,0,0,1,8,0,7,1,3,2,0,2,0,1,0,1,1,1,1,0,3,0,1,1,1,0,0,0
1777,motion,motion,motion,no motion,motion,motion,0,1,0,0,0,0,0,0,1,0,1,1,0,1,device detected,no device,device detected,no device,device detected,no device,"('r25', 1)","('r10', 2)",15:24:30,5,1,0,1,0,0,1,0,1,2,0,0,1,6,0,6,1,3,2,0,2,1,1,0,1,1,1,2,0,3,0,1,1,0,1,3,0
1778,motion,motion,motion,motion,motion,motion,0,2,0,0,0,1,2,0,0,0,1,1,0,1,device detected,no device,device detected,device detected,device detected,device detected,"('r26', 1)","('c2', 2)",15:24:45,5,1,0,1,0,1,1,0,1,2,0,0,1,4,0,6,1,4,2,0,2,2,1,1,1,1,1,1,0,3,0,1,1,0,1,2,0
1779,motion,motion,no motion,motion,motion,motion,0,3,0,0,1,0,0,0,0,1,1,1,0,1,device detected,no device,device detected,device detected,device detected,no device,"('r27', 1)","('r16', 3)",15:25:00,5,1,0,1,0,1,0,0,0,1,0,0,1,4,1,3,0,4,2,0,2,3,1,0,1,1,1,2,0,3,0,1,1,0,0,8,0
1780,motion,motion,no motion,motion,motion,motion,0,0,0,0,0,0,3,0,0,0,1,1,0,1,device detected,no device,device detected,no device,device detected,no device,"('r21', 2)","('c2', 6)",15:25:15,5,1,0,1,0,0,0,0,0,1,0,0,1,6,1,3,0,4,2,0,2,1,1,0,1,1,1,1,0,3,0,1,0,2,2,6,1
1781,motion,motion,no motion,motion,motion,motion,0,0,0,0,0,2,0,0,2,1,1,1,0,1,device detected,no device,device detected,no device,no device,no device,"('r27', 1)","('r15', 1)",15:25:30,5,1,0,1,0,0,0,0,1,1,0,1,1,9,1,3,0,6,2,0,2,0,1,0,1,1,1,1,0,3,0,1,1,0,1,2,1
1782,motion,motion,no motion,no motion,motion,motion,0,0,0,0,0,2,0,0,1,2,1,1,0,2,device detected,no device,device detected,device detected,device detected,no device,"('r27', 2)","('r15', 1)",15:25:45,5,1,0,0,0,3,0,0,1,1,0,1,0,7,1,3,0,7,2,0,2,1,1,0,1,1,2,1,0,3,0,0,0,1,0,2,1
1783,motion,motion,no motion,motion,motion,motion,0,0,0,0,0,0,0,2,0,0,1,0,0,1,device detected,no device,device detected,device detected,device detected,no device,"('c1', 1)","('c2', 3)",15:26:00,5,1,0,0,0,5,0,0,1,1,0,0,0,5,1,3,0,7,2,0,2,2,1,0,1,1,1,1,0,3,0,0,0,1,1,3,0
1784,motion,motion,no motion,no motion,motion,motion,0,0,0,0,0,1,1,0,1,0,1,1,0,1,device detected,device detected,device detected,device detected,device detected,no device,"('r14', 4)","('r8', 0)",15:26:15,5,1,0,0,0,5,0,0,1,1,0,0,0,4,1,3,0,8,2,0,2,1,1,0,1,1,1,1,0,3,0,0,0,1,1,3,1
1785,motion,motion,motion,motion,motion,motion,0,0,0,0,0,0,1,0,0,0,1,0,0,1,device detected,no device,device detected,device detected,device detected,no device,"('r22', 2)","('c2', 4)",15:26:30,6,0,0,1,0,4,0,0,0,1,0,1,0,4,1,3,0,8,2,0,2,2,1,0,1,1,1,1,0,3,0,0,0,1,0,4,0
1786,motion,motion,no motion,no motion,motion,motion,0,0,0,0,0,0,0,0,1,0,1,0,0,2,device detected,no device,device detected,device detected,no device,no device,"('r24', 0)","('r9', 0)",15:26:45,6,0,1,0,0,5,1,0,0,0,0,0,0,4,2,3,0,8,2,0,1,1,1,0,1,1,2,1,0,3,0,0,0,1,1,3,0
1787,motion,motion,no motion,no motion,motion,motion,0,0,0,1,0,0,1,0,0,0,1,1,0,2,no device,no device,device detected,device detected,device detected,no device,"('r28', 1)","('c2', 3)",15:27:00,6,1,0,0,0,5,1,0,1,0,0,0,0,5,2,3,0,8,2,0,1,0,1,0,0,2,2,1,0,3,0,0,0,1,0,3,0
1788,motion,motion,no motion,no motion,motion,motion,0,0,1,1,0,0,0,1,0,0,1,0,1,1,no device,device detected,device detected,device detected,no device,no device,"('r24', 0)","('r9', 1)",15:27:15,6,0,1,0,0,7,2,0,1,0,0,1,0,3,2,3,0,8,2,1,1,0,1,0,0,1,1,1,0,3,0,0,0,1,1,1,0
1789,motion,motion,no motion,no motion,motion,no motion,0,1,0,0,0,0,1,0,0,0,1,0,0,1,no device,device detected,device detected,device detected,no device,no device,"('r22', 0)","('r9', 1)",15:27:30,6,0,1,0,0,7,2,0,1,0,0,1,0,3,2,2,0,8,3,0,1,0,1,0,0,1,1,0,0,3,0,0,0,2,2,1,0
1790,motion,motion,no motion,no motion,motion,motion,0,1,0,0,0,0,0,0,1,2,1,0,0,2,no device,device detected,no device,device detected,no device,no device,"('outside', 0)","('c2', 3)",15:27:45,6,0,1,0,0,8,2,0,1,0,0,0,0,1,2,1,0,8,3,0,1,0,1,0,0,0,2,2,0,3,0,0,0,2,1,3,0
1791,motion,motion,no motion,no motion,motion,motion,0,0,0,0,0,0,2,1,1,0,1,2,0,2,no device,device detected,no device,device detected,no device,no device,"('r22', 0)","('r9', 1)",15:28:00,4,2,1,0,0,8,2,0,1,0,0,0,0,2,2,1,0,8,3,0,0,0,1,0,0,0,2,2,0,3,0,0,0,2,3,1,0
1792,motion,motion,no motion,motion,motion,motion,0,0,0,1,0,0,0,1,1,3,1,1,0,1,no device,device detected,no device,device detected,no device,no device,"('r22', 0)","('r9', 1)",15:28:15,4,1,2,0,0,8,1,0,1,0,0,0,0,3,2,1,0,8,3,0,0,0,1,0,0,0,1,5,0,3,0,0,0,2,0,2,0
1793,motion,motion,no motion,no motion,motion,motion,0,0,0,0,0,0,0,0,0,0,1,1,0,1,no device,device detected,no device,device detected,no device,no device,"('r22', 0)","('c2', 2)",15:28:30,4,1,1,0,1,9,1,0,1,0,0,1,0,1,2,1,0,8,3,0,0,0,1,0,0,0,1,2,0,3,0,0,1,4,0,2,0
1794,motion,motion,motion,motion,motion,motion,0,1,0,0,0,0,0,0,0,0,1,0,1,1,no device,device detected,no device,device detected,no device,device detected,"('outside', 0)","('r11', 0)",15:28:45,4,1,1,0,2,8,1,0,1,0,0,0,0,1,2,0,0,8,2,1,0,0,1,0,0,0,1,2,0,3,0,0,2,3,0,4,0
1795,motion,motion,no motion,no motion,motion,motion,0,0,1,0,0,0,1,0,0,0,1,1,0,2,no device,device detected,no device,device detected,no device,no device,"('outside', 0)","('c2', 3)",15:29:00,4,1,1,0,2,8,1,0,1,0,0,0,0,1,2,0,0,8,2,0,0,0,1,0,0,0,2,2,0,3,0,0,2,3,1,3,0
1796,motion,motion,no motion,no motion,motion,motion,0,0,0,0,0,3,0,2,0,2,1,1,0,0,no device,no device,no device,device detected,no device,no device,"('r22', 0)","('r18', 5)",15:29:15,4,1,1,0,2,8,1,0,0,0,0,1,0,1,1,0,0,5,2,0,0,0,1,0,0,0,0,3,0,3,0,0,1,4,2,7,0
1797,motion,motion,no motion,no motion,motion,motion,0,0,0,0,0,1,0,0,0,1,1,1,0,0,no device,device detected,no device,device detected,no device,no device,"('r14', 2)","('r18', 6)",15:29:30,4,1,2,0,2,7,2,0,0,0,0,0,2,2,1,0,0,6,2,0,0,0,1,0,0,0,0,3,0,3,0,0,0,6,1,3,0
1798,motion,motion,no motion,motion,motion,motion,0,0,0,1,0,0,1,0,1,0,1,2,0,0,no device,device detected,no device,device detected,no device,no device,"('r6', 8)","('r18', 6)",15:29:45,4,2,1,0,1,8,2,0,1,0,0,0,2,1,1,0,0,6,2,0,0,0,1,0,0,0,0,2,0,3,0,0,2,5,1,3,0
1799,motion,motion,no motion,no motion,motion,motion,0,0,0,0,0,0,1,0,0,0,1,1,0,0,device detected,device detected,no device,no device,no device,no device,"('r6', 8)","('c2', 4)",15:30:00,5,1,1,0,1,8,2,0,1,0,0,0,2,1,1,0,0,6,2,0,0,0,1,0,0,0,0,2,0,3,0,0,3,4,0,4,0
1800,motion,motion,no motion,no motion,motion,motion,0,0,0,0,0,0,0,0,0,0,1,1,0,0,no device,device detected,no device,device detected,no device,no device,"('r14', 1)","('r18', 6)",15:30:15,5,1,1,0,1,8,2,1,1,0,0,1,2,1,2,0,0,6,2,0,0,0,1,0,0,0,0,2,0,3,0,0,3,4,0,1,0
1801,motion,motion,no motion,no motion,motion,motion,0,0,0,0,0,0,0,0,0,0,1,1,0,0,no device,no device,no device,device detected,no device,no device,"('r22', 0)","('c2', 2)",15:30:30,5,1,2,0,1,8,2,1,1,0,0,0,2,1,1,0,0,6,2,0,0,0,1,0,0,0,0,3,0,3,0,0,3,3,0,2,0
1802,motion,motion,no motion,motion,motion,motion,0,0,0,1,0,0,0,0,0,0,1,2,0,0,no device,no device,no device,device detected,no device,device detected,"('r24', 1)","('c2', 2)",15:30:45,5,2,1,0,1,8,2,1,1,0,0,0,2,1,1,0,0,6,2,0,0,0,1,1,0,0,0,2,0,3,0,0,3,3,0,2,0
1803,motion,motion,no motion,motion,motion,motion,0,0,0,0,0,0,0,0,0,0,1,1,0,0,no device,device detected,no device,device detected,no device,device detected,"('r22', 0)","('r7', 2)",15:31:00,6,1,1,0,0,9,2,1,1,0,0,0,2,1,1,0,0,6,2,0,0,0,1,1,0,0,0,4,0,3,0,0,3,1,0,2,0
1804,motion,motion,no motion,no motion,motion,motion,0,0,0,0,0,0,0,0,0,1,1,0,0,0,no device,device detected,no device,device detected,device detected,no device,"('r22', 1)","('r7', 2)",15:31:15,6,1,1,0,0,8,2,1,1,0,0,0,2,2,1,0,0,6,2,0,0,1,1,0,0,0,0,3,0,3,0,0,2,2,1,2,0
1805,motion,motion,no motion,no motion,motion,motion,0,0,0,0,0,0,0,1,0,0,1,1,0,1,no device,device detected,no device,device detected,device detected,no device,"('r14', 2)","('c2', 2)",15:31:30,6,1,1,0,0,8,2,1,1,0,0,0,2,2,1,0,0,6,2,0,0,1,1,0,0,0,1,3,0,3,0,0,3,1,0,2,0
1806,motion,motion,no motion,no motion,motion,motion,0,0,0,0,0,0,0,0,0,1,1,1,0,0,no device,device detected,device detected,device detected,device detected,no device,"('r22', 1)","('r10', 0)",15:31:45,6,1,1,0,0,8,3,1,1,0,0,0,2,2,1,0,0,6,2,0,0,1,1,0,0,1,0,2,0,3,0,0,3,1,1,1,0
1807,motion,motion,motion,no motion,motion,no motion,0,0,0,0,0,0,0,1,0,0,1,1,0,1,device detected,no device,no device,device detected,device detected,no device,"('r22', 1)","('r10', 0)",15:32:00,6,1,1,0,0,9,3,1,1,0,0,0,2,1,1,0,0,6,2,0,0,1,1,0,1,0,1,1,0,3,0,0,3,2,0,1,0
1808,motion,motion,no motion,no motion,motion,motion,0,0,0,0,0,0,0,0,0,0,1,1,0,0,device detected,device detected,device detected,device detected,device detected,no device,"('outside', 0)","('c2', 5)",15:32:15,6,1,1,0,0,9,1,0,1,0,0,0,1,1,1,0,0,6,2,0,1,1,1,0,1,0,0,2,0,3,0,0,2,2,0,5,0
1809,motion,motion,no motion,no motion,motion,motion,0,1,0,0,0,0,0,0,0,0,1,1,0,0,device detected,no device,device detected,device detected,device detected,no device,"('outside', 0)","('r15', 3)",15:32:30,6,1,1,0,0,9,1,0,1,0,0,0,1,1,3,1,0,6,2,0,1,1,1,0,1,0,0,3,0,3,0,0,2,1,0,2,0
1810,motion,motion,no motion,motion,motion,motion,0,0,0,0,0,0,0,0,0,1,1,1,0,0,device detected,device detected,device detected,no device,device detected,no device,"('r22', 1)","('c2', 0)",15:32:45,6,1,1,1,0,8,1,0,1,0,0,0,1,1,5,1,0,6,2,0,1,1,1,0,1,0,0,2,0,3,0,0,2,1,1,0,0
1811,motion,motion,no motion,no motion,motion,motion,0,0,0,1,0,0,1,0,0,0,1,0,0,0,device detected,device detected,device detected,device detected,no device,device detected,"('r24', 1)","('c1', 0)",15:33:00,6,0,1,0,0,9,1,0,1,0,0,1,1,1,5,1,0,6,2,0,1,0,1,1,1,0,0,2,0,3,0,0,2,1,0,1,0
1812,motion,motion,no motion,no motion,motion,motion,0,0,0,0,0,0,0,0,0,0,0,0,0,0,no device,device detected,device detected,device detected,no device,no device,"('r24', 1)","('r28', 2)",15:33:15,6,0,1,0,0,9,1,0,1,0,0,0,1,1,5,1,0,6,2,0,1,0,1,1,1,0,0,2,0,3,0,0,2,1,0,2,0
1813,motion,motion,no motion,no motion,motion,motion,0,0,0,0,0,1,0,0,0,0,1,0,0,0,device detected,device detected,device detected,device detected,device detected,no device,"('r28', 3)","('r34', 1)",15:33:30,6,0,1,0,0,8,1,0,1,0,0,0,1,2,6,1,0,7,2,0,1,0,1,0,1,0,0,3,0,3,0,0,2,1,0,0,0
1814,motion,motion,motion,no motion,motion,motion,0,0,0,0,0,2,0,0,1,1,1,0,0,0,device detected,device detected,device detected,device detected,no device,no device,"('r28', 2)","('r34', 1)",15:33:45,6,0,1,0,0,8,1,0,1,0,0,0,1,1,6,1,0,6,2,0,1,0,1,0,1,0,0,2,0,3,0,0,2,1,2,1,0
1815,motion,motion,no motion,no motion,motion,motion,0,0,0,0,0,0,1,0,0,1,1,0,0,0,no device,device detected,device detected,device detected,no device,no device,"('c1', 0)","('r34', 2)",15:34:00,6,0,1,0,0,7,1,0,1,0,0,0,1,2,6,1,0,6,2,0,1,0,1,0,1,0,0,3,0,3,0,0,1,2,0,2,0
1816,motion,motion,no motion,no motion,motion,motion,0,0,0,0,0,0,0,0,1,1,1,0,0,0,device detected,device detected,device detected,device detected,no device,no device,"('r27', 0)","('r34', 3)",15:34:15,6,0,1,0,1,6,1,0,1,1,0,0,2,1,6,1,0,6,2,0,1,0,1,0,1,0,0,2,0,3,0,0,0,3,2,0,0
1817,motion,motion,no motion,no motion,no motion,motion,0,0,0,0,0,1,1,0,0,1,1,0,0,0,device detected,device detected,device detected,device detected,device detected,no device,"('c1', 0)","('r33', 0)",15:34:30,6,0,1,0,2,5,0,0,1,1,0,0,2,1,5,1,0,5,2,0,1,0,1,0,1,0,0,3,0,3,0,0,0,3,0,4,0
1818,motion,motion,no motion,no motion,motion,motion,0,2,0,0,0,0,0,0,0,0,1,0,0,0,device detected,device detected,device detected,device detected,no device,no device,"('c2', 1)","('r33', 0)",15:34:45,6,0,1,0,2,5,0,1,1,1,0,0,2,1,5,3,0,5,2,0,1,0,1,0,1,0,0,3,0,3,0,0,0,3,0,1,0
1819,motion,motion,motion,no motion,motion,motion,0,0,0,0,0,0,0,0,0,0,1,0,0,0,device detected,device detected,device detected,device detected,device detected,device detected,"('r10', 1)","('r33', 0)",15:35:00,6,0,1,0,2,5,0,1,1,1,0,0,2,1,5,3,0,5,2,0,1,0,1,0,1,0,0,3,0,3,0,0,0,3,0,1,0
1820,motion,motion,no motion,no motion,motion,motion,0,1,0,0,0,0,0,0,0,2,1,0,0,0,device detected,device detected,device detected,device detected,no device,no device,"('c2', 0)","('r34', 3)",15:35:15,6,0,1,0,2,5,0,1,1,1,0,0,2,1,5,4,0,5,2,0,1,0,1,0,1,0,0,2,0,3,0,0,0,3,1,0,0
1821,motion,motion,no motion,no motion,motion,motion,0,0,0,0,0,0,0,0,0,1,1,0,1,0,device detected,device detected,no device,device detected,no device,no device,"('r16', 4)","('r34', 3)",15:35:30,6,0,1,0,2,5,0,1,1,1,0,0,2,1,5,4,0,5,1,1,1,0,1,0,1,0,0,3,0,3,0,0,0,3,0,0,0
1822,motion,motion,no motion,no motion,motion,motion,0,0,0,0,0,0,0,0,0,0,2,0,0,0,no device,no device,device detected,device detected,no device,no device,"('c2', 0)","('r28', 2)",15:35:45,6,0,1,0,2,5,0,1,1,1,0,0,2,1,5,4,0,5,1,0,1,0,2,0,0,1,0,2,0,3,0,0,0,4,0,0,0
1823,motion,motion,no motion,no motion,motion,motion,0,0,0,0,0,0,0,0,0,0,2,0,0,1,no device,device detected,no device,device detected,no device,no device,"('r9', 1)","('r34', 4)",15:36:00,6,0,1,0,2,5,0,1,1,1,0,0,2,1,5,4,0,5,1,0,1,0,2,0,0,0,1,2,0,3,0,0,0,4,0,0,0
1824,motion,motion,no motion,motion,motion,motion,0,0,0,0,0,0,0,1,0,0,2,0,0,0,no device,device detected,device detected,no device,no device,no device,"('c2', 0)","('r28', 2)",15:36:15,6,0,1,0,1,6,0,1,1,1,0,0,2,1,5,4,0,5,1,0,1,0,2,0,0,0,0,2,0,3,0,0,0,4,1,0,0
1825,motion,motion,no motion,motion,motion,motion,0,1,0,0,0,0,1,0,0,0,2,0,0,0,device detected,device detected,no device,device detected,no device,no device,"('r12', 0)","('r24', 0)",15:36:30,6,0,1,0,0,7,0,1,1,1,0,0,2,1,5,3,0,5,1,0,1,0,2,0,0,0,0,3,0,3,0,0,0,3,0,2,0
1826,motion,no motion,no motion,no motion,motion,motion,0,0,0,0,0,0,0,0,0,0,2,0,0,0,no device,device detected,device detected,device detected,no device,no device,"('c2', 1)","('r28', 3)",15:36:45,6,0,1,0,0,7,0,1,1,1,0,1,2,1,5,3,0,5,1,0,1,0,2,0,0,0,0,3,0,3,0,0,0,3,0,1,0
1827,motion,motion,no motion,no motion,motion,motion,0,0,0,0,0,1,0,0,0,0,2,0,0,0,no device,device detected,device detected,device detected,no device,no device,"('r17', 0)","('r34', 3)",15:37:00,6,0,2,0,0,6,0,1,1,2,0,0,2,2,5,3,0,4,1,0,1,0,2,0,0,0,0,3,0,3,0,0,0,3,0,1,0
1828,motion,no motion,no motion,no motion,motion,motion,0,0,0,0,0,0,0,0,0,0,1,0,1,0,no device,device detected,device detected,device detected,device detected,no device,"('c2', 4)","('r34', 1)",15:37:15,6,0,2,1,0,5,0,0,1,2,0,0,1,1,4,3,0,4,1,1,1,1,1,0,0,0,0,4,0,3,0,0,1,1,0,4,0
1829,motion,motion,no motion,no motion,motion,motion,0,1,1,0,0,0,0,0,0,2,1,0,0,1,no device,device detected,device detected,device detected,no device,no device,"('c1', 1)","('r28', 2)",15:37:30,6,0,2,1,0,5,0,0,1,2,0,0,1,2,4,4,0,4,1,0,1,0,1,0,0,0,1,2,0,3,0,0,1,2,1,3,0
1830,motion,motion,no motion,no motion,motion,motion,0,0,0,0,0,0,1,1,1,0,1,0,0,0,no device,no device,device detected,device detected,no device,no device,"('r28', 2)","('r28', 2)",15:37:45,6,0,2,1,0,5,0,1,1,2,0,0,1,3,4,4,0,4,1,0,1,0,1,0,0,1,0,2,0,2,0,0,0,3,2,1,0
1831,motion,no motion,no motion,no motion,motion,motion,0,0,0,0,0,0,0,0,2,1,1,0,0,0,no device,device detected,device detected,device detected,no device,no device,"('c1', 0)","('r28', 4)",15:38:00,6,0,2,1,0,6,0,1,1,3,0,0,1,3,4,4,0,4,1,0,1,0,1,0,0,0,1,4,0,2,0,0,0,2,0,0,0
1832,motion,motion,motion,no motion,motion,motion,0,0,0,0,0,0,0,1,0,0,1,0,0,0,no device,device detected,device detected,device detected,no device,no device,"('c1', 1)","('r24', 0)",15:38:15,6,0,2,1,0,7,0,1,1,2,0,0,1,2,4,4,0,4,1,0,1,0,1,0,0,0,0,4,0,2,0,0,1,1,1,1,0
1833,motion,motion,no motion,motion,motion,motion,0,0,0,0,0,0,0,0,1,1,1,1,0,0,no device,no device,device detected,device detected,no device,no device,"('r27', 0)","('r22', 0)",15:38:30,5,1,2,1,0,6,0,1,1,2,0,0,1,2,4,4,0,4,1,0,1,0,1,0,0,0,0,4,0,2,0,0,0,3,1,1,0
1834,motion,motion,no motion,no motion,motion,motion,0,0,0,1,0,0,0,1,0,0,1,0,0,0,no device,device detected,device detected,device detected,no device,no device,"('r21', 1)","('r22', 0)",15:38:45,5,0,3,0,0,8,0,1,1,2,0,0,1,1,4,4,0,4,1,0,1,0,1,0,0,1,0,4,0,2,0,0,1,2,0,1,0
1835,motion,motion,no motion,no motion,motion,motion,0,2,1,0,0,1,0,0,0,0,1,0,1,0,device detected,device detected,device detected,device detected,no device,no device,"('r27', 0)","('outside', 0)",15:39:00,5,0,2,0,0,8,0,0,1,1,0,1,1,1,4,4,0,3,1,1,1,0,1,0,0,0,0,4,0,2,0,0,1,2,0,4,0
1836,motion,motion,no motion,no motion,motion,motion,0,3,0,0,0,1,0,0,0,0,2,0,0,0,no device,device detected,device detected,no device,no device,no device,"('r27', 0)","('r22', 0)",15:39:15,5,0,2,0,0,8,0,0,1,1,0,0,1,1,4,1,0,4,1,0,1,0,2,0,0,0,0,4,0,2,0,0,1,2,0,7,0
1837,motion,motion,no motion,no motion,motion,motion,0,0,0,0,0,0,0,0,0,0,2,0,0,0,no device,device detected,device detected,device detected,no device,no device,"('r21', 1)","('r14', 1)",15:39:30,5,0,2,0,0,8,0,1,1,1,1,0,2,1,8,1,0,4,1,0,1,0,2,0,0,0,0,3,0,2,0,0,2,2,0,0,0
1838,motion,motion,no motion,no motion,no motion,motion,0,1,0,0,0,0,0,0,1,0,2,0,0,0,no device,device detected,device detected,device detected,no device,no device,"('r27', 0)","('r6', 8)",15:39:45,5,0,2,0,0,8,0,1,0,1,1,0,2,0,8,0,0,4,1,0,1,0,2,0,0,0,0,3,0,2,0,0,2,2,1,2,0
1839,motion,motion,no motion,no motion,no motion,motion,0,1,0,0,0,0,1,0,0,0,2,0,0,0,no device,device detected,device detected,device detected,no device,no device,"('r26', 0)","('r4', 0)",15:40:00,5,0,2,0,0,8,0,1,0,1,1,0,2,0,8,1,0,4,1,0,1,0,2,0,0,0,0,3,1,1,0,0,2,2,0,2,0
1840,motion,motion,motion,motion,motion,motion,0,0,0,0,0,0,1,0,0,0,0,1,2,0,no device,no device,device detected,device detected,no device,no device,"('r25', 0)","('r4', 0)",15:40:15,4,1,2,0,0,7,0,1,0,2,1,0,2,1,8,1,0,4,1,2,1,0,0,0,0,0,0,3,1,1,0,0,2,2,1,0,0
1841,motion,motion,no motion,no motion,no motion,motion,0,0,1,1,0,0,0,1,1,0,0,0,0,1,no device,device detected,device detected,device detected,no device,no device,"('r25', 0)","('r4', 0)",15:40:30,4,0,3,0,0,7,0,1,0,1,1,0,2,0,8,1,0,4,2,0,1,0,0,0,0,1,1,3,0,2,0,0,1,3,1,1,0
1842,motion,motion,no motion,no motion,no motion,motion,0,0,0,0,0,0,1,0,0,0,0,0,0,1,no device,device detected,device detected,device detected,no device,no device,"('r25', 0)","('r4', 0)",15:40:45,4,0,3,0,0,7,0,1,0,1,1,0,2,0,9,1,0,4,2,0,1,0,0,0,0,1,1,4,0,2,0,0,1,2,0,1,0
1843,motion,motion,no motion,no motion,no motion,motion,0,0,1,0,0,1,0,1,0,0,0,0,1,0,no device,device detected,device detected,device detected,no device,device detected,"('r29', 0)","('r4', 0)",15:41:00,4,0,2,0,0,7,1,1,0,0,0,1,2,0,9,1,0,3,2,1,1,0,0,0,0,0,0,4,0,2,0,0,1,2,1,3,0
1844,motion,motion,no motion,no motion,no motion,motion,0,0,0,0,0,0,2,0,0,0,1,0,0,0,no device,device detected,device detected,device detected,no device,no device,"('r25', 0)","('r6', 7)",15:41:15,4,0,2,0,0,7,1,1,0,2,0,0,2,0,9,1,0,3,2,0,1,0,1,0,0,0,0,3,0,2,0,0,1,3,1,2,0
1845,motion,motion,no motion,no motion,no motion,motion,0,0,0,0,0,0,0,0,0,0,1,0,0,0,no device,device detected,device detected,device detected,no device,no device,"('r29', 0)","('r6', 7)",15:41:30,4,0,2,0,0,7,1,1,0,1,0,0,2,0,8,1,0,3,2,0,1,0,1,0,0,2,0,4,0,0,0,0,2,1,1,4,0
1846,motion,motion,no motion,no motion,no motion,motion,0,0,0,0,0,0,2,0,0,1,1,0,0,2,no device,device detected,device detected,device detected,device detected,no device,"('r30', 0)","('r4', 0)",15:41:45,4,0,2,0,0,7,1,1,0,1,0,0,2,0,10,1,0,3,2,0,1,0,1,0,0,0,2,6,0,0,0,0,2,0,2,0,0
1847,motion,motion,no motion,motion,no motion,motion,0,0,0,0,0,0,0,1,0,1,1,0,0,0,no device,device detected,device detected,no device,no device,device detected,"('r30', 0)","('r4', 0)",15:42:00,4,0,2,0,0,7,1,1,0,1,0,0,2,0,9,1,0,3,2,0,2,0,1,1,0,0,0,3,0,0,0,0,2,1,4,1,0
1848,motion,motion,no motion,no motion,motion,motion,0,0,0,0,0,0,0,0,1,0,1,0,0,0,no device,device detected,no device,device detected,no device,device detected,"('r30', 0)","('r4', 0)",15:42:15,4,0,2,0,0,7,1,1,0,1,1,0,2,1,8,1,0,3,2,0,2,0,1,1,0,0,0,2,0,0,0,0,3,1,3,1,0
1849,motion,motion,no motion,no motion,motion,motion,0,0,0,0,0,1,1,0,0,0,1,0,0,0,no device,device detected,device detected,device detected,device detected,no device,"('r26', 0)","('r6', 7)",15:42:30,4,0,2,0,0,7,1,1,0,1,0,0,2,1,8,1,0,2,2,0,2,1,1,0,0,0,0,1,0,0,0,0,3,2,4,2,0
1850,motion,motion,motion,no motion,motion,motion,0,0,0,0,0,0,0,1,1,0,1,0,0,1,no device,device detected,device detected,device detected,device detected,no device,"('r30', 0)","('r6', 7)",15:42:45,4,0,2,0,0,7,1,1,1,1,0,1,2,1,8,1,0,2,2,0,2,2,1,0,0,0,1,2,0,0,0,0,3,1,2,0,0
1851,motion,motion,no motion,no motion,motion,motion,0,0,0,0,0,0,0,0,1,1,1,0,0,0,no device,device detected,device detected,device detected,device detected,no device,"('r26', 1)","('r4', 0)",15:43:00,4,0,3,0,0,7,0,1,0,1,0,0,2,2,8,1,0,2,2,0,2,2,1,0,0,1,0,1,0,0,0,0,3,1,2,2,0
1852,motion,motion,no motion,no motion,motion,motion,0,0,1,0,0,0,1,0,0,0,1,0,1,0,no device,device detected,device detected,device detected,no device,no device,"('r20', 1)","('r6', 8)",15:43:15,4,0,3,0,0,8,0,1,0,1,0,0,2,2,9,1,0,2,2,1,2,1,1,0,0,0,0,1,0,0,0,0,3,1,3,0,0
1853,motion,no motion,no motion,no motion,motion,motion,0,0,0,0,0,1,0,1,0,0,1,0,1,1,no device,no device,device detected,device detected,device detected,no device,"('r19', 1)","('r5', 1)",15:43:30,4,0,3,0,1,8,0,1,0,1,0,0,2,1,8,1,0,1,1,1,2,1,2,0,0,0,1,1,0,0,0,0,3,1,2,2,0
1854,motion,motion,no motion,no motion,motion,motion,0,0,1,0,0,0,0,0,0,0,2,0,0,0,no device,device detected,device detected,device detected,device detected,no device,"('r19', 1)","('r6', 8)",15:43:45,4,0,3,0,1,8,0,1,0,1,0,0,2,1,8,1,0,1,1,0,3,1,2,0,0,1,0,1,0,0,0,0,3,1,2,2,0
1855,motion,motion,no motion,no motion,motion,no motion,0,0,0,0,0,0,0,0,0,1,2,0,0,1,no device,device detected,device detected,device detected,device detected,no device,"('r19', 1)","('r4', 0)",15:44:00,4,0,3,0,2,6,0,1,0,1,0,0,2,2,7,1,0,1,1,0,3,1,2,0,0,0,1,0,0,0,0,0,3,1,3,3,0
1856,motion,motion,no motion,no motion,motion,no motion,0,0,0,0,0,0,0,1,0,0,2,0,0,2,no device,device detected,no device,device detected,device detected,no device,"('r19', 1)","('r4', 0)",15:44:15,4,0,3,0,1,8,0,0,0,1,0,0,2,1,7,1,0,1,1,0,3,1,2,0,0,0,2,0,0,0,0,0,4,0,2,4,0
1857,motion,motion,no motion,no motion,motion,motion,0,0,0,0,0,1,1,0,0,0,2,0,0,1,no device,device detected,device detected,device detected,device detected,no device,"('r19', 1)","('r6', 8)",15:44:30,4,0,3,0,1,8,0,0,0,1,0,0,2,1,7,1,0,2,1,0,3,1,2,0,0,1,1,0,0,0,0,0,3,1,3,2,0
1858,motion,motion,no motion,no motion,motion,no motion,0,0,1,0,0,0,0,0,1,0,2,0,1,1,no device,device detected,device detected,no device,device detected,no device,"('r19', 1)","('r5', 1)",15:44:45,4,0,2,0,1,9,0,0,0,1,0,1,2,1,7,1,0,2,1,1,3,1,2,0,0,0,1,0,0,0,0,0,3,1,2,2,0
1859,motion,motion,no motion,motion,motion,motion,0,0,0,0,0,0,0,0,0,0,2,0,0,1,no device,no device,device detected,device detected,device detected,no device,"('r20', 0)","('r5', 1)",15:45:00,4,0,2,0,1,6,0,0,0,1,0,0,2,3,7,1,0,2,2,0,3,2,2,0,0,0,1,1,0,0,0,0,3,0,2,3,0
1860,motion,motion,no motion,no motion,motion,motion,0,0,0,0,0,0,0,0,0,0,2,0,0,1,no device,device detected,device detected,no device,no device,no device,"('r20', 0)","('r6', 7)",15:45:15,4,0,2,0,1,7,0,0,0,1,0,0,2,2,6,1,0,2,2,0,3,1,2,0,0,0,1,1,0,0,0,0,3,0,2,4,1
1861,motion,motion,no motion,no motion,motion,no motion,0,0,0,1,0,0,0,0,0,1,2,1,0,1,no device,device detected,no device,device detected,device detected,no device,"('r26', 0)","('r14', 2)",15:45:30,4,1,1,0,1,7,1,0,0,1,0,0,2,2,6,1,0,2,2,0,3,2,2,0,0,0,1,0,0,0,0,0,3,0,3,3,0
1862,motion,motion,no motion,motion,motion,no motion,0,0,0,0,0,1,2,0,0,0,1,1,0,1,no device,device detected,device detected,device detected,device detected,no device,"('r27', 1)","('c1', 1)",15:45:45,4,1,1,0,1,7,1,0,0,1,0,0,2,1,6,1,0,1,2,0,3,3,2,0,0,0,1,0,0,0,0,0,3,0,1,6,0
1863,motion,motion,no motion,no motion,motion,no motion,0,2,0,1,0,1,0,0,0,0,1,2,0,1,no device,no device,device detected,device detected,device detected,no device,"('r32', 0)","('c1', 1)",15:46:00,4,2,0,0,1,6,1,0,0,1,0,0,2,2,6,3,0,2,2,0,3,2,2,0,0,0,1,0,0,0,0,0,3,0,1,3,1
1864,motion,motion,no motion,no motion,motion,no motion,0,1,0,0,0,1,1,0,1,0,2,1,1,1,device detected,no device,device detected,device detected,device detected,no device,"('r31', 0)","('r27', 1)",15:46:15,5,1,0,0,1,6,1,0,0,1,0,0,2,1,6,2,0,1,1,1,3,2,2,0,0,0,1,0,0,0,0,0,3,0,1,6,1
1865,motion,motion,no motion,no motion,motion,no motion,0,0,0,0,1,0,0,0,0,0,1,1,1,1,no device,no device,device detected,device detected,device detected,no device,"('r32', 0)","('r26', 0)",15:46:30,5,1,0,0,1,6,1,0,0,1,0,0,2,1,5,2,1,1,2,1,3,2,1,0,0,0,1,0,0,0,0,0,2,1,1,6,1
1866,motion,motion,no motion,no motion,motion,motion,0,0,1,0,0,0,0,0,0,0,1,1,0,1,no device,no device,device detected,device detected,device detected,no device,"('r31', 0)","('r20', 0)",15:46:45,5,1,0,0,1,6,1,0,1,1,0,0,2,1,5,2,1,1,2,0,3,2,1,0,0,1,1,0,0,0,0,0,2,1,1,5,1
1867,motion,motion,no motion,no motion,motion,no motion,0,1,0,0,0,0,0,0,0,0,1,1,0,2,no device,no device,no device,device detected,device detected,no device,"('r31', 0)","('r23', 1)",15:47:00,5,1,0,0,1,5,1,0,1,1,0,0,2,2,4,1,1,1,2,0,3,2,1,0,0,0,2,0,0,0,0,0,0,3,1,7,1
1868,motion,motion,no motion,no motion,motion,no motion,0,0,0,0,1,1,0,1,0,0,1,1,0,1,no device,no device,device detected,device detected,device detected,no device,"('r31', 0)","('r20', 0)",15:47:15,5,1,0,0,1,5,1,1,0,1,0,0,2,2,4,1,2,2,2,0,3,2,1,0,0,0,1,0,0,0,0,0,0,3,2,5,1
1869,motion,motion,no motion,no motion,motion,motion,0,0,0,0,1,1,0,0,1,0,1,1,0,1,no device,no device,device detected,device detected,device detected,no device,"('r32', 0)","('r20', 0)",15:47:30,5,1,0,1,1,4,1,1,1,1,0,0,2,3,4,1,1,3,2,0,3,2,1,0,0,0,1,1,0,0,0,0,0,2,1,4,1
1870,motion,motion,no motion,no motion,motion,motion,0,0,0,0,0,0,0,0,0,0,1,1,0,1,no device,no device,device detected,device detected,device detected,no device,"('r32', 0)","('r26', 0)",15:47:45,5,1,0,1,2,4,1,1,1,1,0,0,2,2,5,1,1,3,2,0,3,1,1,0,0,0,1,1,0,0,0,0,0,2,1,3,2
1871,motion,motion,no motion,no motion,motion,motion,0,0,0,0,1,1,1,0,0,0,1,1,0,1,no device,no device,device detected,device detected,device detected,no device,"('r31', 0)","('r26', 0)",15:48:00,5,1,0,2,1,4,1,0,1,1,0,0,2,2,5,1,2,4,2,0,3,1,1,0,0,0,1,1,0,0,0,0,0,2,0,3,2
1872,motion,motion,no motion,no motion,motion,motion,0,0,0,0,0,1,0,0,0,0,1,1,0,1,no device,device detected,device detected,device detected,device detected,no device,"('r32', 0)","('r25', 0)",15:48:15,5,1,0,2,0,4,1,0,1,1,0,0,2,3,3,1,2,3,2,0,3,1,1,0,0,0,1,1,0,0,0,0,0,2,0,6,2
1873,motion,motion,no motion,no motion,motion,no motion,0,0,0,0,0,0,1,0,1,0,1,1,0,0,no device,device detected,device detected,device detected,no device,no device,"('r32', 0)","('r29', 0)",15:48:30,5,1,0,2,1,3,1,0,1,1,0,0,2,2,5,1,2,3,2,0,4,1,1,0,0,0,0,0,0,0,0,0,0,3,2,3,2
1874,motion,motion,no motion,no motion,motion,no motion,0,0,0,0,0,0,0,2,0,0,1,1,0,3,no device,no device,device detected,device detected,device detected,no device,"('r31', 0)","('r30', 0)",15:48:45,5,1,0,2,1,3,1,0,0,1,0,1,2,2,5,1,2,3,2,0,3,1,1,0,0,0,3,0,0,0,0,0,1,2,0,3,2
1875,motion,motion,no motion,no motion,motion,motion,0,0,0,0,0,1,0,0,0,0,1,1,0,2,no device,device detected,device detected,device detected,no device,no device,"('r32', 0)","('r26', 0)",15:49:00,5,1,1,2,1,3,1,0,0,1,0,0,2,3,5,1,2,4,2,0,4,0,1,0,0,0,2,1,0,0,0,0,1,1,0,2,2
1876,motion,motion,no motion,no motion,motion,motion,0,0,0,0,0,0,0,0,1,0,1,1,0,1,no device,device detected,device detected,device detected,device detected,no device,"('r32', 0)","('r25', 0)",15:49:15,5,1,1,2,1,2,1,0,0,1,0,0,2,2,5,1,2,4,2,0,4,1,1,0,0,1,1,1,0,0,0,0,1,1,1,2,2
1877,motion,motion,no motion,no motion,motion,no motion,0,0,1,0,0,0,1,0,1,0,1,1,1,1,device detected,no device,device detected,device detected,device detected,no device,"('r27', 1)","('r29', 0)",15:49:30,5,1,1,2,1,2,1,0,0,1,0,0,2,1,5,1,2,4,2,1,4,1,1,0,0,0,1,1,0,0,0,0,0,2,1,3,2
1878,motion,motion,no motion,no motion,motion,motion,0,0,0,0,0,0,0,1,0,0,2,1,0,1,no device,device detected,device detected,device detected,device detected,no device,"('r32', 0)","('r25', 0)",15:49:45,5,1,1,2,1,2,1,0,0,1,0,0,3,1,6,1,2,4,2,0,4,1,2,0,0,1,1,1,0,0,0,0,0,2,0,1,2
1879,motion,motion,no motion,motion,motion,motion,0,0,0,0,0,0,0,0,0,0,2,1,0,1,no device,device detected,device detected,no device,device detected,no device,"('r31', 0)","('r29', 0)",15:50:00,5,1,1,2,1,2,1,0,0,1,0,0,3,1,5,1,2,4,2,0,4,2,2,0,0,0,1,1,0,1,0,0,0,2,0,2,1
1880,motion,motion,no motion,no motion,motion,no motion,0,0,0,0,0,1,0,0,0,0,2,1,0,1,no device,no device,device detected,device detected,device detected,no device,"('r31', 0)","('r29', 0)",15:50:15,5,1,1,2,1,2,1,0,1,1,0,0,3,1,4,1,2,3,2,0,4,2,2,0,0,0,1,1,0,1,0,0,0,2,0,3,1
1881,motion,motion,motion,no motion,motion,motion,0,0,0,0,1,0,0,0,0,0,2,1,0,1,no device,device detected,device detected,device detected,device detected,no device,"('r31', 0)","('r29', 0)",15:50:30,5,1,1,3,1,1,1,0,0,1,0,0,2,1,6,1,1,3,2,0,4,2,2,0,0,0,1,2,0,1,0,0,0,1,0,4,1
1882,motion,motion,no motion,no motion,motion,motion,0,0,0,1,1,0,0,0,0,0,2,0,0,1,no device,no device,device detected,device detected,device detected,no device,"('r31', 0)","('r29', 0)",15:50:45,5,0,2,3,1,1,1,0,0,1,0,1,2,1,8,1,0,3,2,0,4,2,2,0,0,0,1,2,0,1,0,0,0,1,0,2,1
1883,motion,motion,no motion,no motion,no motion,motion,0,0,0,0,0,1,0,0,0,0,2,0,0,1,no device,device detected,device detected,device detected,device detected,no device,"('r32', 0)","('r30', 1)",15:51:00,5,0,3,3,1,2,1,1,0,1,0,0,2,0,8,1,0,2,2,0,4,2,2,0,0,0,1,2,0,1,0,0,0,1,0,2,1
1884,motion,motion,no motion,no motion,motion,motion,0,0,0,1,1,0,0,0,0,0,2,2,0,1,no device,no device,device detected,device detected,device detected,no device,"('r31', 0)","('r30', 1)",15:51:15,4,2,2,2,1,3,1,1,0,1,0,0,2,1,8,1,1,2,2,0,4,1,2,0,0,0,1,1,0,1,0,0,0,2,0,1,1
1885,motion,motion,no motion,no motion,motion,motion,0,0,0,1,0,0,0,0,1,0,2,0,0,0,no device,device detected,device detected,no device,device detected,device detected,"('r32', 0)","('r26', 0)",15:51:30,5,0,3,1,1,3,1,1,0,1,0,0,2,1,8,1,1,2,2,0,4,1,2,0,0,0,1,2,0,1,0,0,0,1,1,1,1
1886,motion,motion,no motion,motion,motion,motion,0,1,0,0,1,0,2,0,0,1,2,0,0,1,no device,device detected,no device,device detected,device detected,no device,"('r27', 1)","('r26', 0)",15:51:45,5,0,2,1,1,1,1,1,0,1,0,1,2,3,8,0,0,2,2,0,4,1,2,0,0,0,1,1,0,1,0,0,0,1,2,3,1
1887,motion,motion,motion,no motion,motion,motion,0,1,0,0,0,0,1,0,1,0,2,0,0,2,no device,device detected,device detected,device detected,device detected,no device,"('r26', 0)","('r25', 0)",15:52:00,5,0,2,1,1,3,1,1,0,1,0,2,2,2,7,1,0,2,2,0,3,1,2,0,0,0,2,1,0,1,0,0,0,1,0,3,1
1888,motion,motion,no motion,no motion,motion,motion,0,1,0,0,0,0,0,1,0,0,2,0,0,1,no device,device detected,device detected,device detected,device detected,no device,"('r25', 0)","('r29', 0)",15:52:15,5,0,3,1,1,2,1,1,0,2,0,1,2,3,8,2,0,2,2,0,3,2,2,0,0,0,1,2,0,1,0,0,0,0,1,0,0
1889,motion,motion,no motion,no motion,motion,motion,0,0,0,1,0,3,1,0,0,0,2,1,0,1,no device,device detected,device detected,no device,device detected,no device,"('r29', 0)","('r30', 1)",15:52:30,5,1,2,1,1,2,1,1,0,2,0,1,2,4,8,2,0,0,2,0,3,1,2,0,0,0,1,2,0,1,0,0,0,0,0,3,0
1890,motion,motion,no motion,no motion,motion,motion,0,1,0,0,0,0,1,0,1,1,2,1,0,1,no device,no device,device detected,device detected,device detected,no device,"('r29', 0)","('r29', 0)",15:52:45,5,1,2,1,1,2,1,1,0,2,0,2,1,2,8,3,0,0,2,0,3,2,2,0,0,0,1,1,0,1,0,0,0,0,3,1,0
1891,motion,motion,no motion,no motion,motion,motion,0,0,0,0,0,0,0,1,1,1,2,1,1,2,no device,no device,device detected,device detected,device detected,device detected,"('r29', 0)","('r29', 0)",15:53:00,5,1,3,1,1,2,1,1,0,2,0,1,1,3,8,3,0,0,1,1,3,1,2,0,0,0,2,2,0,1,0,0,0,0,0,1,1
1892,motion,motion,no motion,no motion,motion,motion,0,0,1,1,0,0,1,0,0,0,2,1,0,1,no device,device detected,no device,device detected,device detected,no device,"('r25', 0)","('r29', 0)",15:53:15,6,1,2,1,0,4,1,1,0,2,0,0,1,2,8,3,0,0,1,0,4,1,2,0,0,1,1,2,0,1,0,0,0,0,1,1,1
1893,motion,motion,no motion,motion,motion,motion,0,0,0,0,0,0,0,0,1,0,1,1,0,1,device detected,device detected,device detected,device detected,device detected,no device,"('r29', 0)","('r29', 0)",15:53:30,6,1,2,1,0,4,1,2,0,2,0,0,1,3,8,3,0,0,1,0,4,2,2,0,1,0,1,2,0,1,0,0,0,0,0,0,0
1894,motion,motion,no motion,no motion,motion,motion,0,0,0,0,0,0,0,0,0,0,2,1,0,1,device detected,no device,device detected,device detected,device detected,no device,"('r30', 1)","('r25', 1)",15:53:45,6,1,2,1,0,5,1,2,0,2,0,0,1,0,8,3,0,0,1,0,4,4,2,0,1,0,1,2,0,1,0,0,0,0,0,0,0
1895,motion,motion,motion,no motion,motion,motion,0,0,0,0,0,0,0,0,0,0,2,1,0,0,device detected,device detected,device detected,device detected,device detected,no device,"('r30', 1)","('r25', 1)",15:54:00,6,1,2,1,0,5,1,2,0,2,0,0,1,1,7,3,0,0,1,0,4,3,2,0,1,0,1,2,0,1,0,0,0,0,0,1,0
1896,motion,no motion,no motion,no motion,motion,motion,0,1,0,0,1,0,0,0,0,0,2,2,0,1,device detected,device detected,device detected,device detected,device detected,no device,"('r30', 1)","('r29', 0)",15:54:15,5,2,2,1,0,4,1,2,0,2,0,0,1,2,7,2,1,0,1,0,4,3,2,0,1,0,1,2,0,1,0,0,0,0,0,1,0
1897,motion,motion,no motion,no motion,motion,motion,0,0,0,1,1,0,0,0,1,0,2,1,0,1,device detected,device detected,device detected,device detected,device detected,no device,"('r30', 1)","('r30', 1)",15:54:30,5,1,3,1,0,4,0,2,0,2,0,0,1,2,7,2,0,0,1,0,4,2,2,0,1,0,1,2,0,1,0,0,0,0,1,3,0
1898,motion,no motion,motion,no motion,motion,no motion,0,0,0,0,0,1,3,1,0,0,1,1,1,2,device detected,device detected,device detected,device detected,device detected,device detected,"('r30', 1)","('r30', 1)",15:54:45,5,1,2,1,0,4,0,2,0,2,0,1,1,2,7,2,0,1,1,1,4,2,1,0,1,0,2,1,0,1,0,0,0,1,1,1,0
1899,motion,motion,motion,no motion,motion,motion,0,0,1,0,0,1,0,1,0,0,1,1,0,2,device detected,device detected,no device,device detected,device detected,no device,"('r29', 0)","('r26', 1)",15:55:00,5,1,2,1,0,4,1,2,0,2,0,0,1,2,7,2,0,0,1,0,5,2,1,0,1,1,2,1,0,1,0,0,0,1,0,2,0
1900,motion,motion,no motion,no motion,motion,motion,0,0,0,0,0,0,0,0,0,0,1,1,0,2,device detected,device detected,device detected,device detected,device detected,no device,"('r30', 1)","('r27', 2)",15:55:15,5,1,2,1,0,4,1,3,0,2,0,0,1,1,7,2,0,0,1,0,6,3,1,0,1,0,2,1,0,1,0,0,0,1,0,1,0
1901,motion,motion,no motion,motion,motion,motion,0,0,0,0,0,0,0,1,0,0,1,1,0,1,no device,device detected,device detected,device detected,no device,no device,"('r26', 0)","('r26', 0)",15:55:30,5,1,2,1,0,4,1,2,0,2,0,0,1,1,7,2,0,0,1,0,6,3,1,0,1,0,1,1,0,1,0,0,0,1,1,2,0
1902,motion,motion,no motion,no motion,no motion,motion,0,0,0,0,1,0,1,0,0,1,1,1,0,1,no device,device detected,device detected,device detected,device detected,no device,"('r30', 1)","('r25', 1)",15:55:45,5,1,2,1,0,4,1,2,0,2,0,0,1,1,7,2,1,0,1,0,6,2,1,0,1,0,1,1,0,1,0,0,0,0,1,2,1
1903,motion,motion,no motion,no motion,no motion,motion,0,0,0,0,1,0,2,1,0,0,1,1,0,1,device detected,device detected,no device,device detected,device detected,no device,"('r26', 0)","('r29', 0)",15:56:00,5,1,2,1,0,5,1,2,0,2,0,1,1,0,8,2,0,0,1,0,5,2,1,0,1,0,1,1,0,1,0,0,0,0,1,2,1
1904,motion,motion,no motion,motion,motion,motion,0,0,0,1,0,0,1,1,0,0,1,2,0,0,device detected,device detected,device detected,device detected,device detected,no device,"('r30', 1)","('r30', 1)",15:56:15,5,2,2,1,0,3,1,2,0,4,0,0,1,2,8,2,0,0,1,0,5,2,1,0,0,1,0,1,0,1,0,0,0,0,1,1,1
1905,motion,no motion,no motion,no motion,motion,motion,0,0,0,0,0,0,1,0,0,0,1,1,0,2,device detected,device detected,device detected,device detected,device detected,no device,"('r26', 0)","('r29', 0)",15:56:30,6,1,2,1,0,3,1,2,0,4,0,0,1,2,8,2,0,0,1,0,4,2,1,0,0,0,2,1,0,1,0,0,0,0,0,2,1
1906,motion,motion,no motion,no motion,motion,motion,0,0,0,0,0,0,1,1,0,0,1,1,0,1,no device,device detected,device detected,device detected,device detected,no device,"('r25', 0)","('r29', 0)",15:56:45,6,1,2,1,0,3,2,2,0,4,0,0,1,3,8,2,0,0,1,0,4,1,1,0,0,0,1,1,0,1,0,0,0,0,2,0,1
1907,motion,motion,no motion,no motion,motion,motion,0,0,0,0,0,0,1,1,0,0,0,1,0,0,no device,device detected,device detected,device detected,no device,no device,"('r29', 0)","('r30', 1)",15:57:00,6,1,2,1,0,4,2,2,0,4,0,0,1,2,8,2,0,0,1,0,4,1,1,0,0,1,1,1,0,1,0,0,0,0,0,1,1
1908,motion,motion,motion,no motion,motion,motion,0,1,1,0,0,0,0,0,1,0,1,1,1,0,no device,device detected,device detected,device detected,device detected,no device,"('r29', 0)","('r26', 0)",15:57:15,6,1,2,1,0,3,2,2,0,4,0,0,1,2,8,3,0,0,1,1,4,1,1,0,0,0,1,1,0,1,0,0,0,0,1,0,1
1909,motion,motion,no motion,no motion,motion,motion,0,0,0,0,0,0,0,1,0,0,2,1,0,1,no device,device detected,device detected,device detected,device detected,no device,"('r25', 0)","('r30', 1)",15:57:30,6,1,2,0,0,4,1,2,0,3,0,0,1,2,8,3,0,0,1,0,4,1,2,0,0,1,1,1,0,1,0,0,0,0,0,2,1
1910,motion,motion,motion,no motion,motion,motion,0,0,1,0,0,0,1,0,0,0,2,1,1,0,no device,device detected,device detected,device detected,device detected,no device,"('r29', 0)","('r26', 0)",15:57:45,6,1,2,1,0,3,1,2,0,3,0,0,1,2,8,3,0,0,1,1,4,1,2,0,0,0,1,1,0,1,0,0,0,0,1,1,1
1911,motion,motion,no motion,no motion,motion,motion,0,0,0,1,0,0,0,1,0,0,2,0,0,2,no device,device detected,device detected,device detected,device detected,no device,"('r25', 0)","('r25', 0)",15:58:00,6,0,3,0,0,4,1,2,0,3,0,0,1,1,8,3,0,0,2,0,4,2,2,0,0,0,2,1,0,1,0,0,0,0,0,1,1
1912,motion,motion,motion,motion,motion,motion,0,0,0,0,0,0,0,0,0,0,2,0,0,0,no device,device detected,device detected,device detected,device detected,no device,"('r25', 0)","('r29', 0)",15:58:15,6,0,2,0,0,4,1,2,0,3,0,1,1,1,8,3,0,0,2,0,4,2,2,0,0,1,0,1,0,1,0,1,0,0,0,1,1
1913,motion,motion,no motion,motion,motion,motion,0,0,2,1,0,0,0,0,0,0,2,1,1,0,no device,device detected,device detected,device detected,device detected,no device,"('r25', 0)","('r25', 0)",15:58:30,4,1,3,0,0,4,0,2,1,3,0,0,1,1,8,3,0,0,2,1,4,2,2,0,0,0,0,1,0,1,0,1,0,0,0,2,1
1914,motion,motion,no motion,motion,motion,motion,0,0,0,1,0,0,1,0,0,0,3,0,0,1,no device,device detected,device detected,no device,device detected,no device,"('r25', 0)","('r29', 0)",15:58:45,4,0,2,0,0,4,0,2,1,3,0,2,1,2,8,3,0,0,2,0,3,1,3,0,0,0,1,1,0,1,0,1,0,0,1,1,1
1915,motion,motion,no motion,motion,motion,motion,0,0,0,0,0,0,1,3,1,0,3,0,0,2,no device,device detected,device detected,device detected,no device,device detected,"('r29', 0)","('r30', 1)",15:59:00,4,0,1,0,0,4,0,1,1,3,0,1,1,1,8,3,0,0,2,0,3,1,3,0,0,0,2,0,0,1,0,1,0,1,2,3,1
1916,motion,motion,no motion,motion,motion,motion,0,2,0,0,0,0,0,1,1,0,3,0,0,2,no device,device detected,device detected,device detected,device detected,no device,"('r29', 0)","('r26', 1)",15:59:15,4,0,1,0,0,4,0,2,1,3,0,0,2,2,7,3,0,0,2,0,3,1,3,0,0,1,2,1,0,1,0,1,0,0,0,3,1
1917,motion,motion,no motion,motion,motion,no motion,0,0,0,0,0,0,3,1,0,1,2,0,0,1,no device,device detected,device detected,device detected,device detected,no device,"('r25', 0)","('r27', 1)",15:59:30,4,0,1,0,0,4,0,2,1,3,0,1,2,1,6,3,0,0,2,0,3,2,3,0,0,2,1,0,0,2,0,1,0,0,2,1,1
1918,motion,motion,no motion,motion,motion,no motion,0,0,2,0,0,0,0,2,0,0,3,0,2,2,no device,device detected,device detected,device detected,device detected,no device,"('r26', 1)","('c1', 0)",15:59:45,4,0,2,1,0,3,0,2,1,3,0,0,2,1,6,3,0,0,2,2,3,2,3,0,0,1,2,0,0,2,0,1,0,0,0,1,1
1919,motion,motion,no motion,no motion,no motion,no motion,0,0,2,1,0,0,1,0,1,0,4,0,2,0,no device,device detected,device detected,device detected,device detected,no device,"('r26', 1)","('c2', 0)",16:00:00,4,1,1,1,0,3,0,2,1,3,0,0,2,0,6,3,0,0,3,2,3,2,4,0,0,1,0,0,0,2,0,1,0,0,2,0,1
1920,motion,motion,no motion,motion,motion,motion,0,0,1,0,0,0,0,1,1,0,5,0,2,1,no device,device detected,device detected,device detected,device detected,no device,"('r25', 0)","('c1', 0)",16:00:15,5,0,1,1,0,3,0,2,1,3,0,0,2,1,5,3,0,0,3,2,3,2,5,0,0,1,1,0,0,1,0,1,0,0,0,1,1
1921,motion,motion,no motion,motion,motion,no motion,0,0,1,0,0,0,1,0,0,0,6,1,1,0,no device,device detected,device detected,device detected,device detected,no device,"('r26', 1)","('r27', 0)",16:00:30,4,1,1,1,0,2,0,2,1,3,0,0,2,2,5,3,0,0,3,2,3,2,6,0,0,1,0,0,0,1,0,1,0,0,1,0,1
1922,motion,motion,no motion,motion,motion,no motion,0,0,1,0,0,0,0,0,1,0,6,1,2,0,no device,device detected,device detected,no device,device detected,no device,"('r25', 0)","('c1', 0)",16:00:45,4,1,1,1,0,3,0,2,1,3,0,0,2,2,4,3,0,0,4,2,3,2,6,0,0,0,0,0,0,1,0,1,0,0,0,1,1
1923,motion,motion,no motion,motion,motion,no motion,0,0,0,0,0,1,0,0,0,0,8,1,0,0,no device,no device,device detected,device detected,device detected,device detected,"('r25', 0)","('c2', 0)",16:01:00,4,1,1,1,0,4,0,2,1,3,0,0,2,1,4,3,0,1,4,0,3,2,8,0,0,0,0,0,0,1,0,1,0,0,0,0,1
1924,motion,motion,no motion,motion,motion,no motion,0,1,0,0,0,0,0,0,0,0,8,1,0,1,no device,device detected,device detected,device detected,device detected,no device,"('r26', 0)","('r11', 0)",16:01:15,4,1,1,1,0,4,0,2,1,3,0,0,1,1,4,4,0,1,4,0,2,2,8,0,0,0,1,0,0,1,0,1,0,0,0,0,1
1925,motion,motion,no motion,motion,motion,no motion,0,0,0,0,0,0,0,0,0,0,8,1,0,0,no device,device detected,device detected,device detected,device detected,no device,"('r25', 0)","('r11', 0)",16:01:30,4,1,1,1,0,4,0,2,1,3,0,0,1,1,4,4,0,1,4,0,2,2,8,0,0,0,1,0,0,1,0,1,0,0,0,0,1
1926,motion,motion,no motion,motion,motion,no motion,0,0,0,0,0,0,0,0,0,0,8,1,0,0,no device,device detected,device detected,device detected,device detected,no device,"('r25', 0)","('c2', 0)",16:01:45,4,1,1,1,0,3,0,2,1,3,0,0,1,2,4,4,0,1,4,0,2,2,8,0,0,0,0,0,0,1,0,2,0,0,0,0,1
1927,motion,motion,no motion,motion,no motion,no motion,0,0,0,0,0,0,0,0,1,0,8,1,0,0,no device,no device,device detected,device detected,device detected,no device,"('r29', 0)","('r10', 2)",16:02:00,4,1,1,1,0,3,0,1,1,2,0,0,1,1,4,4,0,1,4,0,2,2,8,0,0,0,0,0,0,1,0,2,0,0,1,2,1
1928,motion,motion,no motion,no motion,motion,no motion,0,0,0,0,0,2,1,1,0,0,8,1,0,1,no device,device detected,device detected,device detected,device detected,no device,"('r25', 0)","('c2', 0)",16:02:15,4,1,1,1,0,2,0,1,1,2,0,0,1,2,4,4,0,2,4,0,2,2,8,0,0,0,1,0,0,1,0,2,0,0,1,0,1
1929,motion,motion,no motion,motion,motion,no motion,0,0,0,0,0,0,0,1,1,0,8,1,1,1,no device,device detected,device detected,device detected,device detected,no device,"('r29', 0)","('r18', 2)",16:02:30,4,1,1,1,0,2,0,1,1,2,0,0,1,1,4,4,0,2,3,1,2,2,8,0,0,1,1,0,0,0,0,3,0,0,1,0,1
1930,motion,motion,no motion,motion,motion,no motion,0,1,0,0,0,0,1,0,0,0,8,1,1,2,no device,device detected,device detected,device detected,device detected,no device,"('r29', 0)","('r18', 2)",16:02:45,4,1,1,1,0,1,0,0,1,2,0,0,1,2,4,3,0,2,3,1,3,2,8,0,0,0,2,0,0,0,0,2,0,0,0,3,1
1931,motion,motion,no motion,motion,motion,no motion,0,1,1,1,0,3,1,2,0,0,8,0,0,0,device detected,device detected,device detected,device detected,device detected,no device,"('r30', 0)","('c2', 3)",16:03:00,4,0,2,1,0,1,0,0,1,2,0,0,1,1,4,2,0,2,3,0,3,3,8,0,0,1,0,0,0,0,0,2,0,0,3,3,1
1932,motion,motion,no motion,motion,no motion,motion,0,0,0,0,0,0,2,1,0,1,8,0,0,2,no device,device detected,device detected,device detected,device detected,no device,"('r26', 0)","('r17', 0)",16:03:15,4,0,3,1,0,1,0,0,1,2,0,0,1,1,5,2,0,2,3,0,3,3,8,0,0,0,2,1,0,0,0,2,0,0,1,1,1
1933,motion,motion,no motion,motion,motion,motion,0,0,0,1,0,1,0,2,0,0,8,1,0,1,no device,device detected,device detected,device detected,device detected,no device,"('r25', 0)","('r17', 0)",16:03:30,4,1,2,0,0,2,0,0,1,2,0,1,1,1,5,2,0,1,3,0,3,2,8,0,0,0,1,0,0,0,0,3,0,1,1,1,2
1934,motion,motion,motion,motion,motion,no motion,0,0,0,0,1,1,2,0,0,0,8,0,0,0,no device,device detected,device detected,device detected,device detected,no device,"('r29', 0)","('r17', 1)",16:03:45,5,0,3,0,0,1,0,0,1,2,0,0,1,2,5,2,1,0,3,0,3,1,8,0,0,1,0,0,0,0,0,3,0,1,1,1,3
1935,motion,motion,no motion,motion,motion,no motion,0,0,0,1,0,0,0,1,1,0,8,1,0,1,no device,device detected,device detected,device detected,device detected,no device,"('r30', 0)","('r17', 1)",16:04:00,5,1,2,0,0,1,0,0,1,2,0,1,1,1,5,2,1,0,3,0,3,3,8,0,0,1,1,0,0,0,0,3,0,1,1,0,1
1936,motion,motion,motion,motion,motion,no motion,0,1,1,2,0,0,0,1,0,0,8,4,1,1,no device,device detected,no device,device detected,device detected,no device,"('r29', 0)","('r17', 1)",16:04:15,4,4,1,0,0,1,0,0,1,2,0,0,1,3,5,1,1,0,3,1,3,1,8,0,0,0,1,0,0,0,0,4,0,1,0,1,1
1937,motion,motion,no motion,motion,no motion,motion,0,0,0,0,0,0,1,0,1,0,8,2,0,0,no device,device detected,device detected,device detected,device detected,no device,"('r30', 0)","('r17', 1)",16:04:30,6,2,1,0,0,1,0,0,1,2,0,0,1,1,5,1,1,0,4,0,3,2,8,0,0,1,0,0,0,0,0,4,0,1,0,2,1
1938,motion,motion,no motion,motion,motion,no motion,0,0,1,0,0,0,0,0,0,0,8,2,1,1,no device,device detected,device detected,device detected,device detected,device detected,"('r29', 0)","('c2', 0)",16:04:45,6,2,1,0,0,1,1,0,1,2,0,0,2,1,5,1,1,0,4,1,3,1,8,1,0,0,1,0,0,0,0,3,0,1,0,0,1
1939,motion,motion,no motion,motion,motion,no motion,0,0,0,0,0,0,0,0,0,0,8,2,0,1,no device,device detected,no device,device detected,device detected,device detected,"('r29', 0)","('r12', 0)",16:05:00,6,2,1,0,0,1,1,0,1,2,0,0,2,1,5,1,1,0,5,0,2,1,8,1,0,0,2,0,0,0,0,3,0,1,0,0,1
1940,motion,motion,no motion,motion,no motion,no motion,0,0,0,0,0,0,0,1,1,0,8,3,1,1,no device,device detected,device detected,device detected,device detected,device detected,"('r25', 0)","('r3', 1)",16:05:15,5,3,1,0,0,1,1,0,1,2,0,0,2,0,5,1,1,0,4,1,3,2,8,1,0,0,1,0,0,0,0,2,0,1,2,0,0
1941,motion,motion,no motion,motion,motion,motion,0,0,0,2,1,0,2,1,0,0,8,4,2,0,no device,no device,device detected,device detected,device detected,device detected,"('r25', 0)","('r3', 1)",16:05:30,3,4,1,0,0,1,1,0,1,2,0,1,2,1,4,1,2,0,3,2,3,1,8,0,0,0,0,1,0,0,0,2,0,1,1,2,0
1942,motion,motion,no motion,motion,no motion,motion,0,0,0,0,0,0,2,0,0,0,8,2,2,0,no device,device detected,device detected,device detected,device detected,no device,"('r26', 0)","('r12', 1)",16:05:45,5,2,1,0,0,1,1,0,1,2,0,1,2,1,4,1,2,0,3,2,3,1,8,0,0,0,0,1,0,0,0,2,0,1,1,2,0
1943,motion,motion,no motion,motion,motion,no motion,0,0,0,0,0,1,0,0,1,0,9,3,1,1,no device,device detected,device detected,device detected,device detected,no device,"('r20', 1)","('r12', 1)",16:06:00,4,3,2,0,0,1,1,0,1,2,0,1,2,1,4,1,2,1,3,1,3,2,9,0,0,0,1,0,0,0,0,1,0,2,0,0,0
1944,motion,motion,no motion,motion,motion,no motion,0,0,0,1,0,0,0,0,0,0,9,5,1,1,no device,device detected,device detected,device detected,device detected,no device,"('r26', 0)","('c2', 0)",16:06:15,3,5,2,0,0,2,1,0,1,2,0,0,2,0,4,1,2,1,3,1,3,2,9,0,0,0,1,0,0,0,0,1,0,2,0,0,0
1945,motion,motion,motion,motion,motion,no motion,0,0,0,1,0,0,0,0,0,0,9,3,1,0,no device,device detected,device detected,device detected,device detected,no device,"('r25', 0)","('r15', 4)",16:06:30,6,3,1,0,1,1,1,0,1,2,0,0,2,1,4,1,2,1,3,1,3,1,9,0,0,1,0,0,0,0,0,1,0,2,0,0,0
1946,motion,motion,no motion,motion,motion,no motion,0,0,0,0,0,0,0,0,1,0,9,4,1,1,no device,device detected,device detected,device detected,device detected,no device,"('r25', 0)","('r15', 4)",16:06:45,5,4,1,0,0,2,1,0,1,2,0,0,2,0,4,1,2,1,3,1,3,1,9,0,0,0,1,0,0,0,0,1,0,2,1,0,0
1947,motion,motion,no motion,motion,no motion,no motion,0,0,0,4,0,0,1,0,0,0,9,0,0,0,no device,device detected,device detected,device detected,device detected,no device,"('r25', 0)","('r15', 4)",16:07:00,6,0,4,0,0,2,1,0,1,2,0,0,2,0,4,1,2,1,3,1,3,1,9,0,0,0,0,0,0,0,0,2,0,2,0,1,0
1948,motion,motion,no motion,motion,no motion,motion,0,0,0,1,0,0,0,0,0,0,8,1,2,0,no device,device detected,device detected,device detected,device detected,no device,"('r25', 0)","('r15', 4)",16:07:15,6,1,2,0,1,1,1,0,1,2,1,1,2,0,4,1,2,1,3,2,3,1,8,0,0,0,0,1,0,0,0,2,0,1,0,0,0
1949,motion,motion,no motion,motion,no motion,no motion,0,0,1,2,0,0,0,0,0,0,8,0,1,0,no device,device detected,device detected,device detected,device detected,no device,"('r26', 1)","('c2', 3)",16:07:30,6,0,3,0,0,2,0,0,1,2,0,0,2,0,4,1,2,1,3,1,3,1,8,0,0,1,0,0,0,0,0,2,0,2,0,3,0
1950,motion,motion,no motion,motion,no motion,motion,0,0,0,0,0,0,1,0,0,0,7,0,2,1,no device,device detected,device detected,device detected,device detected,no device,"('r30', 0)","('c2', 0)",16:07:45,5,1,3,0,0,2,0,0,1,2,0,0,2,0,6,1,2,1,3,2,3,1,7,0,0,0,1,0,0,0,0,2,0,2,1,0,0
1951,motion,motion,motion,no motion,motion,motion,0,0,1,0,0,0,0,2,0,0,7,0,1,2,no device,device detected,device detected,device detected,no device,no device,"('r30', 0)","('r10', 2)",16:08:00,6,0,3,0,0,1,0,0,1,2,0,0,1,1,6,1,2,1,3,1,3,1,7,0,0,1,2,1,0,0,0,1,0,1,1,1,0
1952,motion,motion,no motion,motion,motion,motion,0,0,0,0,0,0,0,1,1,0,7,1,1,1,no device,device detected,device detected,device detected,device detected,no device,"('r30', 0)","('c2', 1)",16:08:15,5,1,3,0,0,1,0,0,1,2,0,0,1,2,6,1,2,1,3,1,3,1,7,0,0,0,1,1,0,0,0,2,0,1,1,1,0
1953,motion,motion,motion,motion,motion,motion,0,0,0,0,1,0,0,0,0,1,7,0,1,1,no device,no device,device detected,device detected,device detected,no device,"('r29', 0)","('r18', 1)",16:08:30,6,0,3,0,0,1,0,0,1,2,0,0,0,2,6,1,1,1,3,1,3,1,7,0,0,0,1,1,0,0,0,2,0,2,0,3,0
1954,motion,motion,no motion,motion,motion,no motion,0,0,0,2,0,0,0,1,1,0,7,1,1,2,no device,device detected,device detected,no device,device detected,no device,"('r30', 0)","('c2', 4)",16:08:45,6,1,2,0,0,0,0,0,1,2,0,0,0,2,5,1,1,1,3,1,3,1,7,0,0,0,2,0,0,0,0,2,1,2,0,4,0
1955,motion,motion,no motion,motion,motion,no motion,0,0,0,0,0,0,0,0,0,0,7,2,1,0,no device,device detected,no device,no device,device detected,no device,"('r26', 0)","('r18', 1)",16:09:00,5,2,2,0,0,0,0,0,1,3,0,0,0,2,5,1,1,1,3,1,4,1,7,0,0,0,1,0,0,0,0,2,0,3,0,3,0
1956,motion,motion,no motion,motion,motion,motion,0,0,0,0,0,0,0,0,0,0,7,2,1,1,no device,device detected,device detected,no device,device detected,no device,"('r27', 1)","('c2', 3)",16:09:15,5,2,1,0,0,0,0,0,1,3,0,1,0,2,5,1,1,1,3,1,4,1,7,0,0,0,1,1,0,0,0,2,0,2,0,3,0
1957,motion,motion,motion,motion,motion,motion,0,0,0,0,0,0,0,0,0,0,6,2,2,1,no device,device detected,device detected,no device,device detected,no device,"('r27', 1)","('r8', 0)",16:09:30,5,2,1,0,0,0,0,0,1,4,0,0,0,2,6,1,1,1,3,2,4,1,6,0,0,0,1,1,0,0,0,2,0,2,0,2,0
1958,motion,motion,no motion,motion,motion,motion,0,0,0,0,1,0,0,1,0,0,7,2,1,0,no device,device detected,device detected,device detected,device detected,no device,"('r26', 0)","('r8', 0)",16:09:45,5,2,1,0,0,1,0,0,1,4,0,0,0,1,7,1,0,1,3,1,4,1,7,0,0,0,0,1,0,0,1,1,1,1,1,2,0
1959,motion,motion,no motion,motion,motion,no motion,0,0,0,0,0,0,1,0,0,0,7,2,1,0,no device,device detected,device detected,device detected,device detected,no device,"('r25', 0)","('r8', 0)",16:10:00,5,2,1,0,0,1,0,0,1,5,0,0,0,1,7,1,0,1,3,1,4,1,7,0,0,0,0,0,0,0,1,1,0,3,0,2,0
1960,motion,motion,no motion,no motion,motion,motion,0,1,0,0,0,1,0,0,0,0,8,2,1,0,no device,device detected,device detected,device detected,device detected,no device,"('r29', 0)","('c2', 3)",16:10:15,5,2,1,0,0,1,0,0,0,5,0,0,0,1,7,2,0,0,2,1,4,1,8,0,0,0,0,0,0,0,1,1,0,3,0,3,0
1961,motion,motion,no motion,motion,no motion,motion,0,0,0,1,0,0,0,0,0,0,8,2,1,0,no device,device detected,device detected,device detected,device detected,no device,"('r29', 0)","('r18', 0)",16:10:30,4,2,2,0,0,2,0,0,0,4,0,0,0,0,6,2,0,0,2,1,4,1,8,0,0,0,0,0,0,0,1,1,0,3,0,5,0
1962,motion,motion,motion,motion,no motion,motion,0,0,0,1,0,0,1,0,0,0,8,1,1,0,no device,no device,device detected,device detected,device detected,no device,"('r25', 0)","('r18', 0)",16:10:45,4,1,2,0,0,2,0,0,0,4,0,1,0,0,6,2,0,0,2,1,4,1,8,0,0,0,0,1,0,0,1,1,0,2,1,4,0
1963,motion,motion,no motion,motion,no motion,motion,0,0,0,2,0,0,0,1,0,0,8,2,1,1,no device,device detected,device detected,device detected,device detected,no device,"('r25', 0)","('r18', 0)",16:11:00,4,2,1,0,0,2,0,0,0,4,0,0,0,0,6,2,0,0,2,1,4,1,8,0,0,0,1,1,0,0,1,1,0,2,0,5,0
1964,motion,motion,no motion,no motion,no motion,no motion,0,0,0,0,0,0,0,0,0,0,8,2,1,0,no device,device detected,device detected,no device,device detected,device detected,"('r29', 0)","('r18', 0)",16:11:15,4,2,1,0,0,2,0,0,0,4,0,0,0,0,6,2,0,0,2,1,4,1,8,0,0,1,0,0,0,0,1,1,0,3,0,5,0
1965,motion,motion,no motion,motion,motion,no motion,0,0,1,0,1,0,0,0,0,0,8,2,2,0,no device,device detected,no device,device detected,device detected,no device,"('r29', 0)","('c2', 3)",16:11:30,4,2,1,0,0,1,0,1,0,4,0,0,0,1,6,2,1,0,2,2,4,1,8,0,0,0,0,0,0,0,1,1,1,2,0,3,0
1966,motion,motion,no motion,motion,motion,no motion,0,0,0,1,0,1,0,0,0,0,8,0,1,1,no device,device detected,device detected,device detected,device detected,no device,"('r30', 0)","('r17', 1)",16:11:45,5,0,2,0,0,1,0,1,0,4,0,0,0,1,6,2,1,1,3,1,3,1,8,0,0,0,1,0,0,0,1,1,1,2,0,2,0
1967,motion,motion,no motion,motion,no motion,no motion,0,0,0,0,0,0,0,0,0,0,8,2,1,0,device detected,device detected,device detected,device detected,device detected,no device,"('r29', 0)","('c2', 3)",16:12:00,3,2,2,0,0,1,0,1,0,3,0,0,0,1,6,2,1,1,3,1,4,1,8,0,0,0,0,0,0,0,1,1,1,2,0,3,0
1968,motion,motion,no motion,motion,motion,motion,0,0,0,1,0,0,0,0,0,0,8,2,1,0,no device,device detected,device detected,device detected,device detected,device detected,"('r25', 0)","('r8', 2)",16:12:15,2,2,3,0,0,1,0,2,0,1,0,0,0,1,4,2,1,1,3,1,4,1,8,0,0,0,0,1,0,0,1,1,1,1,0,6,0
1969,motion,motion,no motion,motion,motion,motion,0,0,0,1,1,0,1,0,0,0,8,1,1,0,no device,device detected,device detected,device detected,device detected,no device,"('r26', 0)","('r8', 3)",16:12:30,2,1,3,0,0,1,1,3,1,1,0,1,0,1,5,2,0,1,3,1,4,1,8,0,0,0,0,1,0,0,1,1,1,1,1,2,0
1970,motion,motion,no motion,motion,motion,motion,0,0,0,0,0,0,0,0,2,0,8,1,1,0,no device,device detected,device detected,device detected,device detected,no device,"('r25', 0)","('r8', 3)",16:12:45,2,1,2,0,0,1,1,3,1,1,0,1,0,2,5,2,0,1,3,1,4,1,8,0,0,0,0,1,0,0,1,1,1,1,0,3,0
1971,motion,motion,no motion,motion,motion,motion,0,0,0,0,0,1,0,0,0,0,7,0,2,0,no device,device detected,device detected,device detected,device detected,no device,"('r29', 0)","('c2', 2)",16:13:00,3,0,2,0,0,1,2,3,1,1,0,0,0,2,5,2,0,2,3,2,4,1,7,0,0,0,0,1,0,0,1,1,1,1,0,2,0
1972,motion,motion,no motion,motion,motion,no motion,0,0,1,0,0,0,1,0,0,0,7,0,1,0,no device,device detected,device detected,device detected,device detected,no device,"('r29', 0)","('c1', 1)",16:13:15,3,0,2,0,0,1,2,3,1,1,0,0,0,2,5,2,0,2,3,1,4,1,7,0,0,1,0,1,0,0,1,1,1,1,1,1,0
1973,motion,motion,no motion,motion,motion,no motion,0,0,0,0,0,0,0,1,0,0,7,0,1,2,no device,no device,device detected,device detected,device detected,no device,"('r29', 0)","('c1', 0)",16:13:30,3,0,2,0,0,1,2,3,1,1,0,0,0,2,4,2,0,2,3,1,4,1,7,0,0,0,2,0,0,0,1,1,0,3,0,2,0
1974,motion,motion,no motion,motion,motion,no motion,0,0,0,1,0,0,0,1,0,0,7,1,1,0,no device,device detected,device detected,device detected,device detected,no device,"('r30', 0)","('c1', 1)",16:13:45,2,2,1,0,0,1,2,3,1,1,0,0,1,2,4,2,0,2,3,1,4,1,7,0,0,1,0,0,0,0,1,1,0,3,1,1,0
1975,motion,motion,motion,no motion,motion,no motion,0,0,1,0,0,0,1,0,0,0,8,2,1,1,no device,device detected,device detected,device detected,device detected,no device,"('r30', 0)","('r27', 1)",16:14:00,2,2,1,0,0,1,2,3,2,1,0,0,1,2,4,2,0,2,3,1,3,1,8,0,0,0,1,0,0,0,2,0,0,3,0,1,0
1976,motion,motion,no motion,no motion,motion,no motion,0,0,0,0,0,0,0,0,1,0,7,2,2,0,no device,no device,device detected,device detected,device detected,no device,"('r30', 0)","('r32', 0)",16:14:15,2,2,0,0,0,1,3,3,2,1,0,1,1,1,4,2,0,2,3,2,4,1,7,0,0,0,0,0,0,0,2,0,0,3,1,0,0
1977,motion,motion,no motion,motion,motion,no motion,0,0,1,0,0,0,0,1,0,0,7,2,0,1,no device,no device,device detected,no device,no device,no device,"('r30', 0)","('r32', 1)",16:14:30,2,2,0,0,0,0,2,2,2,1,0,0,1,2,4,2,0,2,4,0,5,0,7,1,0,0,1,0,0,0,1,1,0,3,0,3,0
1978,motion,motion,no motion,motion,motion,no motion,0,0,0,0,0,0,1,0,0,0,7,1,0,0,no device,no device,no device,no device,no device,device detected,"('r26', 0)","('r27', 0)",16:14:45,3,1,0,0,0,0,2,2,2,1,0,0,1,2,4,2,0,2,4,0,6,0,7,1,0,0,0,0,0,0,1,1,0,3,1,2,0
1979,motion,motion,no motion,no motion,motion,no motion,0,1,0,0,0,0,0,1,0,0,7,2,1,1,no device,no device,device detected,no device,no device,device detected,"('r25', 0)","('r21', 6)",16:15:00,2,2,0,0,0,0,2,2,2,2,0,0,1,2,4,1,0,2,3,1,6,0,7,1,0,0,1,0,0,0,2,0,0,3,0,2,0
1980,motion,motion,no motion,motion,motion,no motion,0,0,0,1,0,0,1,0,0,0,7,1,1,0,no device,device detected,device detected,no device,no device,device detected,"('r26', 1)","('r21', 6)",16:15:15,2,1,1,0,0,0,2,2,2,2,0,0,1,2,4,1,0,2,3,1,6,0,7,1,0,1,0,1,0,0,1,1,0,2,1,1,0
1981,motion,motion,no motion,motion,motion,motion,0,1,0,1,0,0,0,0,0,1,6,3,2,0,no device,no device,device detected,no device,no device,device detected,"('r25', 0)","('r21', 6)",16:15:30,1,3,0,0,0,0,2,2,2,2,0,0,1,2,4,2,0,2,3,2,6,0,6,1,0,0,0,1,0,1,0,2,0,3,0,0,0
1982,motion,motion,no motion,motion,motion,no motion,0,0,0,1,0,0,0,0,0,0,6,2,1,0,no device,device detected,device detected,no device,no device,no device,"('r25', 0)","('r27', 0)",16:15:45,1,2,1,0,0,0,2,2,2,2,0,0,1,2,4,2,0,2,4,1,6,0,6,1,0,0,0,0,0,1,0,2,0,4,0,0,0
1983,motion,motion,no motion,motion,motion,motion,0,0,0,1,0,0,0,0,0,0,6,1,1,0,no device,device detected,device detected,no device,no device,device detected,"('r25', 0)","('r27', 0)",16:16:00,1,1,1,0,0,0,2,2,2,2,0,1,1,2,4,2,0,2,4,1,6,0,6,1,0,0,0,0,0,1,0,2,0,4,0,0,0
1984,motion,motion,no motion,motion,motion,no motion,0,0,0,0,0,1,0,1,0,0,6,1,1,0,no device,device detected,device detected,no device,device detected,device detected,"('r25', 0)","('r32', 1)",16:16:15,1,1,1,0,0,0,2,2,2,1,0,0,1,2,4,2,0,1,4,1,6,0,6,1,0,0,0,0,0,1,0,1,0,4,1,3,0
1985,motion,motion,no motion,no motion,motion,no motion,0,0,0,1,0,0,2,0,0,0,5,0,1,0,no device,device detected,device detected,no device,no device,no device,"('r29', 0)","('r27', 0)",16:16:30,1,0,2,0,0,0,2,3,2,1,0,0,1,2,4,2,0,1,4,1,6,0,6,1,0,0,0,0,0,1,0,1,0,4,1,2,0
1986,motion,motion,no motion,motion,motion,motion,0,0,0,0,0,0,0,0,0,1,7,0,0,0,no device,device detected,device detected,no device,no device,device detected,"('r30', 1)","('r27', 0)",16:16:45,1,0,2,0,0,0,2,4,2,1,0,0,1,2,4,2,0,1,4,0,6,0,7,1,0,0,0,1,0,1,0,1,0,4,0,1,0
1987,motion,motion,no motion,motion,motion,motion,0,0,0,2,0,0,0,0,0,0,6,2,1,0,no device,no device,device detected,no device,no device,device detected,"('r29', 0)","('r21', 6)",16:17:00,1,2,0,0,0,0,2,3,2,1,0,0,1,2,4,2,0,1,4,1,6,0,6,1,0,0,0,1,0,1,0,1,0,4,0,2,0
1988,motion,motion,no motion,motion,motion,motion,0,0,1,0,0,0,0,0,0,0,6,2,0,0,no device,no device,device detected,no device,no device,device detected,"('r25', 0)","('r27', 0)",16:17:15,1,2,0,0,0,0,2,3,2,1,0,0,1,2,5,2,0,1,4,0,6,0,6,1,0,1,0,1,0,1,0,1,0,4,0,1,0
1989,motion,motion,no motion,motion,motion,motion,0,1,0,0,0,0,0,0,0,0,6,1,0,2,no device,no device,device detected,no device,no device,device detected,"('r29', 0)","('r27', 3)",16:17:30,2,1,0,0,0,0,2,2,2,1,0,0,1,2,5,3,0,1,4,0,4,0,6,1,0,0,3,1,0,1,0,1,0,4,0,1,0
1990,motion,motion,no motion,no motion,motion,motion,0,0,0,0,0,0,0,1,0,0,6,2,0,1,no device,no device,device detected,no device,no device,device detected,"('r25', 0)","('c1', 1)",16:17:45,1,2,0,0,0,0,2,2,2,1,0,0,1,2,5,3,0,1,4,0,4,0,6,1,0,2,1,1,0,1,0,0,0,4,1,1,0
1991,motion,motion,no motion,no motion,motion,motion,0,0,0,1,0,0,1,0,0,0,6,1,1,0,device detected,no device,device detected,no device,no device,device detected,"('r26', 2)","('r27', 0)",16:18:00,1,1,0,0,0,0,1,3,2,1,0,1,1,2,5,3,0,1,3,1,4,0,6,1,1,2,0,3,0,1,0,0,0,2,0,2,0
1992,motion,motion,no motion,no motion,motion,motion,0,0,1,0,0,0,0,0,0,1,6,1,2,0,device detected,no device,device detected,no device,no device,device detected,"('r30', 1)","('r26', 0)",16:18:15,1,1,0,0,0,0,1,3,3,1,0,1,1,2,5,3,0,1,3,2,4,0,6,1,2,0,0,2,0,1,0,0,0,2,1,1,0
1993,motion,motion,no motion,no motion,motion,motion,0,0,0,0,0,0,0,1,0,0,5,1,2,2,no device,device detected,device detected,no device,no device,no device,"('r26', 2)","('r26', 2)",16:18:30,1,1,1,0,0,0,1,2,3,1,1,0,1,2,4,3,0,1,3,2,3,0,6,1,0,2,2,2,1,0,0,0,0,2,0,2,0
1994,motion,motion,no motion,motion,motion,motion,0,0,0,1,1,0,1,3,0,0,6,2,1,2,no device,no device,device detected,no device,device detected,device detected,"('r26', 1)","('r30', 1)",16:18:45,1,2,0,0,0,0,1,2,3,1,0,0,2,2,4,3,1,1,4,1,3,1,6,0,0,1,2,2,0,1,0,1,0,2,1,0,0
1995,motion,motion,no motion,motion,motion,motion,0,0,1,0,1,0,1,1,0,1,6,1,1,0,no device,no device,device detected,no device,no device,no device,"('r26', 0)","('r26', 0)",16:19:00,2,1,0,0,0,0,1,2,2,1,0,0,2,2,4,3,0,1,4,2,4,1,6,0,0,0,0,1,0,1,0,1,0,2,2,3,0
1996,motion,motion,no motion,motion,motion,motion,0,1,0,0,0,1,1,0,1,0,7,1,1,0,no device,no device,device detected,no device,device detected,no device,"('r26', 0)","('r26', 0)",16:19:15,2,1,0,0,0,0,1,2,2,1,0,0,2,3,4,4,0,2,4,1,4,1,7,0,0,0,0,2,0,1,0,1,0,1,0,2,0
1997,motion,motion,motion,motion,motion,motion,0,0,1,0,0,0,0,0,0,1,7,1,1,0,no device,no device,device detected,no device,device detected,no device,"('r20', 1)","('r30', 0)",16:19:30,2,1,0,0,0,0,1,2,2,1,0,1,2,3,5,4,0,2,3,1,4,1,7,0,0,1,0,1,1,0,0,1,0,1,1,0,0
1998,motion,motion,no motion,motion,motion,motion,0,1,1,0,0,0,0,1,0,0,7,1,1,1,device detected,device detected,device detected,no device,device detected,no device,"('r23', 7)","('r30', 1)",16:19:45,2,1,1,0,0,0,1,2,2,1,0,0,2,3,5,3,0,2,3,2,4,1,7,0,0,0,1,1,0,1,0,1,0,1,0,1,0
1999,motion,motion,no motion,motion,motion,motion,0,1,0,1,0,1,0,0,0,0,7,1,2,1,device detected,no device,device detected,no device,device detected,no device,"('r20', 2)","('r30', 1)",16:20:00,3,1,0,0,0,0,1,2,2,1,0,0,2,3,4,2,0,3,3,2,4,1,7,0,0,0,1,1,0,1,0,1,0,1,0,2,0
2000,motion,motion,motion,motion,motion,motion,0,0,0,0,0,0,0,0,0,0,7,1,2,0,no device,no device,device detected,no device,device detected,no device,"('r23', 7)","('r29', 0)",16:20:15,3,1,0,0,0,0,1,2,2,2,0,0,2,3,4,2,0,3,3,2,4,1,7,0,0,1,0,1,0,0,0,2,0,1,0,1,0
2001,motion,motion,no motion,motion,motion,motion,0,0,1,0,0,0,0,0,0,0,7,1,3,0,no device,no device,device detected,no device,device detected,no device,"('r20', 3)","('r25', 0)",16:20:30,3,1,0,0,0,0,1,2,2,2,0,0,0,3,3,2,0,3,3,3,4,1,7,0,0,0,0,1,0,0,0,2,0,1,0,4,0
2002,motion,motion,no motion,motion,motion,motion,0,0,0,0,0,1,0,0,0,0,8,1,2,0,no device,no device,device detected,no device,no device,no device,"('r20', 2)","('r29', 0)",16:20:45,3,1,0,0,0,0,1,2,4,2,0,0,0,3,3,2,0,4,3,2,4,1,8,0,0,0,0,1,0,0,0,2,0,1,0,1,0
2003,motion,motion,no motion,motion,motion,motion,0,0,0,0,0,0,0,0,1,0,7,1,3,0,no device,no device,device detected,no device,device detected,no device,"('r23', 7)","('r29', 0)",16:21:00,3,1,0,0,0,0,0,2,4,2,0,1,0,2,3,2,0,4,3,3,4,1,7,0,0,0,0,1,0,0,0,2,0,1,1,1,0
2004,motion,motion,no motion,motion,motion,motion,0,0,0,0,0,0,0,0,0,0,6,1,4,0,no device,device detected,device detected,no device,device detected,no device,"('r20', 4)","('r25', 0)",16:21:15,3,1,1,0,0,0,0,2,4,2,1,0,0,2,3,2,0,4,3,4,4,1,6,0,0,0,0,1,0,0,0,2,0,1,1,0,0
2005,motion,motion,no motion,motion,motion,motion,0,0,1,1,0,0,1,0,0,0,6,3,3,0,no device,no device,device detected,no device,device detected,no device,"('r19', 3)","('r29', 0)",16:21:30,2,3,0,0,0,0,0,2,4,2,0,0,0,2,3,2,0,4,3,3,4,1,6,0,0,1,0,1,0,0,0,2,0,1,0,2,0
2006,motion,motion,no motion,motion,motion,motion,0,0,0,0,0,0,0,0,0,0,7,1,2,2,no device,no device,device detected,no device,device detected,no device,"('r20', 2)","('r29', 0)",16:21:45,4,1,0,0,0,0,0,2,5,2,0,0,0,2,3,2,0,4,3,2,4,1,7,0,0,0,2,1,0,0,0,1,0,1,0,1,0
2007,motion,motion,no motion,motion,motion,motion,0,0,0,0,0,0,1,1,0,0,7,2,2,1,no device,no device,device detected,no device,no device,no device,"('r20', 2)","('r30', 0)",16:22:00,3,2,0,0,0,0,0,2,5,2,0,0,0,3,3,2,0,4,3,2,4,0,7,0,0,0,1,1,0,0,0,1,0,1,0,2,0
2008,motion,motion,motion,motion,motion,motion,0,0,0,0,0,1,0,0,1,0,8,3,1,1,no device,no device,no device,no device,no device,no device,"('r20', 1)","('r30', 0)",16:22:15,2,3,0,0,0,0,0,2,5,3,0,0,0,2,3,2,0,3,3,1,4,0,8,0,0,0,1,1,0,0,0,1,0,1,1,2,0
2009,motion,motion,no motion,motion,motion,motion,0,0,0,0,0,0,2,0,0,0,8,2,1,2,no device,no device,device detected,no device,no device,no device,"('r23', 8)","('r26', 0)",16:22:30,2,3,0,0,0,0,0,2,5,3,0,0,0,2,3,2,0,3,3,1,3,0,8,0,0,0,2,1,0,0,0,1,0,1,1,2,0
2010,motion,motion,no motion,motion,motion,motion,0,0,0,0,0,0,1,1,1,0,8,4,1,1,no device,no device,device detected,no device,no device,no device,"('r23', 8)","('r20', 1)",16:22:45,1,4,0,0,0,0,1,3,5,3,0,0,0,3,2,2,0,3,3,1,3,0,8,0,0,0,1,1,0,0,0,1,0,1,2,0,0
2011,motion,motion,no motion,motion,motion,motion,0,0,0,0,0,1,1,0,1,0,8,3,1,2,no device,device detected,device detected,device detected,no device,no device,"('r20', 1)","('r26', 0)",16:23:00,2,3,0,0,0,1,0,2,5,3,0,0,0,3,2,2,0,2,3,1,2,0,8,0,0,0,2,1,0,0,0,1,0,1,0,4,0
2012,motion,motion,motion,motion,motion,motion,0,0,0,0,0,0,0,0,0,0,8,3,1,1,no device,no device,device detected,device detected,device detected,no device,"('r19', 3)","('r25', 0)",16:23:15,2,3,0,0,0,1,0,2,5,3,0,0,0,2,2,2,0,2,3,1,2,1,8,0,0,1,1,1,0,0,0,1,0,1,0,4,0
2013,motion,motion,no motion,motion,motion,motion,0,0,1,0,0,0,0,0,0,0,8,4,2,1,no device,device detected,device detected,device detected,no device,no device,"('r19', 3)","('r29', 0)",16:23:30,1,4,0,0,0,1,0,2,7,3,0,1,0,2,2,2,0,2,3,2,2,0,8,0,0,0,1,1,0,0,0,1,0,1,0,1,1
2014,motion,motion,no motion,motion,motion,motion,0,0,0,0,0,0,0,0,0,0,9,3,1,1,no device,device detected,device detected,device detected,no device,no device,"('r20', 1)","('r30', 0)",16:23:45,2,3,1,0,0,1,0,2,7,3,0,0,0,2,2,2,0,2,3,1,2,0,9,0,0,0,1,1,0,0,0,1,0,1,0,1,1
2015,motion,motion,motion,motion,motion,motion,0,0,0,1,0,0,0,0,0,0,7,4,2,1,no device,no device,device detected,device detected,no device,no device,"('r23', 8)","('r30', 0)",16:24:00,2,4,0,0,0,1,0,1,7,3,0,0,0,2,2,2,0,2,3,2,2,0,8,0,0,0,1,1,0,0,0,1,0,1,0,2,1
2016,motion,motion,no motion,motion,motion,motion,0,0,0,0,0,0,1,0,0,0,9,3,0,1,device detected,no device,device detected,device detected,no device,no device,"('r20', 1)","('r30', 0)",16:24:15,3,3,0,0,0,1,0,1,8,3,0,0,0,2,2,2,0,2,3,1,2,0,9,0,0,0,1,1,0,0,0,1,0,1,1,0,1
2017,motion,motion,motion,motion,motion,no motion,0,0,1,0,0,0,0,0,1,0,9,3,0,2,no device,no device,device detected,device detected,no device,no device,"('r26', 0)","('r30', 0)",16:24:30,3,3,0,0,0,1,0,1,8,3,0,0,0,3,2,2,0,2,3,0,2,0,9,0,0,0,2,1,0,0,0,1,0,1,0,0,1
2018,motion,motion,no motion,motion,motion,motion,0,0,0,0,0,0,0,1,0,0,8,3,1,1,no device,no device,no device,no device,no device,no device,"('r26', 0)","('r26', 0)",16:24:45,3,3,0,0,0,2,0,1,8,3,0,0,0,2,2,2,0,2,3,1,2,0,8,0,0,0,1,1,0,0,0,1,0,1,1,0,1
2019,motion,motion,no motion,no motion,motion,motion,0,0,0,0,0,1,1,0,0,0,9,3,0,1,no device,no device,device detected,device detected,no device,no device,"('r27', 1)","('r20', 0)",16:25:00,3,3,0,0,0,2,0,1,8,3,0,0,0,2,2,2,0,1,3,0,2,0,9,0,0,0,1,1,0,0,0,1,0,1,0,2,1
2020,motion,motion,no motion,motion,motion,motion,0,0,0,0,0,0,0,0,0,0,6,3,3,2,no device,no device,no device,device detected,no device,no device,"('c1', 0)","('r19', 3)",16:25:15,3,3,0,0,0,2,0,1,8,3,0,1,0,2,2,2,0,1,3,3,2,0,6,0,0,0,2,1,0,0,0,0,0,1,0,1,1
2021,motion,motion,no motion,motion,motion,motion,0,0,1,0,0,0,1,0,0,0,6,4,2,1,no device,device detected,device detected,device detected,no device,no device,"('r27', 1)","('r19', 3)",16:25:30,2,4,1,0,0,2,0,1,7,3,0,0,0,2,2,2,0,1,3,2,2,0,6,0,0,1,1,1,0,0,0,1,0,1,1,1,1
2022,motion,motion,no motion,no motion,motion,motion,0,0,1,0,0,0,0,1,0,0,5,3,2,2,no device,device detected,device detected,device detected,no device,no device,"('r27', 3)","('r20', 2)",16:25:45,3,3,2,0,0,2,0,1,7,3,0,0,0,2,2,2,0,1,3,2,2,0,5,0,0,1,3,1,0,0,0,1,0,1,0,0,1
2023,motion,motion,no motion,motion,motion,motion,0,0,0,1,0,0,0,2,0,0,5,3,2,0,no device,device detected,device detected,device detected,no device,no device,"('c1', 2)","('r20', 2)",16:26:00,4,3,1,0,0,2,0,1,7,3,0,0,0,2,2,2,0,1,3,2,2,0,5,0,0,2,0,2,0,0,0,1,0,0,2,0,1
2024,motion,motion,motion,motion,motion,motion,0,1,2,1,0,0,1,0,0,1,6,2,1,0,no device,device detected,device detected,device detected,no device,no device,"('r14', 2)","('r20', 1)",16:26:15,4,2,2,0,0,2,0,1,7,3,0,0,0,2,2,1,0,1,3,1,2,0,6,0,0,1,0,3,0,1,0,1,0,0,0,2,1
2025,motion,motion,no motion,motion,motion,motion,0,0,0,1,0,0,0,0,1,1,6,2,0,0,no device,device detected,device detected,device detected,no device,no device,"('r6', 1)","('r26', 0)",16:26:30,3,2,2,0,0,1,0,1,8,3,0,1,0,4,2,1,0,1,3,1,2,0,6,0,0,0,0,2,0,2,0,1,0,0,0,1,1
2026,motion,motion,no motion,motion,motion,motion,0,0,0,1,0,0,1,0,0,0,6,0,1,0,no device,device detected,no device,device detected,no device,no device,"('r6', 2)","('r25', 0)",16:26:45,3,1,4,0,0,2,0,1,8,3,0,0,0,3,2,1,0,1,3,1,2,0,6,0,0,0,0,2,0,2,0,1,0,0,1,0,1
2027,motion,motion,no motion,motion,motion,motion,0,0,0,0,0,0,0,1,0,0,6,1,1,0,no device,device detected,device detected,device detected,no device,no device,"('r6', 3)","('r26', 0)",16:27:00,3,1,4,0,0,3,0,1,8,3,0,0,0,2,2,1,0,1,3,1,2,0,6,0,0,0,1,2,0,2,0,1,0,0,0,0,1
2028,motion,motion,no motion,motion,motion,motion,0,0,0,2,0,1,0,0,0,0,6,3,1,0,no device,device detected,device detected,device detected,no device,no device,"('r4', 0)","('r25', 0)",16:27:15,3,3,2,0,0,3,0,1,7,3,0,0,0,2,1,1,0,0,3,1,3,0,6,0,0,0,0,2,0,2,0,1,0,0,0,3,1
2029,motion,motion,motion,motion,motion,motion,0,0,0,0,0,0,1,0,0,0,5,3,2,0,no device,device detected,device detected,device detected,no device,no device,"('r4', 0)","('r25', 0)",16:27:30,3,3,2,0,0,3,0,1,7,3,0,0,0,2,1,1,0,0,3,2,3,0,5,0,0,0,0,2,0,2,0,1,0,0,1,2,1
2030,motion,motion,no motion,motion,motion,motion,0,0,0,0,0,0,1,0,0,0,5,3,2,0,no device,device detected,device detected,device detected,device detected,no device,"('r4', 0)","('r26', 0)",16:27:45,3,3,1,0,0,3,0,1,7,3,0,1,0,2,1,1,0,0,3,2,3,0,5,0,0,0,0,1,0,2,0,1,0,1,2,1,1
2031,motion,motion,motion,motion,motion,motion,0,0,0,0,0,0,0,1,2,0,5,3,2,2,no device,device detected,no device,no device,no device,no device,"('r6', 3)","('r25', 0)",16:28:00,3,3,1,0,0,3,0,1,7,3,0,1,0,2,1,1,0,0,3,2,2,0,5,0,0,1,2,1,0,1,0,1,0,1,1,1,1
2032,motion,motion,no motion,motion,motion,motion,0,0,0,0,0,0,0,1,0,0,5,3,2,2,no device,no device,device detected,device detected,device detected,no device,"('r14', 1)","('r25', 0)",16:28:15,3,3,1,0,0,3,0,1,7,3,0,1,0,1,1,1,0,0,3,2,2,1,5,0,0,1,2,1,0,2,0,1,0,1,0,1,1
2033,motion,motion,no motion,motion,no motion,motion,0,0,0,0,0,0,0,0,0,0,6,2,2,1,device detected,device detected,device detected,device detected,device detected,no device,"('c1', 0)","('r26', 2)",16:28:30,3,3,1,0,0,3,0,1,7,3,0,1,0,1,1,1,0,0,2,2,2,1,6,0,1,2,1,1,0,1,0,1,0,1,0,1,1
2034,motion,motion,no motion,motion,motion,motion,0,0,1,0,0,0,0,0,0,0,6,3,3,1,device detected,device detected,device detected,device detected,no device,no device,"('c2', 0)","('r30', 1)",16:28:45,3,3,1,0,0,3,0,1,8,3,0,1,0,1,1,1,0,0,2,3,2,0,6,0,2,0,1,1,0,1,0,1,0,1,0,0,2
2035,motion,motion,no motion,motion,motion,motion,0,0,0,0,0,0,0,0,0,0,7,3,2,0,device detected,device detected,device detected,device detected,no device,no device,"('r10', 3)","('r26', 0)",16:29:00,3,3,1,0,0,4,0,1,7,3,0,1,0,0,1,1,0,0,2,2,2,0,7,0,3,0,0,1,0,1,0,1,0,1,0,1,2
2036,motion,motion,no motion,motion,no motion,motion,0,0,0,0,0,0,0,0,0,0,7,3,2,0,device detected,device detected,device detected,no device,no device,no device,"('c2', 1)","('r20', 2)",16:29:15,3,3,2,0,0,4,0,2,6,3,0,0,0,0,1,1,0,0,2,2,2,0,7,0,3,0,0,2,0,1,0,1,0,0,0,1,2
2037,motion,motion,no motion,motion,no motion,motion,0,0,0,0,0,0,0,0,0,0,7,3,2,0,no device,device detected,device detected,device detected,no device,no device,"('r9', 5)","('r23', 7)",16:29:30,3,3,2,0,0,4,0,2,5,3,0,0,0,0,2,1,0,0,2,2,2,0,7,0,3,0,0,2,0,1,0,1,0,0,0,1,2
2038,motion,motion,no motion,motion,no motion,motion,0,0,0,0,0,0,0,0,0,0,7,3,2,0,device detected,device detected,device detected,device detected,no device,no device,"('r9', 6)","('r20', 2)",16:29:45,3,3,2,0,0,4,0,2,6,3,0,0,0,0,2,1,0,0,2,2,2,0,7,0,3,0,0,2,0,1,0,1,0,0,0,0,2
2039,motion,motion,no motion,motion,no motion,motion,0,0,0,0,0,0,0,0,0,0,6,3,2,0,device detected,device detected,device detected,device detected,no device,no device,"('r9', 5)","('r19', 2)",16:30:00,3,3,2,0,0,4,0,2,5,1,0,0,0,0,2,1,0,0,2,2,2,0,7,0,3,1,0,2,0,0,0,1,0,0,0,3,2
2040,motion,motion,no motion,motion,no motion,motion,0,0,0,0,0,0,0,0,0,0,8,3,1,1,device detected,device detected,device detected,device detected,device detected,no device,"('r9', 5)","('r20', 1)",16:30:15,3,3,2,0,0,4,0,3,5,1,0,0,1,0,2,1,0,0,2,1,2,2,8,0,3,0,1,2,0,0,0,1,0,0,0,1,0
2041,motion,motion,no motion,motion,no motion,motion,0,0,0,0,0,0,0,1,0,0,8,3,1,0,device detected,device detected,device detected,device detected,device detected,no device,"('r9', 5)","('r26', 0)",16:30:30,3,3,2,0,0,4,0,3,5,1,0,0,0,0,3,1,0,0,2,1,2,2,8,0,3,0,0,2,0,0,0,1,0,0,1,1,0
2042,motion,motion,no motion,motion,no motion,motion,0,0,0,0,0,0,2,0,0,0,8,3,1,0,device detected,device detected,device detected,device detected,device detected,no device,"('r9', 5)","('r26', 0)",16:30:45,3,3,2,0,0,4,0,3,5,1,0,0,0,0,3,1,0,0,2,1,2,2,8,0,3,0,0,2,0,0,0,1,0,0,1,1,0
2043,motion,motion,no motion,motion,motion,motion,0,0,0,0,0,0,0,0,1,0,8,4,1,0,device detected,device detected,device detected,device detected,device detected,no device,"('r9', 5)","('r26', 1)",16:31:00,2,4,2,0,0,4,0,3,5,1,0,0,0,1,3,1,0,0,2,1,2,2,8,0,2,1,0,2,0,0,0,1,0,0,0,1,0
2044,motion,motion,no motion,motion,motion,motion,0,0,0,2,0,0,0,0,0,0,8,1,1,1,device detected,no device,device detected,device detected,no device,no device,"('c2', 0)","('r26', 0)",16:31:15,3,1,4,0,0,4,0,3,5,1,0,1,0,1,3,1,0,0,2,1,1,2,8,0,3,0,1,2,0,0,0,1,0,0,0,0,0
2045,motion,motion,no motion,motion,no motion,motion,0,0,0,0,0,0,0,0,0,0,7,1,0,1,device detected,device detected,device detected,device detected,device detected,device detected,"('r15', 3)","('r25', 3)",16:31:30,3,1,5,0,0,5,0,3,5,1,0,0,0,0,3,1,0,0,2,1,1,2,8,0,3,0,1,2,0,0,0,1,0,0,0,0,0
2046,motion,motion,no motion,motion,no motion,motion,0,0,0,3,0,0,0,0,0,0,8,4,1,0,device detected,device detected,device detected,device detected,device detected,no device,"('r15', 3)","('r29', 0)",16:31:45,3,4,2,0,0,5,0,3,5,1,0,0,0,0,3,1,0,0,2,1,1,2,8,0,3,0,0,2,0,0,0,2,0,0,0,0,0
2047,motion,motion,no motion,motion,motion,motion,0,0,0,0,0,0,0,0,0,0,8,5,1,0,device detected,device detected,no device,device detected,no device,no device,"('c2', 2)","('r29', 0)",16:32:00,2,5,2,0,0,4,0,2,4,1,0,0,0,1,3,1,0,0,2,1,1,2,8,0,3,0,0,1,0,0,0,2,0,1,0,2,0
2048,motion,motion,motion,motion,no motion,motion,0,0,0,1,0,0,1,0,1,0,8,6,1,0,device detected,device detected,device detected,device detected,device detected,no device,"('r13', 0)","('r25', 2)",16:32:15,2,6,0,0,0,4,0,2,4,1,0,1,0,0,3,1,0,0,2,1,1,2,8,0,2,1,0,1,0,0,0,2,0,1,2,1,0
2049,no motion,motion,no motion,motion,no motion,motion,0,0,0,0,0,0,0,1,0,1,7,7,2,1,device detected,no device,no device,device detected,device detected,no device,"('c2', 3)","('r26', 0)",16:32:30,1,7,0,0,0,4,0,2,3,1,0,0,0,0,3,1,0,0,2,2,1,2,7,0,2,0,1,3,0,1,1,1,0,0,0,3,0
2050,motion,motion,no motion,motion,no motion,motion,0,0,2,1,0,0,1,0,0,0,7,6,2,0,device detected,device detected,device detected,device detected,device detected,no device,"('r16', 1)","('r20', 2)",16:32:45,1,6,1,0,0,4,1,2,3,1,0,0,0,0,4,1,0,0,2,2,1,2,7,0,2,1,0,3,0,1,1,1,0,0,1,0,0
2051,motion,motion,no motion,no motion,no motion,motion,0,0,0,0,0,0,2,1,0,0,8,2,1,3,no device,no device,device detected,no device,device detected,no device,"('c2', 0)","('r26', 0)",16:33:00,5,2,0,0,0,4,1,2,2,1,0,1,0,0,4,1,0,0,2,1,1,2,8,0,2,0,3,3,0,1,1,0,0,0,1,0,0
2052,motion,motion,no motion,motion,no motion,motion,0,0,0,0,0,0,0,3,0,0,8,2,1,1,device detected,no device,no device,device detected,device detected,no device,"('r13', 0)","('r30', 1)",16:33:15,5,2,0,0,0,4,2,2,2,1,0,0,0,0,4,1,0,0,2,1,1,2,8,0,2,1,1,3,0,1,1,1,0,0,1,0,0
2053,motion,motion,no motion,motion,motion,motion,0,0,1,0,0,0,0,0,2,0,8,2,2,0,device detected,no device,device detected,no device,device detected,no device,"('c2', 1)","('r29', 0)",16:33:30,5,2,0,0,0,4,2,2,1,1,0,0,0,1,4,1,0,0,2,2,1,2,8,0,2,1,0,3,0,1,0,2,0,0,0,1,0
2054,motion,motion,no motion,motion,no motion,motion,0,0,1,1,0,0,0,0,0,0,8,1,2,0,device detected,device detected,device detected,device detected,no device,no device,"('r17', 0)","('r30', 1)",16:33:45,5,1,1,0,0,5,2,2,1,1,0,0,0,0,4,1,0,0,3,2,1,2,8,0,2,0,0,3,0,1,0,2,0,0,0,1,0
2055,motion,motion,no motion,motion,motion,motion,0,0,0,0,0,0,0,0,0,0,8,1,2,0,device detected,no device,device detected,device detected,device detected,no device,"('r17', 0)","('r26', 0)",16:34:00,5,1,0,0,0,5,2,2,1,1,0,1,0,0,3,1,0,0,3,2,1,2,8,0,2,0,0,3,0,1,0,2,0,0,0,2,0
2056,motion,motion,no motion,motion,motion,motion,0,0,1,0,0,0,0,0,0,0,8,1,1,1,device detected,no device,device detected,device detected,device detected,no device,"('r17', 0)","('r27', 1)",16:34:15,5,1,0,0,0,4,2,2,1,1,0,0,0,1,3,1,0,0,3,1,1,2,8,0,2,0,1,2,1,0,0,2,0,1,0,3,0
2057,motion,motion,no motion,motion,no motion,motion,0,0,0,1,1,0,0,1,1,1,8,1,1,0,device detected,device detected,device detected,device detected,device detected,no device,"('r17', 1)","('r27', 0)",16:34:30,4,1,1,0,0,4,2,2,1,2,0,0,0,0,3,1,1,0,3,1,1,2,8,0,3,0,0,4,0,0,0,2,0,0,1,1,0
2058,motion,motion,no motion,motion,no motion,motion,0,2,0,0,0,0,0,0,0,1,8,1,1,0,device detected,no device,device detected,device detected,device detected,no device,"('c2', 0)","('r21', 1)",16:34:45,4,1,0,0,0,4,2,2,1,2,0,1,0,0,3,2,1,0,3,1,1,2,8,0,3,0,0,4,0,0,0,2,0,1,0,0,0
2059,motion,motion,no motion,motion,no motion,motion,0,0,0,0,0,0,0,0,0,0,6,1,2,0,device detected,no device,device detected,no device,device detected,no device,"('r12', 0)","('r21', 1)",16:35:00,4,1,0,0,0,4,2,2,1,2,0,0,0,0,3,2,1,0,3,2,1,2,7,0,3,0,0,3,0,0,0,2,0,2,0,1,0
2060,motion,motion,no motion,motion,motion,motion,0,0,0,0,0,0,0,0,0,0,7,1,2,0,device detected,no device,device detected,device detected,device detected,no device,"('c2', 1)","('r21', 1)",16:35:15,4,1,0,0,0,4,2,2,1,2,0,0,0,0,3,2,1,0,3,2,1,2,7,0,3,0,0,3,0,0,0,2,0,2,0,1,0
2061,motion,motion,no motion,motion,no motion,motion,0,0,0,0,0,0,2,0,0,0,8,0,1,0,device detected,no device,device detected,device detected,device detected,no device,"('r8', 2)","('r27', 0)",16:35:30,5,0,0,1,0,3,2,2,1,2,0,0,0,0,3,2,1,0,3,1,1,2,8,0,3,0,0,3,0,0,0,2,0,2,1,0,0
2062,motion,motion,no motion,motion,no motion,motion,0,0,0,0,0,0,1,0,0,0,7,0,2,0,device detected,no device,device detected,device detected,device detected,no device,"('r8', 2)","('r27', 0)",16:35:45,5,0,0,1,0,3,2,2,1,2,0,0,0,0,3,2,1,0,3,2,1,2,7,0,3,0,0,3,0,0,0,2,0,2,0,1,0
2063,motion,motion,no motion,motion,no motion,motion,0,0,1,0,1,0,0,0,0,0,7,0,1,1,device detected,no device,device detected,device detected,device detected,device detected,"('c2', 0)","('c1', 0)",16:36:00,5,0,0,1,0,3,2,2,1,2,0,0,0,0,3,2,2,0,3,1,1,2,7,0,2,1,1,3,0,0,0,2,0,2,0,0,0
2064,motion,motion,no motion,motion,motion,motion,0,0,0,0,1,0,0,0,0,0,7,0,1,1,device detected,no device,device detected,device detected,device detected,no device,"('r17', 1)","('c2', 1)",16:36:15,5,0,0,1,0,2,2,2,1,2,0,0,0,1,3,2,1,0,3,1,2,2,7,0,2,0,1,3,0,0,0,2,0,2,0,1,0
2065,motion,motion,no motion,motion,motion,motion,0,1,0,0,0,0,0,1,0,0,7,0,1,0,device detected,no device,device detected,device detected,device detected,no device,"('r17', 1)","('r16', 3)",16:36:30,5,0,0,1,0,2,2,2,1,2,0,0,0,1,2,3,1,0,3,1,2,2,7,0,2,0,0,3,0,0,0,2,0,2,1,1,0
2066,motion,motion,no motion,motion,motion,motion,0,2,0,0,0,0,1,0,0,1,7,0,1,0,device detected,no device,device detected,device detected,device detected,no device,"('r17', 1)","('c2', 3)",16:36:45,5,0,0,1,0,2,2,2,1,2,0,0,0,1,3,1,1,0,3,1,2,2,7,0,2,0,0,3,0,0,0,2,0,1,1,3,0
2067,motion,motion,no motion,motion,no motion,motion,0,1,0,0,0,0,1,2,0,0,7,0,1,1,device detected,no device,no device,no device,device detected,no device,"('c2', 4)","('r12', 0)",16:37:00,5,0,0,1,0,2,2,2,1,2,0,0,0,1,2,0,1,0,3,1,2,2,7,0,1,1,1,3,0,0,0,2,0,1,1,4,0
2068,motion,motion,no motion,motion,motion,motion,0,0,1,0,0,0,0,1,0,0,7,1,1,1,device detected,no device,device detected,device detected,device detected,no device,"('r13', 0)","('c2', 0)",16:37:15,4,1,0,1,0,2,3,2,3,2,0,1,0,1,2,0,1,0,2,1,2,2,7,0,2,2,1,3,0,0,0,2,0,1,0,0,0
2069,motion,motion,no motion,motion,motion,motion,0,0,1,1,0,0,0,0,0,0,6,0,3,1,device detected,device detected,device detected,device detected,device detected,no device,"('c2', 1)","('c2', 1)",16:37:30,4,0,2,0,0,3,2,2,3,2,0,0,0,1,2,0,1,0,2,3,3,1,6,0,2,0,1,3,0,0,0,2,0,1,0,1,1
2070,motion,motion,no motion,motion,motion,motion,0,0,0,1,0,0,0,2,0,0,6,0,3,0,device detected,no device,device detected,device detected,device detected,no device,"('r9', 3)","('r15', 2)",16:37:45,5,0,0,0,0,3,2,2,3,2,0,1,0,1,2,0,1,0,2,3,3,1,6,0,2,0,0,2,0,0,0,2,0,2,1,1,1
2071,motion,motion,no motion,motion,motion,motion,0,0,0,0,0,0,1,0,0,0,6,0,3,1,device detected,no device,device detected,device detected,device detected,no device,"('r9', 2)","('c2', 4)",16:38:00,5,0,0,0,0,2,2,2,2,2,0,0,0,2,2,0,1,0,2,3,3,1,6,0,2,0,1,3,0,0,0,1,0,1,0,4,1
2072,motion,motion,no motion,motion,motion,motion,0,0,0,0,1,0,1,1,0,0,6,1,3,0,no device,device detected,no device,device detected,device detected,no device,"('c2', 2)","('r17', 0)",16:38:15,4,1,1,0,0,3,3,2,2,2,0,0,0,1,2,0,0,0,2,3,3,1,6,0,2,0,0,3,0,0,0,1,0,1,2,2,1
2073,motion,motion,no motion,motion,motion,motion,0,0,0,2,0,0,0,1,0,1,6,1,3,1,device detected,device detected,device detected,device detected,device detected,no device,"('r18', 0)","('r17', 0)",16:38:30,4,1,1,0,0,3,3,1,2,2,0,0,0,1,3,0,0,0,2,3,3,1,6,0,2,0,1,4,0,0,0,1,0,1,0,2,1
2074,motion,motion,no motion,motion,motion,motion,0,0,0,0,0,0,0,0,0,0,6,0,3,1,device detected,no device,no device,device detected,no device,no device,"('c2', 0)","('c2', 0)",16:38:45,5,0,0,0,0,3,3,1,2,3,0,2,0,2,3,0,0,0,2,3,2,0,6,0,2,1,1,3,0,0,0,1,0,2,0,0,1
2075,motion,motion,no motion,motion,motion,motion,0,0,0,0,0,0,1,1,0,0,6,0,3,0,device detected,device detected,device detected,no device,no device,no device,"('c1', 0)","('c1', 0)",16:39:00,5,0,1,0,0,4,3,1,2,3,0,0,0,1,3,0,0,0,2,3,2,0,6,0,3,0,0,3,0,0,0,1,1,1,0,2,1
2076,motion,motion,no motion,motion,motion,motion,0,0,0,1,0,0,1,0,0,0,6,1,2,0,device detected,no device,device detected,device detected,no device,no device,"('c1', 1)","('c2', 2)",16:39:15,5,1,0,0,1,3,2,1,3,3,0,0,0,1,2,0,0,0,3,2,2,0,6,0,3,0,0,3,0,0,0,1,0,2,1,2,1
2077,motion,motion,no motion,motion,motion,motion,0,0,0,0,0,0,0,1,0,0,5,0,3,0,device detected,no device,device detected,no device,no device,no device,"('c2', 5)","('r7', 1)",16:39:30,6,0,0,0,1,3,1,1,2,2,0,0,0,1,2,0,0,0,3,3,2,0,5,0,3,0,1,3,0,0,0,1,0,2,0,5,1
2078,motion,motion,no motion,motion,motion,motion,0,1,1,0,0,0,1,0,0,0,5,0,2,0,device detected,no device,device detected,device detected,no device,no device,"('r15', 2)","('r7', 1)",16:39:45,6,0,0,0,0,4,1,1,2,2,0,0,1,1,2,1,0,0,3,2,3,0,5,0,2,2,0,3,0,0,0,1,0,2,1,2,1
2079,motion,motion,no motion,motion,motion,motion,0,0,0,0,0,0,0,1,0,0,5,0,2,2,device detected,no device,device detected,device detected,device detected,no device,"('c2', 2)","('c2', 2)",16:40:00,6,0,0,0,0,3,1,1,2,2,0,0,1,1,2,1,0,0,3,2,3,1,5,0,3,0,2,3,0,0,0,1,0,2,0,2,1
2080,motion,motion,motion,motion,no motion,motion,0,0,0,0,0,0,0,1,0,0,5,2,2,0,device detected,no device,device detected,device detected,device detected,no device,"('c1', 1)","('r8', 1)",16:40:15,4,2,0,0,0,3,1,1,2,2,0,0,2,0,2,1,0,0,3,2,3,1,5,0,3,1,0,2,0,0,0,1,0,3,1,1,2
2081,motion,motion,no motion,motion,motion,motion,0,0,1,0,0,0,1,0,0,0,5,2,2,0,device detected,no device,device detected,device detected,no device,no device,"('r14', 1)","('r8', 1)",16:40:30,4,2,0,0,0,2,1,1,2,2,0,0,2,1,2,1,0,0,4,2,3,0,5,0,3,0,0,3,0,0,0,1,0,2,0,2,3
2082,motion,motion,no motion,motion,motion,motion,0,0,0,0,0,0,0,0,0,0,4,2,2,0,device detected,no device,device detected,device detected,no device,no device,"('c1', 0)","('c2', 0)",16:40:45,4,2,0,0,0,2,2,1,2,2,0,1,2,1,2,1,0,0,5,2,3,0,4,0,3,0,0,2,0,0,0,1,0,3,0,0,3
2083,motion,motion,no motion,motion,motion,motion,0,1,1,0,0,0,0,0,0,0,3,2,2,0,device detected,device detected,device detected,device detected,no device,no device,"('c2', 3)","('r11', 0)",16:41:00,4,2,1,0,0,2,2,1,1,2,0,0,2,1,1,0,0,0,5,2,3,0,3,0,3,1,0,3,0,0,0,1,0,2,0,3,3
2084,motion,motion,no motion,motion,no motion,motion,0,0,1,1,0,0,1,0,0,0,3,3,1,1,device detected,no device,device detected,device detected,device detected,no device,"('r11', 0)","('c2', 0)",16:41:15,4,3,0,0,0,2,2,3,1,2,0,0,2,1,1,0,0,0,5,1,3,3,3,0,3,1,1,3,0,0,0,1,0,2,1,0,0
2085,motion,motion,no motion,motion,motion,motion,0,0,0,0,0,0,0,1,2,0,3,1,1,1,device detected,no device,device detected,device detected,device detected,no device,"('r11', 0)","('r7', 1)",16:41:30,6,1,0,0,0,2,1,3,1,2,0,0,2,2,1,0,0,0,5,1,3,3,3,0,3,0,1,2,0,0,0,1,0,3,1,1,0
2086,motion,motion,no motion,motion,motion,no motion,0,0,0,0,0,0,1,1,0,0,3,2,1,0,device detected,no device,device detected,device detected,device detected,no device,"('r11', 0)","('r7', 1)",16:41:45,5,2,0,0,0,3,1,3,1,2,0,0,2,1,1,0,0,0,5,1,2,3,3,0,3,0,1,1,0,0,0,1,0,4,1,2,0
2087,motion,motion,no motion,motion,motion,motion,0,0,0,0,0,0,1,1,0,0,3,2,1,0,device detected,no device,no device,device detected,no device,no device,"('c2', 3)","('r7', 0)",16:42:00,5,2,0,1,0,2,0,3,1,2,1,0,2,1,1,0,0,0,5,1,2,3,3,0,3,0,0,1,0,0,0,1,0,4,1,3,0
2088,motion,motion,no motion,motion,motion,motion,0,0,0,0,0,1,1,0,0,0,3,1,1,0,device detected,no device,device detected,device detected,device detected,no device,"('r8', 3)","('c2', 2)",16:42:15,5,2,0,0,0,2,0,3,2,2,1,0,2,2,1,0,0,1,5,1,2,3,3,0,3,0,0,1,0,0,0,1,0,4,0,2,0
2089,motion,motion,motion,motion,motion,motion,0,1,0,0,0,0,2,0,1,0,3,2,1,0,device detected,device detected,device detected,no device,device detected,no device,"('c2', 1)","('r9', 2)",16:42:30,5,2,1,0,0,1,0,3,2,2,1,0,2,2,1,1,0,1,5,1,2,3,3,0,3,0,0,2,0,0,0,1,0,3,0,1,0
2090,motion,motion,no motion,motion,no motion,motion,0,1,0,1,0,0,0,0,1,0,3,3,0,0,no device,no device,device detected,device detected,no device,no device,"('r10', 2)","('r9', 2)",16:42:45,5,3,0,0,0,1,0,3,2,2,1,0,2,0,1,0,0,1,6,0,2,4,3,0,3,0,0,2,0,0,0,1,0,3,1,2,0
2091,motion,motion,no motion,motion,motion,motion,0,0,0,1,0,0,2,0,0,0,3,1,0,0,device detected,device detected,device detected,device detected,device detected,no device,"('r10', 3)","('r9', 1)",16:43:00,6,1,1,0,0,1,0,3,1,3,1,0,1,1,1,0,0,1,6,0,2,3,3,0,3,0,0,2,0,0,0,1,0,3,1,3,0
2092,motion,motion,no motion,motion,no motion,motion,0,0,0,0,2,0,0,1,0,0,3,2,1,1,device detected,device detected,device detected,device detected,device detected,no device,"('c2', 2)","('r9', 1)",16:43:15,5,2,1,0,0,1,1,3,1,2,1,0,1,0,1,0,1,1,5,1,2,4,3,0,3,0,1,2,0,0,0,1,0,3,0,2,0
2093,motion,motion,no motion,motion,no motion,motion,0,0,0,0,0,0,0,0,0,0,3,2,1,0,device detected,device detected,device detected,device detected,device detected,no device,"('r13', 1)","('c2', 2)",16:43:30,5,2,1,0,0,1,1,3,1,2,1,0,1,0,1,0,1,1,5,1,2,4,3,0,3,0,0,1,0,0,0,2,0,4,0,2,0
2094,motion,motion,no motion,motion,motion,motion,0,0,0,0,0,0,1,0,0,0,3,2,1,0,device detected,device detected,device detected,device detected,device detected,no device,"('c2', 1)","('r9', 1)",16:43:45,5,2,1,0,0,1,1,3,1,2,1,0,1,1,1,0,1,1,5,1,2,3,3,0,3,0,0,1,0,0,0,2,0,4,1,1,0
2095,motion,motion,no motion,motion,motion,no motion,0,0,0,0,0,0,0,1,0,0,2,2,2,1,device detected,device detected,device detected,device detected,device detected,no device,"('r17', 1)","('c2', 1)",16:44:00,5,2,1,0,0,1,1,3,1,2,1,0,1,1,1,0,1,1,5,2,2,3,2,0,3,0,1,1,0,0,0,2,0,4,0,1,0
2096,motion,motion,no motion,motion,motion,motion,0,0,1,0,1,0,0,0,0,0,2,3,2,0,device detected,device detected,device detected,device detected,device detected,no device,"('r17', 0)","('r18', 1)",16:44:15,4,3,1,0,0,1,1,2,1,2,1,0,1,1,1,0,0,1,4,2,3,2,2,0,3,1,0,1,0,0,0,2,0,4,0,3,1
2097,motion,motion,no motion,motion,motion,motion,0,0,1,1,1,0,0,0,0,0,2,3,1,1,device detected,no device,device detected,device detected,device detected,no device,"('c2', 1)","('r18', 1)",16:44:30,3,3,1,0,0,1,1,2,1,2,1,1,2,1,1,0,1,1,4,1,3,2,2,0,3,1,1,1,0,0,0,2,0,4,0,1,1
2098,motion,motion,motion,motion,motion,motion,0,0,0,0,1,0,1,1,0,0,2,3,1,1,no device,device detected,device detected,device detected,device detected,no device,"('r12', 0)","('r18', 1)",16:44:45,3,3,1,0,0,1,0,2,0,2,1,0,2,1,1,0,0,1,4,1,3,2,2,0,3,0,1,1,0,0,0,2,0,4,0,6,1
2099,motion,motion,no motion,motion,no motion,motion,0,0,0,0,0,1,0,1,1,0,2,3,1,1,device detected,device detected,device detected,no device,device detected,no device,"('r12', 0)","('c2', 7)",16:45:00,3,3,1,0,0,1,0,2,0,2,0,0,1,0,1,0,0,2,4,1,2,2,2,0,3,0,1,1,0,0,0,2,0,4,2,7,1
2100,motion,motion,no motion,motion,no motion,no motion,0,0,0,0,1,0,2,1,0,0,2,3,1,1,device detected,no device,device detected,device detected,device detected,no device,"('c2', 7)","('r17', 1)",16:45:15,3,3,0,0,0,1,0,2,0,2,0,1,2,0,1,0,1,2,4,1,2,2,2,0,3,0,1,1,0,0,0,1,0,4,1,7,1
2101,motion,motion,motion,motion,no motion,motion,0,1,0,0,0,0,0,0,0,0,2,3,2,0,device detected,no device,device detected,no device,device detected,no device,"('r9', 0)","('r17', 1)",16:45:30,3,3,0,0,0,1,0,2,0,2,0,2,2,0,1,1,1,2,3,2,3,1,2,0,3,0,0,2,0,0,0,1,0,3,1,5,2
2102,motion,motion,no motion,motion,motion,motion,0,0,0,0,0,0,1,0,0,2,2,2,3,0,device detected,device detected,device detected,device detected,no device,no device,"('c2', 2)","('r17', 1)",16:45:45,3,3,2,0,0,1,1,2,1,2,0,0,2,0,1,1,1,2,2,3,3,1,2,0,3,0,0,2,0,0,0,1,0,3,2,2,2
2103,motion,motion,no motion,motion,no motion,motion,0,0,1,0,0,0,2,0,0,0,2,3,2,0,device detected,device detected,device detected,device detected,device detected,no device,"('r11', 0)","('c2', 2)",16:46:00,3,3,2,0,0,1,1,2,1,2,0,0,2,0,1,1,1,2,2,2,3,1,2,0,3,1,0,2,0,0,0,1,0,3,2,2,2
2104,motion,motion,no motion,motion,no motion,motion,0,0,0,0,0,0,0,0,0,0,2,3,2,1,device detected,device detected,no device,device detected,device detected,no device,"('r11', 1)","('r13', 2)",16:46:15,3,3,2,0,0,1,1,2,2,2,1,0,2,0,1,1,1,2,2,2,3,1,2,0,3,0,1,3,0,0,0,1,0,2,2,0,2
2105,motion,motion,no motion,motion,motion,motion,0,0,0,0,0,0,1,1,1,0,2,3,2,0,device detected,device detected,device detected,no device,device detected,device detected,"('r11', 1)","('r13', 1)",16:46:30,3,3,2,0,0,1,1,2,2,2,1,0,1,1,1,1,1,2,2,2,3,1,2,0,3,0,0,2,0,0,0,1,0,3,1,2,2
2106,motion,motion,no motion,motion,motion,motion,0,0,0,0,0,1,0,0,0,0,2,2,2,0,device detected,device detected,device detected,no device,device detected,device detected,"('c2', 1)","('r13', 1)",16:46:45,4,2,2,0,0,1,1,2,3,2,0,0,1,1,1,1,1,3,2,2,3,1,2,0,3,0,0,2,0,0,0,1,0,3,1,1,2
2107,motion,motion,no motion,motion,motion,motion,0,0,0,0,1,0,0,1,0,0,2,3,2,1,device detected,no device,device detected,device detected,device detected,no device,"('r12', 0)","('c2', 0)",16:47:00,3,3,2,0,0,1,1,2,3,2,0,0,1,1,1,1,2,3,2,2,3,1,2,0,3,0,1,2,0,0,0,1,0,3,0,0,2
2108,motion,motion,no motion,motion,motion,motion,0,0,0,0,0,1,1,0,0,0,2,3,2,0,device detected,device detected,device detected,device detected,no device,device detected,"('r12', 0)","('r10', 2)",16:47:15,3,3,2,0,0,1,1,1,3,2,0,0,1,1,1,1,2,2,2,2,3,0,2,1,3,0,0,2,0,0,0,2,0,3,1,1,2
2109,motion,motion,no motion,motion,no motion,motion,0,0,0,0,1,0,0,1,1,0,2,3,2,1,device detected,device detected,device detected,device detected,no device,no device,"('r12', 0)","('r10', 2)",16:47:30,3,3,2,0,0,1,1,1,3,2,0,0,2,0,1,1,1,2,2,2,3,0,2,1,3,0,1,3,0,0,0,2,0,2,1,1,2
2110,motion,motion,no motion,motion,no motion,motion,0,0,1,0,0,0,0,1,0,0,2,3,3,1,device detected,device detected,device detected,device detected,no device,device detected,"('r12', 0)","('c2', 0)",16:47:45,3,3,2,0,0,1,1,1,3,2,1,0,2,0,1,1,1,2,2,3,3,0,2,1,3,0,1,3,0,0,0,2,0,2,0,0,2
2111,motion,motion,no motion,motion,no motion,motion,0,0,1,0,0,0,0,0,0,1,3,3,2,0,device detected,device detected,device detected,device detected,no device,no device,"('r12', 0)","('r8', 1)",16:48:00,3,3,2,0,0,1,1,1,3,2,1,0,2,0,1,1,1,2,3,2,3,0,3,0,3,0,0,2,0,0,0,2,0,3,1,0,2
2112,motion,motion,no motion,motion,motion,motion,0,0,1,0,0,0,0,0,1,0,3,3,1,0,device detected,device detected,device detected,device detected,no device,no device,"('r3', 2)","('c2', 2)",16:48:15,3,3,2,0,0,1,1,1,2,2,0,0,2,1,1,1,1,2,3,1,3,0,3,0,3,1,0,2,0,0,0,2,0,3,0,2,2
2113,motion,motion,no motion,motion,no motion,motion,0,0,1,0,0,0,0,0,0,0,3,3,0,0,device detected,device detected,device detected,device detected,no device,device detected,"('r2', 3)","('r17', 1)",16:48:30,3,3,2,0,0,1,1,1,2,2,0,0,2,1,1,1,1,2,3,0,3,0,3,0,4,1,0,2,0,0,0,2,0,3,0,2,2
2114,motion,motion,motion,motion,motion,motion,0,0,0,1,0,0,0,0,0,0,3,2,0,1,device detected,device detected,device detected,device detected,no device,no device,"('r2', 2)","('r17', 1)",16:48:45,3,2,3,0,0,1,1,2,2,2,0,0,2,1,1,1,1,2,3,0,3,0,3,0,3,0,1,2,1,0,0,2,0,3,0,1,2
2115,motion,motion,no motion,motion,motion,motion,0,0,0,0,0,0,1,1,0,0,3,1,0,0,device detected,device detected,device detected,device detected,no device,no device,"('r2', 2)","('c2', 2)",16:49:00,3,2,2,0,0,1,1,2,1,2,0,0,2,1,1,1,1,2,3,0,3,0,3,0,4,0,0,2,0,0,0,2,0,3,2,2,2
2116,motion,motion,no motion,motion,motion,motion,0,0,0,0,0,0,2,1,0,0,3,3,0,2,device detected,device detected,device detected,no device,no device,device detected,"('r2', 3)","('c1', 1)",16:49:15,2,3,2,0,0,1,1,3,1,2,0,0,2,1,1,1,1,2,3,0,2,0,3,0,3,0,2,2,1,0,0,2,0,3,1,1,2
2117,motion,motion,no motion,motion,no motion,motion,0,0,0,1,0,0,0,2,0,0,3,2,0,1,device detected,device detected,device detected,device detected,no device,no device,"('r3', 3)","('r14', 0)",16:49:30,2,2,3,0,0,2,1,3,1,2,0,0,2,0,1,1,1,2,3,0,2,0,3,0,4,1,1,2,0,0,0,2,0,3,1,1,2
2118,motion,motion,no motion,motion,no motion,motion,0,0,1,0,0,0,1,0,0,0,2,1,2,1,device detected,device detected,device detected,device detected,no device,no device,"('r12', 1)","('r22', 0)",16:49:45,2,2,2,0,0,2,1,3,2,2,0,1,2,0,1,1,1,2,2,2,2,0,3,0,3,1,1,2,0,0,0,2,0,3,0,1,2
2119,motion,motion,no motion,motion,no motion,motion,0,0,0,0,0,0,0,0,0,0,4,3,1,1,device detected,device detected,device detected,device detected,no device,no device,"('r3', 2)","('r14', 0)",16:50:00,1,3,2,0,0,2,1,2,2,2,0,0,2,0,2,1,1,2,2,1,2,0,4,0,4,0,1,2,0,0,0,2,0,3,0,2,2
2120,motion,motion,motion,no motion,motion,motion,0,1,0,1,0,0,1,0,0,0,4,2,1,1,device detected,device detected,device detected,no device,device detected,no device,"('r12', 0)","('r14', 0)",16:50:15,1,2,3,0,0,2,1,2,2,2,0,0,2,0,2,2,1,2,2,1,2,1,4,0,2,1,1,2,1,0,0,2,0,3,1,0,1
2121,no motion,motion,no motion,motion,motion,motion,0,0,0,0,0,0,0,0,1,0,3,2,2,2,no device,device detected,device detected,device detected,no device,no device,"('r12', 1)","('c1', 0)",16:50:30,1,2,2,0,0,1,1,2,1,2,0,1,2,3,2,2,1,2,2,2,2,0,3,0,3,0,2,2,0,0,0,2,0,3,0,1,1
2122,motion,motion,no motion,motion,motion,motion,0,0,1,0,0,0,1,2,1,0,4,2,0,2,device detected,device detected,device detected,device detected,no device,no device,"('c2', 2)","('c2', 2)",16:50:45,1,2,2,0,0,2,1,2,1,2,0,0,2,1,1,2,1,2,2,0,2,0,4,0,1,1,2,2,1,0,0,2,0,3,3,2,1
2123,motion,motion,motion,motion,motion,motion,0,1,0,0,0,0,3,1,0,1,4,2,0,1,device detected,device detected,device detected,device detected,no device,no device,"('r12', 0)","('r11', 0)",16:51:00,1,2,2,1,0,1,1,2,1,2,0,0,2,1,1,1,1,2,2,0,3,0,4,0,1,0,1,3,1,0,0,2,0,3,2,4,1
2124,motion,motion,motion,motion,no motion,motion,0,0,0,0,1,2,1,1,0,0,4,2,0,2,device detected,device detected,device detected,no device,device detected,no device,"('r12', 0)","('r11', 0)",16:51:15,1,2,2,1,0,1,1,2,2,2,0,0,2,0,0,1,0,4,2,0,3,1,4,0,1,0,2,2,1,0,0,2,0,4,0,4,1
2125,motion,motion,motion,motion,no motion,motion,0,0,0,0,0,0,0,0,0,0,3,2,0,1,no device,device detected,device detected,device detected,device detected,no device,"('c2', 3)","('c2', 3)",16:51:30,1,2,2,0,0,2,1,2,3,2,0,0,2,0,0,1,0,4,2,0,3,1,4,0,0,1,1,3,2,0,0,2,0,3,0,3,1
2126,motion,motion,no motion,motion,no motion,motion,0,1,0,0,1,0,0,0,0,0,4,1,0,1,no device,device detected,no device,device detected,device detected,no device,"('r13', 2)","('r15', 0)",16:51:45,2,1,2,0,0,2,1,2,4,2,0,0,2,0,0,0,1,4,2,0,3,1,4,0,0,0,1,4,0,3,0,2,0,2,0,2,1
2127,motion,motion,motion,motion,motion,motion,0,0,0,0,0,2,0,0,0,2,4,0,0,1,no device,no device,device detected,device detected,no device,no device,"('c2', 1)","('c2', 1)",16:52:00,3,0,2,0,0,2,1,2,5,2,0,0,2,1,0,0,1,4,2,0,3,0,4,0,0,0,1,2,0,3,0,2,0,2,2,1,1
2128,motion,motion,no motion,motion,motion,motion,0,0,0,0,0,0,1,2,0,0,4,0,0,3,no device,device detected,device detected,device detected,no device,no device,"('r13', 2)","('r12', 0)",16:52:15,3,0,2,0,0,2,1,2,5,2,0,0,2,1,0,0,1,4,2,0,3,0,4,0,0,0,3,2,0,3,0,2,0,2,1,0,1
2129,motion,motion,no motion,motion,no motion,motion,0,0,0,0,0,0,0,0,1,1,4,1,0,1,no device,device detected,device detected,device detected,no device,no device,"('c2', 1)","('r3', 1)",16:52:30,2,1,1,0,0,2,1,2,5,2,0,1,1,0,0,0,1,4,2,0,4,0,4,0,0,1,1,4,0,3,0,2,0,1,1,1,1
2130,motion,motion,no motion,motion,no motion,motion,0,0,1,0,0,0,1,0,0,1,3,1,2,1,no device,device detected,device detected,device detected,no device,no device,"('r11', 0)","('r2', 1)",16:52:45,2,1,1,0,0,2,1,2,6,2,0,0,1,0,0,0,1,4,2,2,4,0,3,0,0,0,1,4,0,3,0,2,0,0,1,2,1
2131,motion,motion,no motion,motion,motion,motion,0,0,1,0,1,0,0,0,0,0,2,1,0,1,no device,device detected,device detected,device detected,device detected,no device,"('r11', 0)","('r2', 1)",16:53:00,2,1,1,0,0,2,1,2,6,2,0,0,2,0,0,0,0,4,3,0,4,1,3,0,0,1,1,2,0,3,0,2,0,2,1,2,0
2132,motion,motion,no motion,motion,no motion,motion,0,1,0,0,0,0,1,0,0,0,3,1,0,2,no device,device detected,no device,device detected,no device,no device,"('c2', 2)","('r2', 1)",16:53:15,2,1,1,0,0,2,1,2,6,2,0,0,2,0,0,1,0,4,3,0,4,0,3,0,0,0,2,3,0,3,0,2,0,1,0,2,1
2133,motion,motion,motion,motion,no motion,motion,0,0,0,0,0,1,0,1,0,0,3,0,0,1,no device,device detected,device detected,device detected,no device,no device,"('r7', 1)","('r2', 1)",16:53:30,2,1,1,0,0,2,1,3,6,2,0,0,2,0,0,1,0,3,3,0,4,0,3,0,0,2,1,3,0,1,0,2,0,1,1,2,1
2134,motion,motion,no motion,motion,no motion,motion,0,1,0,0,0,0,1,0,0,2,3,1,0,2,no device,device detected,device detected,device detected,no device,no device,"('c2', 3)","('r3', 1)",16:53:45,2,1,1,0,0,2,1,3,6,3,0,0,2,0,0,0,0,3,3,0,5,0,3,0,0,0,2,1,0,1,0,2,0,1,2,3,1
2135,motion,motion,no motion,motion,motion,motion,0,0,0,0,0,0,0,1,2,0,3,1,0,0,device detected,device detected,device detected,device detected,no device,no device,"('r7', 1)","('r12', 0)",16:54:00,2,1,1,0,0,2,1,2,6,2,0,0,2,2,0,0,0,3,3,0,5,1,3,0,0,0,0,1,0,1,0,3,0,1,1,5,0
2136,motion,motion,no motion,motion,motion,motion,0,0,0,0,0,0,2,0,1,0,3,1,0,0,no device,device detected,no device,device detected,device detected,no device,"('r7', 1)","('r12', 0)",16:54:15,2,1,1,0,0,2,1,2,5,2,0,0,2,1,0,0,0,3,3,0,5,1,3,0,0,0,0,1,0,1,0,3,0,1,2,6,0
2137,motion,motion,motion,motion,motion,motion,0,0,0,1,0,1,1,1,0,0,3,0,0,1,no device,device detected,device detected,device detected,device detected,no device,"('c2', 1)","('c2', 1)",16:54:30,2,0,2,0,0,2,1,3,6,2,0,1,2,1,0,0,0,4,3,0,5,1,3,0,0,0,1,1,0,1,0,3,0,1,2,1,0
2138,motion,motion,no motion,motion,motion,motion,0,0,0,0,0,0,0,1,0,0,3,0,1,2,no device,device detected,device detected,device detected,device detected,no device,"('r7', 1)","('r10', 2)",16:54:45,2,0,3,0,0,2,1,3,5,2,0,0,2,1,0,0,0,4,2,1,5,1,3,0,0,1,2,1,0,1,0,2,0,1,1,2,0
2139,motion,motion,no motion,motion,no motion,motion,0,0,3,1,0,0,0,1,0,0,3,1,1,0,no device,no device,device detected,device detected,device detected,no device,"('r7', 1)","('r10', 2)",16:55:00,2,1,2,0,0,2,1,3,5,2,0,0,1,1,0,0,0,4,2,1,5,1,3,0,0,0,1,1,0,2,0,2,0,1,2,3,0
2140,motion,motion,no motion,motion,motion,motion,0,0,0,0,0,0,1,2,0,0,4,0,0,1,device detected,device detected,device detected,device detected,device detected,no device,"('r7', 1)","('r10', 2)",16:55:15,3,0,2,0,0,2,1,3,3,2,0,0,0,1,0,0,0,4,2,0,5,1,4,0,0,0,1,1,0,2,0,2,0,1,1,7,0
2141,motion,motion,no motion,motion,no motion,motion,0,0,0,0,0,0,2,1,0,0,4,1,0,1,no device,device detected,device detected,device detected,device detected,no device,"('r7', 1)","('c2', 7)",16:55:30,2,1,2,0,0,3,1,3,3,2,0,0,0,0,0,0,0,4,2,0,6,1,4,0,0,0,1,1,0,2,0,2,0,1,0,7,0
2142,motion,motion,no motion,motion,no motion,no motion,0,0,0,0,0,0,0,0,0,0,4,1,0,0,no device,device detected,device detected,device detected,device detected,no device,"('r7', 1)","('r11', 0)",16:55:45,2,1,2,0,0,3,1,3,4,1,0,1,0,0,1,0,0,4,2,0,6,1,4,0,0,1,0,1,0,2,0,2,0,1,0,5,0
2143,motion,motion,no motion,motion,motion,no motion,0,0,0,1,0,0,0,0,0,1,4,2,0,0,device detected,no device,device detected,device detected,no device,no device,"('r7', 1)","('c2', 5)",16:56:00,2,2,1,0,0,3,1,3,3,1,0,2,0,1,1,0,0,4,2,0,6,0,4,0,1,0,0,0,0,2,0,2,0,1,1,5,0
2144,motion,motion,motion,motion,motion,no motion,0,0,0,0,1,1,2,0,0,0,4,2,0,0,no device,device detected,device detected,device detected,no device,no device,"('c2', 7)","('c1', 1)",16:56:15,2,2,3,0,0,2,1,2,2,1,0,0,0,2,1,0,1,3,2,0,6,0,4,0,1,0,0,0,0,2,0,2,0,1,1,7,0
2145,no motion,motion,no motion,motion,motion,no motion,0,0,0,3,0,0,0,0,0,0,4,4,0,0,no device,device detected,device detected,device detected,no device,no device,"('r17', 1)","('r27', 0)",16:56:30,2,4,2,0,0,2,1,2,2,1,0,1,1,2,0,0,1,3,2,0,6,0,4,0,1,0,0,0,0,2,0,2,0,1,1,5,0
2146,motion,motion,no motion,motion,motion,no motion,0,0,0,1,0,1,0,0,0,0,4,3,0,0,device detected,no device,device detected,device detected,no device,no device,"('c2', 3)","('r26', 0)",16:56:45,4,3,2,0,0,2,1,2,3,1,0,0,1,2,0,0,1,4,2,0,6,0,4,0,1,0,0,0,0,2,0,2,0,1,1,3,0
2147,motion,motion,no motion,motion,motion,no motion,0,0,0,0,1,0,0,0,0,0,3,2,1,0,no device,device detected,device detected,device detected,no device,no device,"('r10', 1)","('r26', 0)",16:57:00,5,2,2,0,0,2,2,2,3,1,0,0,1,2,0,0,0,4,1,1,6,0,4,0,1,0,0,0,0,2,0,2,0,1,1,3,0
2148,motion,motion,no motion,motion,motion,no motion,0,0,1,1,0,0,1,0,0,0,4,2,0,0,device detected,device detected,device detected,no device,no device,no device,"('c2', 2)","('r30', 2)",16:57:15,4,2,3,0,0,2,2,2,3,1,0,0,1,2,0,0,0,4,1,0,6,0,4,0,1,1,0,0,0,2,0,2,0,1,2,2,0
2149,motion,motion,motion,motion,motion,no motion,0,0,0,0,0,0,1,0,0,0,3,3,0,1,device detected,device detected,device detected,device detected,no device,no device,"('c2', 2)","('r29', 0)",16:57:30,3,3,2,0,0,2,1,2,3,1,0,1,1,2,0,0,0,4,1,0,6,0,4,0,1,0,1,0,0,2,0,2,0,1,3,2,0
2150,motion,motion,no motion,motion,motion,motion,0,0,0,1,0,0,2,1,0,1,4,2,0,1,device detected,device detected,device detected,device detected,no device,no device,"('r12', 0)","('r29', 0)",16:57:45,3,2,3,0,0,2,1,2,3,1,0,0,1,2,0,0,0,4,1,0,6,0,4,0,1,1,1,1,0,1,0,1,0,1,1,5,0
2151,motion,motion,no motion,motion,motion,motion,0,1,1,1,2,0,2,1,0,0,4,1,1,0,device detected,device detected,device detected,device detected,no device,no device,"('c2', 4)","('r29', 0)",16:58:00,3,1,2,0,0,2,2,2,3,1,0,2,0,2,0,1,2,4,1,1,6,0,4,0,1,0,0,1,0,1,0,1,0,1,0,4,0
2152,motion,motion,no motion,motion,motion,no motion,0,3,0,1,0,1,0,0,0,0,5,0,0,0,device detected,device detected,device detected,device detected,no device,no device,"('r17', 2)","('r29', 0)",16:58:15,3,0,3,0,0,2,1,2,3,1,0,0,0,2,0,2,2,5,1,0,6,0,5,0,1,0,0,0,0,1,0,1,0,2,0,5,0
2153,motion,motion,no motion,motion,motion,no motion,0,1,0,0,0,2,2,0,0,0,4,0,0,0,device detected,device detected,device detected,device detected,device detected,no device,"('r17', 2)","('r30', 1)",16:58:30,3,0,3,0,0,2,1,2,3,1,0,0,0,1,0,1,2,5,1,0,6,1,5,0,1,0,0,0,0,1,0,1,0,2,2,4,0
2154,motion,no motion,motion,no motion,motion,motion,0,0,0,0,0,0,0,1,1,0,5,0,0,1,device detected,device detected,device detected,device detected,no device,no device,"('c2', 3)","('r30', 1)",16:58:45,3,0,3,0,0,2,1,3,3,1,0,0,0,3,0,1,2,5,1,0,6,0,5,0,1,0,1,1,0,1,0,1,0,1,0,3,0
2155,motion,motion,motion,motion,motion,motion,0,0,0,0,0,0,0,0,1,0,5,0,0,0,device detected,device detected,device detected,device detected,no device,no device,"('r9', 3)","('r30', 1)",16:59:00,3,0,3,0,0,3,1,3,3,1,0,0,0,1,0,1,2,5,1,0,6,0,5,0,1,1,0,1,0,1,0,1,0,1,1,3,0
2156,motion,motion,no motion,motion,no motion,motion,0,0,1,0,0,0,1,0,0,0,5,0,1,0,device detected,device detected,device detected,device detected,no device,no device,"('c2', 3)","('r26', 0)",16:59:15,3,0,3,0,0,3,2,2,3,1,0,0,0,1,1,1,2,5,1,1,6,0,5,0,1,0,0,1,0,1,0,1,0,1,0,3,0
2157,motion,motion,no motion,motion,motion,motion,0,0,0,0,0,0,0,0,0,0,6,0,0,0,device detected,no device,no device,device detected,no device,no device,"('r8', 0)","('r26', 0)",16:59:30,3,0,3,0,0,3,2,0,3,1,1,0,0,1,2,1,2,5,1,0,6,0,6,0,1,0,0,1,0,1,0,1,0,1,0,3,0
2158,motion,no motion,no motion,no motion,motion,motion,0,0,0,0,0,1,2,0,0,0,6,0,0,0,no device,device detected,device detected,device detected,no device,no device,"('c2', 6)","('r25', 1)",16:59:45,3,0,3,0,0,2,1,0,2,1,0,1,0,2,1,1,2,4,1,0,6,0,6,0,1,0,0,1,0,1,0,1,0,1,1,6,0
2159,motion,motion,no motion,motion,motion,motion,0,0,0,1,0,0,0,1,1,0,6,1,0,1,no device,device detected,no device,device detected,no device,no device,"('r16', 1)","('r26', 0)",17:00:00,3,1,3,0,0,1,1,0,2,1,0,0,0,2,1,1,2,4,1,0,6,0,6,0,1,0,1,1,0,1,0,1,0,1,1,6,0
2160,motion,motion,no motion,motion,motion,motion,0,0,0,1,0,3,1,1,0,0,6,2,0,1,device detected,device detected,device detected,no device,device detected,no device,"('c2', 5)","('r26', 0)",17:00:15,3,2,2,0,0,1,1,0,4,1,0,1,0,2,1,1,2,1,1,0,6,0,6,0,1,0,1,1,0,1,0,2,0,1,1,5,0
2161,motion,no motion,no motion,motion,motion,motion,0,0,0,0,0,0,0,0,0,1,5,1,1,0,device detected,device detected,device detected,device detected,device detected,device detected,"('r13', 0)","('r26', 0)",17:00:30,4,1,2,0,0,1,1,0,4,1,0,1,0,1,1,1,2,1,1,1,7,1,5,1,1,0,0,1,0,1,0,2,0,1,0,5,0
2162,motion,motion,no motion,motion,motion,motion,0,0,1,0,0,0,0,0,0,0,5,2,0,1,device detected,device detected,device detected,device detected,device detected,device detected,"('r13', 0)","('r27', 1)",17:00:45,3,2,2,0,0,1,1,0,4,1,0,1,0,1,1,1,2,1,1,0,7,1,5,1,1,1,1,1,0,1,0,1,0,1,0,5,0
2163,motion,motion,no motion,motion,motion,no motion,0,1,0,0,1,2,0,1,0,0,5,2,0,1,device detected,device detected,device detected,no device,device detected,device detected,"('c2', 10)","('r21', 7)",17:01:00,3,2,2,0,0,0,1,0,1,1,0,0,0,2,0,2,1,1,1,0,7,1,5,1,1,0,1,0,0,1,0,1,0,2,1,10,0
2164,motion,motion,no motion,motion,motion,motion,0,3,0,0,0,1,2,1,0,0,5,2,0,1,device detected,device detected,device detected,no device,device detected,no device,"('c1', 2)","('r21', 6)",17:01:15,3,2,2,0,0,0,1,1,2,1,0,0,0,2,0,5,1,2,1,0,6,2,5,0,1,0,1,1,0,1,0,1,0,1,2,4,0
2165,motion,motion,no motion,motion,motion,motion,0,1,0,1,0,0,1,2,1,0,5,3,0,1,device detected,device detected,device detected,no device,device detected,no device,"('c1', 2)","('r21', 6)",17:01:30,3,3,1,0,0,0,0,0,1,2,0,1,0,1,0,4,1,2,1,0,6,2,5,0,1,0,1,2,0,1,0,1,0,0,2,7,0
2166,motion,motion,no motion,no motion,motion,motion,0,2,0,0,0,1,1,1,0,0,4,2,0,1,device detected,device detected,device detected,device detected,device detected,no device,"('r14', 1)","('r21', 6)",17:01:45,3,3,2,0,0,1,0,0,1,1,0,0,0,1,1,4,1,1,1,0,6,1,5,0,1,1,1,1,0,1,0,1,0,1,0,9,0
2167,motion,no motion,no motion,motion,motion,no motion,0,1,0,0,0,0,0,0,0,0,5,3,1,0,device detected,device detected,device detected,device detected,device detected,no device,"('r22', 1)","('r27', 0)",17:02:00,3,3,2,0,0,1,1,0,1,2,0,2,0,1,0,3,1,1,0,1,6,1,5,0,2,1,0,1,0,1,0,1,0,1,0,7,0
2168,motion,no motion,no motion,motion,motion,motion,0,0,2,1,0,0,0,0,0,0,5,2,1,0,device detected,device detected,device detected,device detected,device detected,no device,"('r24', 0)","('r26', 1)",17:02:15,3,2,5,0,0,1,1,0,1,1,0,1,1,1,0,3,1,1,0,1,6,1,5,0,2,1,0,2,0,1,0,1,0,0,0,6,0
2169,motion,motion,no motion,motion,motion,motion,0,2,0,2,0,0,0,0,0,0,6,3,0,1,device detected,device detected,device detected,device detected,device detected,no device,"('r24', 0)","('r25', 2)",17:02:30,4,3,4,0,0,1,1,0,1,1,0,0,0,1,0,1,1,1,0,0,6,1,6,0,2,0,1,2,0,1,0,1,0,0,0,9,0
2170,motion,no motion,no motion,motion,motion,motion,0,2,0,2,0,0,0,1,0,1,6,2,0,0,device detected,device detected,device detected,device detected,device detected,no device,"('r24', 0)","('r25', 2)",17:02:45,5,2,4,0,0,1,1,1,1,1,0,0,0,1,1,1,1,1,0,0,6,1,6,0,2,0,0,1,0,1,0,1,0,0,2,7,0
2171,motion,no motion,no motion,motion,motion,motion,0,5,0,0,0,0,1,0,1,0,6,2,0,0,device detected,device detected,device detected,device detected,no device,device detected,"('r24', 1)","('r29', 0)",17:03:00,5,2,3,0,0,1,0,1,2,1,0,1,0,2,1,4,1,1,0,0,6,0,6,1,2,0,0,1,0,1,0,1,0,0,2,3,0
2172,motion,no motion,no motion,motion,motion,motion,0,1,0,0,0,0,1,0,2,0,6,1,0,0,device detected,device detected,device detected,no device,device detected,no device,"('r22', 1)","('r30', 1)",17:03:15,6,1,2,0,0,0,0,1,2,1,0,1,0,3,1,5,1,1,0,0,6,1,6,0,2,0,0,1,0,1,0,1,0,1,2,2,0
2173,motion,no motion,no motion,motion,no motion,motion,0,1,0,0,0,0,1,1,0,0,6,1,0,1,device detected,device detected,no device,device detected,no device,no device,"('r24', 0)","('r30', 1)",17:03:30,6,1,2,0,0,1,0,0,2,1,0,1,0,1,1,6,1,1,0,0,6,1,6,0,2,0,1,1,0,1,0,1,1,0,2,1,1
2174,motion,no motion,no motion,motion,motion,motion,0,1,0,1,0,0,0,2,0,0,6,1,0,1,no device,device detected,device detected,device detected,no device,no device,"('r24', 0)","('r29', 0)",17:03:45,5,1,3,0,0,1,0,0,2,1,0,1,0,1,1,7,1,1,0,0,7,0,6,0,2,1,1,1,0,1,0,1,0,1,0,0,2
2175,motion,motion,motion,motion,motion,no motion,0,1,1,0,0,0,0,0,0,0,6,1,0,1,device detected,no device,device detected,device detected,no device,no device,"('r24', 0)","('r30', 1)",17:04:00,5,1,2,0,0,1,0,0,2,1,0,2,0,1,1,6,1,1,1,0,7,0,6,0,2,0,1,1,0,1,0,1,0,1,0,1,2
2176,motion,no motion,no motion,motion,motion,motion,0,0,0,0,1,0,0,0,0,0,6,1,0,0,device detected,device detected,device detected,device detected,no device,no device,"('r28', 1)","('r29', 0)",17:04:15,5,1,2,0,0,1,0,0,2,1,0,1,0,1,1,6,2,1,1,0,7,0,6,0,2,0,0,1,0,1,0,2,0,1,0,1,2
2177,motion,motion,no motion,motion,motion,motion,0,0,0,0,1,1,0,0,0,0,6,0,0,0,device detected,device detected,no device,device detected,no device,no device,"('r24', 0)","('r30', 1)",17:04:30,6,0,2,0,0,1,1,0,2,1,0,0,0,1,1,6,1,0,1,0,7,0,6,0,2,0,0,2,0,1,0,2,0,0,0,3,2
2178,motion,motion,no motion,motion,motion,motion,0,0,0,0,0,0,0,0,0,0,6,0,0,0,device detected,device detected,no device,device detected,no device,no device,"('r22', 0)","('r29', 0)",17:04:45,6,0,2,0,0,1,3,0,2,1,0,0,0,1,1,6,1,0,1,0,7,0,6,0,2,0,0,1,0,1,0,2,0,1,0,1,2
2179,motion,motion,no motion,motion,motion,motion,0,0,0,0,0,0,0,0,0,0,5,0,1,0,device detected,device detected,device detected,device detected,device detected,no device,"('r14', 1)","('r25', 2)",17:05:00,6,0,2,0,0,1,3,0,2,1,0,0,0,1,1,6,1,0,1,1,7,1,5,0,2,0,0,1,0,1,0,2,1,0,0,1,1
2180,motion,motion,no motion,motion,motion,motion,0,0,1,0,0,0,0,0,0,0,5,0,0,0,device detected,device detected,device detected,device detected,no device,no device,"('r14', 2)","('r25', 2)",17:05:15,6,0,2,0,0,1,3,0,2,1,0,0,0,2,1,6,1,0,1,0,7,0,5,0,2,1,0,1,0,1,0,2,0,1,0,1,1
2181,motion,motion,no motion,motion,motion,motion,0,0,0,0,0,0,0,1,0,0,4,0,1,1,device detected,device detected,device detected,device detected,no device,no device,"('r22', 0)","('r26', 0)",17:05:30,6,0,2,0,0,2,3,0,2,1,0,0,0,1,1,6,1,0,1,1,6,0,4,0,2,0,1,2,0,1,0,2,0,0,1,1,1
2182,motion,motion,no motion,motion,motion,motion,0,0,1,0,0,0,1,1,0,0,4,0,1,0,device detected,device detected,device detected,device detected,no device,no device,"('r24', 0)","('r20', 1)",17:05:45,6,0,2,0,0,2,3,0,1,0,0,0,0,1,0,6,1,0,0,1,6,0,4,0,2,1,0,2,0,1,0,2,0,0,1,5,1
2183,motion,no motion,no motion,motion,no motion,motion,0,0,1,0,0,0,1,0,0,0,4,0,0,1,device detected,device detected,device detected,device detected,no device,device detected,"('r24', 0)","('r19', 0)",17:06:00,6,0,2,0,0,2,3,0,1,0,0,2,1,1,0,6,1,0,0,0,6,0,4,0,2,1,1,1,0,1,0,2,0,1,0,3,1
2184,motion,no motion,motion,motion,no motion,motion,0,0,0,1,0,0,0,1,0,0,4,1,0,1,device detected,device detected,no device,device detected,no device,no device,"('r28', 1)","('r20', 0)",17:06:15,6,1,2,0,0,3,4,0,1,0,0,0,1,0,0,6,1,0,0,0,6,0,4,0,2,0,1,1,0,1,0,2,0,1,1,3,1
2185,motion,motion,no motion,motion,motion,motion,0,1,0,1,0,0,0,1,0,1,4,1,0,1,device detected,device detected,device detected,device detected,no device,no device,"('r24', 0)","('r20', 0)",17:06:30,7,1,1,0,0,1,4,0,1,0,1,0,1,2,0,7,1,0,0,0,5,0,4,0,2,0,1,3,0,1,0,2,0,0,1,1,1
2186,motion,no motion,no motion,motion,motion,no motion,0,0,0,0,0,0,0,1,1,1,4,0,0,0,device detected,device detected,device detected,no device,device detected,no device,"('r22', 1)","('r26', 0)",17:06:45,8,0,1,0,0,1,4,0,1,0,1,0,1,2,0,7,1,0,0,0,5,1,4,0,2,0,0,1,0,1,0,2,0,1,2,1,1
2187,motion,no motion,no motion,motion,motion,no motion,0,0,0,0,0,0,2,0,0,1,4,1,0,1,device detected,device detected,device detected,device detected,no device,no device,"('outside', 1)","('r30', 1)",17:07:00,7,1,1,1,0,0,4,0,1,0,0,0,1,1,0,7,1,0,0,0,4,2,4,0,2,0,1,0,0,1,0,2,0,1,2,3,1
2188,motion,no motion,no motion,motion,no motion,motion,0,1,0,0,0,0,0,0,0,1,4,0,0,0,device detected,device detected,device detected,device detected,device detected,no device,"('outside', 1)","('r26', 0)",17:07:15,8,0,1,0,0,1,4,0,1,1,0,0,1,1,0,8,1,0,0,0,4,2,4,0,2,0,0,1,0,1,0,3,0,1,1,1,1
2189,motion,no motion,no motion,motion,no motion,motion,0,0,0,0,0,0,1,0,0,0,4,0,0,0,device detected,device detected,device detected,device detected,device detected,device detected,"('r22', 2)","('r25', 2)",17:07:30,8,0,1,0,0,2,4,0,1,1,0,0,1,0,0,8,1,0,0,0,4,2,4,1,2,0,0,0,0,1,0,3,0,1,0,2,1
2190,motion,motion,motion,motion,motion,motion,0,1,0,0,0,0,0,0,0,0,4,0,0,0,device detected,no device,no device,device detected,device detected,no device,"('r14', 1)","('r26', 0)",17:07:45,8,0,1,0,0,1,4,0,0,1,0,0,1,1,0,9,1,0,0,0,4,2,4,0,2,0,0,1,0,1,0,3,0,1,0,2,1
2191,motion,no motion,motion,motion,motion,motion,0,0,0,0,1,0,0,0,0,0,4,0,0,0,device detected,device detected,device detected,device detected,device detected,no device,"('r6', 1)","('r20', 0)",17:08:00,8,0,1,0,0,1,3,0,0,2,0,0,1,1,0,9,2,0,0,0,4,2,4,0,2,0,0,1,0,1,0,3,0,1,0,1,1
2192,motion,motion,no motion,motion,no motion,motion,0,2,0,0,2,0,0,0,1,0,4,0,0,0,no device,no device,device detected,device detected,no device,no device,"('r5', 0)","('r26', 0)",17:08:15,8,0,1,0,0,1,3,0,0,2,0,0,1,0,0,9,0,0,0,0,4,0,4,0,2,0,0,1,0,1,0,3,0,1,1,3,3
2193,motion,no motion,no motion,motion,no motion,motion,0,2,0,0,0,0,2,0,0,0,3,0,0,1,device detected,device detected,device detected,device detected,device detected,no device,"('r6', 1)","('r20', 1)",17:08:30,8,0,1,0,0,1,3,0,1,2,0,0,0,0,0,7,0,0,0,1,4,1,3,0,2,0,1,1,0,1,0,2,0,1,1,5,2
2194,motion,motion,no motion,motion,motion,motion,0,2,0,0,0,0,0,1,0,0,3,0,0,1,device detected,device detected,device detected,device detected,no device,no device,"('r4', 0)","('r26', 0)",17:08:45,8,0,1,0,0,1,2,0,0,2,0,1,0,1,0,5,0,0,1,0,4,0,3,0,2,0,1,1,0,1,0,3,0,1,0,8,2
2195,motion,motion,no motion,motion,motion,no motion,0,3,1,0,0,0,0,0,0,0,3,0,1,0,device detected,device detected,device detected,device detected,no device,no device,"('r6', 1)","('r25', 2)",17:09:00,8,0,2,0,0,1,3,0,0,2,0,1,1,1,0,8,0,0,1,1,4,0,3,0,2,0,0,0,0,1,0,3,0,2,0,2,2
2196,motion,motion,no motion,motion,motion,no motion,0,0,0,0,0,0,0,0,0,0,3,1,0,0,device detected,device detected,device detected,device detected,no device,no device,"('r6', 1)","('r25', 2)",17:09:15,7,1,2,0,0,1,3,1,0,2,0,1,1,1,0,8,0,0,2,0,4,0,3,0,2,0,0,0,0,1,0,3,0,2,0,1,2
2197,motion,motion,motion,motion,no motion,no motion,0,1,0,2,0,0,0,0,0,0,3,0,0,0,device detected,device detected,device detected,device detected,device detected,no device,"('r14', 0)","('r25', 2)",17:09:30,6,0,3,0,0,1,3,1,0,2,0,2,1,0,0,7,0,0,2,0,4,1,3,0,2,0,0,0,0,1,0,3,0,2,0,2,2
2198,motion,motion,no motion,motion,motion,motion,0,0,0,0,0,0,1,0,0,0,3,0,0,0,no device,device detected,no device,no device,no device,no device,"('r6', 0)","('r25', 2)",17:09:45,6,0,2,0,0,0,3,1,0,2,0,3,1,1,0,7,0,0,2,0,4,0,3,0,2,0,0,1,0,1,0,3,0,1,1,1,3
2199,motion,motion,motion,motion,no motion,motion,0,0,0,0,0,0,0,1,1,0,3,0,0,1,device detected,device detected,device detected,no device,no device,no device,"('r4', 0)","('r29', 0)",17:10:00,6,0,2,0,0,0,3,1,0,2,0,1,1,0,0,7,0,0,2,0,4,0,3,0,2,1,1,1,0,0,0,3,0,1,1,3,3
2200,motion,motion,motion,motion,no motion,motion,0,1,0,0,0,0,2,0,0,0,3,1,0,1,device detected,device detected,device detected,no device,no device,no device,"('r6', 0)","('r29', 0)",17:10:15,5,1,2,0,0,0,3,1,0,1,0,1,1,0,0,8,0,0,2,0,5,0,3,0,2,0,1,1,0,0,0,3,0,1,1,3,3
2201,motion,motion,no motion,motion,motion,no motion,0,0,0,0,1,0,2,1,1,0,3,1,0,0,device detected,device detected,device detected,no device,no device,no device,"('r14', 1)","('r30', 0)",17:10:30,5,1,2,0,0,0,4,1,0,1,0,1,1,1,0,8,1,0,2,0,5,0,3,0,2,0,0,1,0,0,0,3,0,1,0,2,3
2202,motion,motion,motion,motion,no motion,motion,0,0,0,0,0,0,0,0,0,0,3,1,0,0,device detected,device detected,device detected,no device,device detected,no device,"('c1', 0)","('r29', 0)",17:10:45,5,1,2,0,0,0,4,1,1,2,0,1,0,0,0,8,1,0,2,0,5,1,3,0,2,0,0,1,0,0,0,3,0,1,0,1,3
2203,motion,motion,no motion,motion,motion,no motion,0,0,0,0,0,0,0,0,0,1,3,1,0,0,no device,device detected,device detected,no device,device detected,no device,"('r27', 0)","('r25', 2)",17:11:00,5,1,2,0,0,0,5,1,1,2,0,1,0,0,0,8,1,0,2,0,5,1,3,0,2,0,0,0,0,0,0,3,1,0,1,0,3
2204,motion,motion,no motion,motion,no motion,no motion,0,5,0,0,1,0,1,0,0,0,3,1,0,0,no device,device detected,device detected,no device,no device,no device,"('r26', 0)","('r25', 2)",17:11:15,5,1,2,0,0,0,5,1,1,2,0,0,0,0,0,5,0,0,2,0,5,0,3,0,2,0,0,0,0,0,0,3,1,0,0,6,4
2205,motion,motion,no motion,motion,no motion,no motion,0,1,0,0,1,0,1,0,0,0,3,1,0,0,device detected,device detected,device detected,no device,device detected,no device,"('r26', 0)","('r29', 0)",17:11:30,5,1,2,0,0,0,5,2,1,2,0,0,0,0,0,6,1,0,2,0,5,0,3,0,2,0,0,0,0,0,1,2,0,1,1,2,4
2206,motion,motion,no motion,motion,no motion,motion,0,0,0,0,0,0,0,0,0,1,3,0,0,0,device detected,device detected,device detected,no device,no device,device detected,"('r26', 0)","('r25', 2)",17:11:45,5,1,2,0,0,0,5,2,1,2,0,0,0,0,1,6,1,0,2,0,5,0,3,0,2,0,0,1,0,0,0,3,0,1,0,1,4
2207,motion,motion,motion,motion,no motion,no motion,0,0,0,0,0,0,0,0,0,0,3,1,0,0,device detected,device detected,device detected,no device,device detected,device detected,"('r25', 2)","('r25', 2)",17:12:00,5,1,2,0,0,0,5,2,1,1,0,0,0,0,0,6,1,0,2,0,5,1,3,1,2,0,0,0,0,0,0,3,0,1,0,3,3
2208,motion,motion,no motion,motion,no motion,no motion,0,0,0,0,0,1,0,0,0,0,3,1,0,0,device detected,device detected,device detected,no device,device detected,no device,"('r25', 2)","('r25', 2)",17:12:15,5,1,2,0,0,0,5,2,1,1,0,0,0,1,0,6,1,1,2,0,5,0,3,1,2,0,0,0,0,0,0,3,1,0,0,2,3
2209,motion,motion,no motion,motion,no motion,no motion,0,0,0,0,1,0,0,0,1,0,3,1,0,0,device detected,device detected,device detected,no device,no device,device detected,"('r25', 2)","('r25', 2)",17:12:30,5,1,2,0,0,0,5,2,1,1,0,0,0,0,0,6,0,1,2,0,5,0,3,1,2,0,0,0,0,0,0,3,0,1,1,3,3
2210,motion,motion,motion,motion,no motion,no motion,0,0,0,0,0,0,0,1,0,0,3,1,0,1,device detected,device detected,device detected,no device,no device,device detected,"('r26', 0)","('r26', 0)",17:12:45,5,1,2,0,0,0,5,2,1,1,0,0,1,0,0,6,0,1,2,0,5,0,3,1,2,0,1,0,0,0,0,3,0,1,0,2,3
2211,motion,motion,no motion,motion,no motion,no motion,0,0,0,0,0,0,0,0,0,0,3,1,0,1,device detected,device detected,device detected,no device,no device,device detected,"('r20', 0)","('r20', 0)",17:13:00,5,1,2,0,0,0,5,2,0,1,0,0,1,0,0,6,0,1,2,0,5,0,3,1,2,1,1,0,0,0,0,2,0,1,0,3,3
2212,motion,motion,no motion,motion,no motion,no motion,0,1,1,0,0,0,0,0,0,0,3,2,1,1,device detected,device detected,device detected,no device,no device,no device,"('r23', 3)","('r19', 2)",17:13:15,4,2,2,0,0,0,5,3,0,1,0,0,1,0,0,7,0,1,2,1,5,0,3,1,2,0,1,0,0,0,0,2,0,1,0,1,3
2213,motion,motion,no motion,motion,no motion,no motion,0,0,0,1,0,0,0,0,0,0,3,1,0,1,device detected,device detected,device detected,no device,no device,device detected,"('r23', 3)","('r19', 3)",17:13:30,4,1,3,0,0,0,5,3,0,1,0,0,1,0,0,7,0,1,3,0,5,0,3,1,2,0,1,0,0,0,0,2,0,1,0,1,3
2214,motion,motion,no motion,motion,no motion,motion,0,0,0,0,0,0,0,0,0,0,3,1,0,1,device detected,device detected,device detected,no device,no device,device detected,"('r20', 0)","('r20', 0)",17:13:45,4,1,2,0,0,0,5,3,0,1,0,1,1,0,0,7,0,1,3,0,5,0,3,1,2,0,1,1,0,0,0,2,0,0,0,1,3
2215,motion,motion,no motion,motion,no motion,no motion,0,2,0,0,0,0,0,0,0,0,3,1,0,1,device detected,device detected,device detected,no device,no device,device detected,"('r23', 3)","('r26', 0)",17:14:00,4,1,2,0,0,0,5,3,0,1,0,0,1,0,0,5,0,1,3,0,5,0,3,1,2,0,1,0,0,0,0,2,0,1,0,4,3
2216,motion,motion,no motion,motion,motion,no motion,0,0,0,0,0,0,1,0,0,0,3,1,0,0,device detected,device detected,device detected,no device,device detected,device detected,"('r23', 3)","('r25', 2)",17:14:15,4,1,2,0,0,0,5,3,0,1,0,0,1,0,1,5,0,1,3,0,5,1,3,1,2,0,0,0,0,0,0,3,0,1,1,2,2
2217,motion,motion,no motion,motion,motion,no motion,0,0,0,1,0,1,0,1,0,0,3,0,0,2,device detected,device detected,device detected,no device,no device,device detected,"('r20', 0)","('r29', 0)",17:14:30,4,0,3,0,0,0,6,4,0,1,0,0,1,1,1,5,0,0,3,0,5,0,3,1,2,0,2,0,0,0,0,2,0,1,0,1,2
2218,motion,motion,no motion,motion,no motion,no motion,0,0,0,0,0,0,0,1,1,0,3,0,1,0,device detected,device detected,device detected,no device,no device,device detected,"('r20', 1)","('r25', 2)",17:14:45,4,0,3,0,0,0,6,4,0,1,0,0,1,0,1,5,0,0,2,1,5,0,3,1,2,1,0,0,0,0,0,2,0,1,2,1,2
2219,motion,motion,no motion,motion,no motion,no motion,0,2,1,0,0,1,1,1,0,0,4,0,1,1,device detected,device detected,device detected,no device,device detected,no device,"('r19', 2)","('r26', 0)",17:15:00,4,0,3,0,0,0,6,4,0,1,0,0,1,0,1,3,0,1,2,1,5,1,4,0,2,0,1,0,0,0,0,2,0,1,0,3,2
2220,motion,motion,no motion,motion,no motion,motion,0,0,0,0,1,0,1,0,0,0,4,0,1,0,device detected,device detected,device detected,device detected,device detected,no device,"('r20', 1)","('r20', 1)",17:15:15,4,0,3,0,0,0,6,4,0,2,0,0,1,0,1,3,1,1,2,1,5,1,4,0,2,1,0,0,0,0,0,2,0,1,1,0,2
2221,motion,motion,no motion,motion,no motion,no motion,0,0,0,0,0,0,0,2,0,0,4,1,1,0,device detected,device detected,device detected,no device,device detected,no device,"('r19', 2)","('r20', 1)",17:15:30,3,1,3,0,0,0,6,4,0,2,0,0,1,0,1,3,1,1,2,1,5,1,4,0,2,0,1,0,0,1,0,2,0,1,0,0,2
2222,motion,motion,no motion,motion,no motion,no motion,0,1,0,0,0,0,0,0,0,0,4,1,1,0,device detected,device detected,device detected,no device,device detected,no device,"('r20', 1)","('r23', 4)",17:15:45,3,1,3,0,0,0,5,4,0,1,0,0,1,0,1,4,1,1,2,1,6,1,4,0,2,0,0,0,0,1,0,2,0,1,0,1,2
2223,motion,motion,no motion,motion,no motion,no motion,0,1,0,0,0,0,0,0,0,0,3,1,2,0,device detected,device detected,device detected,no device,device detected,no device,"('r20', 2)","('r23', 3)",17:16:00,3,1,3,0,0,0,5,4,0,1,0,0,1,0,1,5,1,1,2,2,6,1,3,0,2,0,0,0,0,1,0,2,0,1,0,0,2
2224,motion,motion,no motion,motion,no motion,motion,0,0,0,1,0,0,0,0,0,0,2,0,3,0,device detected,device detected,no device,no device,device detected,no device,"('r20', 3)","('r20', 3)",17:16:15,3,0,4,0,0,0,5,4,0,1,0,0,1,0,1,5,1,1,2,3,6,1,2,0,2,0,0,0,0,1,0,2,0,1,0,0,2
2225,motion,motion,no motion,motion,motion,no motion,0,0,0,0,0,0,0,0,0,0,2,0,3,0,device detected,device detected,no device,no device,device detected,no device,"('r20', 3)","('r20', 3)",17:16:30,3,0,3,0,0,0,4,4,0,1,0,1,1,0,1,5,1,1,2,3,6,1,2,0,2,0,0,0,0,1,0,2,0,1,0,1,2
2226,motion,motion,no motion,motion,no motion,no motion,0,0,1,0,2,0,0,0,0,0,2,0,2,1,device detected,device detected,device detected,no device,device detected,no device,"('r23', 2)","('r19', 2)",17:16:45,3,0,3,0,0,0,4,4,0,1,0,1,1,0,1,5,1,1,2,2,6,1,2,0,2,0,1,0,0,1,0,2,0,1,0,1,2
2227,motion,no motion,no motion,motion,no motion,no motion,0,0,0,1,0,0,0,1,0,0,2,1,3,0,no device,device detected,device detected,no device,device detected,no device,"('r20', 3)","('r20', 3)",17:17:00,3,1,2,0,0,0,4,4,0,1,0,0,1,0,1,5,1,1,1,3,6,1,2,0,2,0,0,0,0,1,0,2,0,1,1,2,2
2228,motion,motion,no motion,motion,motion,motion,0,0,0,0,0,1,0,0,0,1,2,1,3,0,device detected,device detected,device detected,no device,device detected,no device,"('r26', 0)","('r19', 1)",17:17:15,3,1,2,0,0,0,4,4,1,0,0,0,1,0,1,5,1,0,1,3,6,2,2,0,2,0,0,1,0,1,0,2,0,1,0,3,1
2229,motion,motion,motion,motion,motion,no motion,0,0,0,0,0,0,1,0,0,0,2,1,3,0,device detected,device detected,device detected,no device,device detected,no device,"('r30', 1)","('r20', 3)",17:17:30,3,1,2,0,0,0,4,4,2,0,0,0,1,0,1,5,1,0,1,3,6,2,2,1,2,0,0,0,0,1,0,2,0,1,1,1,1
2230,motion,no motion,no motion,motion,no motion,motion,0,0,0,0,0,0,0,1,0,0,2,1,3,3,device detected,device detected,device detected,no device,device detected,device detected,"('r30', 1)","('r19', 1)",17:17:45,3,1,2,0,0,0,4,4,2,0,0,0,1,0,1,5,1,0,1,3,5,2,2,1,2,0,3,0,0,1,0,1,0,1,0,1,1
2231,motion,motion,no motion,no motion,no motion,no motion,0,1,0,0,1,0,0,2,0,0,2,1,3,1,device detected,device detected,no device,no device,device detected,no device,"('r30', 1)","('r20', 3)",17:18:00,3,1,2,0,0,0,4,4,1,0,0,0,1,0,1,6,0,0,1,3,5,3,2,0,2,0,1,0,0,1,0,1,0,1,2,2,1
2232,motion,motion,no motion,motion,no motion,motion,0,0,0,0,0,0,1,0,0,1,3,0,2,2,device detected,device detected,device detected,no device,no device,no device,"('r26', 0)","('r26', 0)",17:18:15,4,0,2,0,0,0,4,5,1,0,0,0,1,0,1,6,0,0,1,2,4,3,3,0,2,0,2,1,0,1,0,1,0,1,0,2,1
2233,motion,motion,no motion,motion,no motion,motion,0,0,0,0,0,0,0,2,0,0,3,0,2,1,device detected,device detected,device detected,no device,device detected,no device,"('r27', 1)","('r27', 1)",17:18:30,4,0,2,0,0,0,4,5,1,0,0,1,1,0,1,6,0,0,1,2,4,3,3,0,2,0,1,1,0,1,0,1,0,1,1,1,1
2234,motion,motion,no motion,motion,motion,motion,0,0,0,0,0,0,0,0,1,0,3,0,2,1,device detected,device detected,device detected,no device,device detected,no device,"('r26', 0)","('r26', 0)",17:18:45,4,0,3,0,0,0,4,5,1,0,0,0,1,0,1,6,0,0,1,2,4,4,3,0,2,0,1,1,0,1,0,1,0,1,0,1,1
2235,motion,motion,no motion,motion,motion,motion,0,0,0,1,0,1,0,1,0,0,3,1,2,0,device detected,device detected,device detected,no device,device detected,no device,"('r30', 1)","('r30', 1)",17:19:00,4,1,2,0,0,0,4,5,1,0,0,0,0,0,1,6,0,1,1,2,4,3,3,0,2,0,0,1,0,1,0,1,0,1,1,1,2
2236,motion,motion,no motion,motion,motion,motion,0,0,1,0,0,0,1,0,0,0,3,0,1,1,device detected,device detected,device detected,device detected,device detected,no device,"('r29', 0)","('r29', 0)",17:19:15,5,0,2,0,0,0,3,6,1,0,0,0,0,2,1,6,0,1,1,1,3,1,3,0,2,1,1,2,0,1,0,1,0,0,0,2,2
2237,motion,motion,no motion,motion,motion,motion,0,2,0,0,0,1,0,0,0,0,3,0,1,1,no device,no device,device detected,no device,device detected,no device,"('r29', 0)","('r25', 2)",17:19:30,5,0,2,0,0,0,4,6,2,0,0,0,0,2,1,5,0,0,1,1,3,1,3,0,2,1,1,2,0,1,0,1,0,0,0,2,2
2238,motion,motion,no motion,motion,motion,motion,0,2,0,0,0,0,1,1,0,0,3,0,1,1,device detected,no device,device detected,no device,device detected,no device,"('r25', 2)","('r25', 2)",17:19:45,5,0,2,0,0,0,3,6,2,0,0,0,0,2,1,5,0,0,1,1,4,1,3,0,2,1,1,2,0,1,0,1,0,0,0,2,2
2239,motion,motion,no motion,motion,motion,no motion,0,3,0,0,0,0,1,0,0,1,2,0,1,0,device detected,device detected,device detected,no device,device detected,no device,"('r25', 2)","('r29', 0)",17:20:00,5,0,2,0,0,0,2,5,1,0,0,0,0,2,1,2,0,0,1,1,5,1,3,0,2,1,0,1,0,1,0,1,0,0,2,7,2
2240,motion,motion,no motion,motion,motion,motion,0,0,0,0,0,0,2,1,0,1,3,0,1,2,device detected,device detected,device detected,no device,device detected,no device,"('r29', 0)","('r29', 0)",17:20:15,5,0,1,0,0,0,2,6,1,0,0,1,0,2,0,2,0,0,1,1,5,1,3,0,2,1,2,2,0,1,0,0,0,0,0,7,2
2241,motion,motion,no motion,motion,motion,motion,0,0,0,0,0,1,0,1,0,0,3,0,1,1,device detected,device detected,device detected,no device,no device,no device,"('r29', 0)","('r29', 0)",17:20:30,5,0,1,0,0,0,2,7,1,1,0,1,1,2,0,2,0,1,1,1,4,1,3,0,2,1,1,1,0,1,0,1,0,1,1,3,2
2242,motion,no motion,no motion,motion,motion,no motion,0,0,0,0,1,0,2,0,0,1,3,0,1,0,device detected,device detected,device detected,no device,device detected,no device,"('r29', 0)","('r25', 2)",17:20:45,5,0,1,0,0,0,2,7,1,1,0,1,1,2,0,2,1,1,1,1,4,1,3,0,2,1,0,0,0,1,0,2,1,0,1,3,2
2243,motion,motion,no motion,motion,motion,no motion,0,0,0,0,0,0,1,1,0,0,3,0,1,1,device detected,device detected,device detected,no device,device detected,no device,"('r25', 2)","('r25', 2)",17:21:00,5,0,1,0,0,0,1,6,1,1,0,1,1,2,1,2,1,1,1,1,4,1,3,0,2,1,1,0,0,1,0,2,1,0,1,3,2
2244,motion,motion,motion,motion,motion,motion,0,0,0,0,0,0,1,1,0,0,3,0,1,1,device detected,device detected,device detected,no device,no device,no device,"('r26', 2)","('r25', 2)",17:21:15,5,0,1,0,0,0,1,6,1,1,0,1,1,2,1,2,1,1,1,1,4,1,3,0,2,2,1,0,0,1,0,2,1,0,1,2,2
2245,motion,motion,no motion,motion,motion,no motion,0,0,1,0,0,0,0,1,0,0,3,0,2,1,device detected,device detected,device detected,no device,device detected,no device,"('r20', 2)","('r25', 2)",17:21:30,5,0,1,0,0,0,1,6,1,1,0,0,1,2,1,2,1,1,1,2,4,1,3,0,2,1,1,0,0,1,0,3,0,1,0,3,2
2246,motion,motion,no motion,motion,motion,no motion,0,0,0,0,0,0,0,0,0,0,4,0,1,1,device detected,no device,device detected,no device,device detected,no device,"('r23', 4)","('r29', 0)",17:21:45,5,0,1,0,0,0,4,5,1,0,0,0,1,2,1,2,1,1,1,1,4,1,4,0,2,1,1,0,0,1,0,3,0,1,0,2,2
2247,motion,motion,no motion,motion,no motion,no motion,0,0,0,0,0,0,1,0,1,0,4,1,1,0,device detected,device detected,device detected,no device,device detected,no device,"('r20', 1)","('r29', 0)",17:22:00,4,1,1,0,0,0,4,5,1,0,0,0,1,1,1,2,1,1,1,1,4,1,4,0,2,1,0,0,0,1,0,4,0,1,2,1,2
2248,motion,motion,no motion,motion,no motion,no motion,0,0,0,1,0,2,2,0,0,0,4,0,1,1,device detected,device detected,device detected,device detected,device detected,no device,"('r23', 4)","('r30', 1)",17:22:15,4,0,2,0,0,1,4,5,1,0,0,0,1,0,1,2,1,3,1,1,4,1,4,0,3,0,1,0,0,1,0,3,0,1,0,1,2
2249,motion,motion,no motion,motion,no motion,no motion,0,0,0,0,0,0,0,0,0,0,3,0,1,0,device detected,device detected,device detected,device detected,device detected,no device,"('r20', 1)","('r30', 1)",17:22:30,4,0,1,0,0,1,4,5,1,0,0,1,1,0,1,2,1,3,1,1,4,1,4,0,3,0,0,0,0,1,0,4,0,1,0,1,2
2250,motion,motion,no motion,motion,motion,motion,0,0,0,0,0,1,0,0,0,0,4,0,1,0,device detected,no device,no device,device detected,device detected,no device,"('r23', 4)","('r30', 1)",17:22:45,4,0,0,0,0,0,4,4,1,0,0,1,1,1,1,2,1,2,1,1,4,1,4,0,3,0,0,0,0,1,0,4,0,1,0,4,2
2251,motion,motion,no motion,motion,motion,no motion,0,0,0,0,0,0,0,0,0,0,4,0,1,0,device detected,no device,device detected,no device,device detected,no device,"('r23', 4)","('r29', 0)",17:23:00,4,0,0,0,0,0,3,4,1,0,0,0,2,1,0,2,1,2,1,1,4,1,4,0,3,0,0,0,0,1,0,4,0,1,0,6,2
2252,motion,motion,motion,motion,motion,no motion,0,0,0,0,0,0,0,0,0,0,4,0,1,0,device detected,no device,device detected,no device,device detected,no device,"('r20', 1)","('r25', 3)",17:23:15,4,0,0,0,0,0,3,5,1,0,0,0,2,1,0,2,1,2,1,1,4,1,4,0,3,0,0,0,0,1,0,4,0,1,0,5,2
2253,motion,no motion,no motion,motion,motion,no motion,0,0,0,0,1,1,2,0,0,0,4,0,1,0,device detected,no device,device detected,no device,no device,no device,"('r23', 4)","('r26', 0)",17:23:30,4,0,0,0,0,0,3,5,2,0,0,0,2,1,0,2,0,3,1,1,4,1,4,0,3,0,0,0,0,1,0,4,0,1,1,3,2
2254,motion,motion,no motion,motion,motion,no motion,0,0,0,0,0,1,0,0,1,0,3,0,2,0,device detected,no device,device detected,no device,device detected,no device,"('r20', 2)","('r30', 1)",17:23:45,4,0,0,0,0,0,3,5,2,0,0,0,1,2,0,2,0,4,1,2,4,1,3,0,3,0,0,0,0,1,0,4,0,1,0,3,2
2255,motion,motion,no motion,motion,motion,no motion,0,0,1,0,0,0,0,0,0,0,3,0,1,0,device detected,no device,device detected,device detected,no device,no device,"('r19', 1)","('r29', 0)",17:24:00,4,0,0,0,0,1,3,6,2,0,0,0,1,1,0,2,0,4,1,1,4,1,3,0,3,2,0,0,0,0,0,4,0,1,0,2,2
2256,motion,motion,motion,motion,motion,no motion,0,0,0,0,0,0,0,0,0,0,3,0,0,3,device detected,no device,device detected,no device,device detected,no device,"('r20', 1)","('r30', 0)",17:24:15,4,0,0,0,1,0,3,8,2,0,0,0,1,1,0,2,0,4,1,1,4,1,3,0,3,0,3,0,0,0,0,3,0,1,0,0,2
2257,motion,motion,no motion,motion,no motion,no motion,0,0,0,0,0,0,0,2,0,0,3,0,1,0,device detected,no device,device detected,device detected,device detected,no device,"('r20', 1)","('r30', 0)",17:24:30,4,0,0,0,1,1,2,7,2,0,0,0,1,0,0,2,0,4,1,1,5,1,3,0,3,0,0,0,0,0,0,3,0,1,2,2,2
2258,motion,motion,no motion,motion,motion,no motion,0,0,0,0,0,0,3,0,0,0,3,2,1,1,device detected,no device,device detected,no device,device detected,no device,"('r19', 1)","('r26', 0)",17:24:45,2,2,0,0,1,0,2,6,3,0,0,0,1,1,0,2,0,4,1,1,4,1,3,0,3,0,1,0,0,0,0,3,0,1,1,3,2
2259,motion,motion,no motion,motion,motion,no motion,0,0,0,1,0,0,2,0,0,0,3,2,1,0,device detected,device detected,device detected,no device,device detected,no device,"('r20', 1)","('r25', 3)",17:25:00,1,2,1,0,1,0,2,5,3,1,0,0,2,1,0,2,0,4,1,1,5,1,3,0,3,0,0,0,0,0,0,3,0,1,1,2,2
2260,motion,motion,no motion,motion,motion,no motion,0,0,0,1,0,0,0,0,0,0,3,1,1,0,device detected,device detected,device detected,no device,device detected,no device,"('r26', 0)","('r26', 0)",17:25:15,1,1,2,0,1,0,2,5,3,3,0,0,1,1,0,2,0,4,1,1,5,1,3,0,3,0,0,0,0,0,0,3,0,1,1,1,2
2261,no motion,motion,no motion,motion,motion,no motion,0,0,0,0,0,0,0,0,0,0,3,1,1,0,device detected,no device,device detected,no device,device detected,no device,"('r27', 0)","('r20', 1)",17:25:30,1,1,1,0,1,0,2,5,3,4,0,1,1,1,0,2,0,4,1,1,5,1,3,0,2,1,0,0,0,0,0,3,0,1,1,0,2
2262,motion,motion,no motion,motion,no motion,motion,0,0,0,0,0,1,0,0,0,0,3,1,1,1,no device,device detected,device detected,device detected,device detected,no device,"('r26', 0)","('r23', 3)",17:25:45,1,1,1,0,0,1,2,5,3,4,0,0,1,1,0,2,0,3,1,1,5,1,3,0,2,0,1,0,0,0,0,3,0,1,1,2,2
2263,motion,motion,no motion,motion,motion,no motion,0,0,0,0,0,0,1,1,1,0,3,0,1,0,device detected,device detected,device detected,no device,device detected,no device,"('r27', 0)","('r23', 3)",17:26:00,2,0,1,0,0,0,2,5,3,4,0,0,1,3,0,2,0,3,1,1,5,1,3,0,2,0,0,0,0,0,0,3,0,1,2,1,2
2264,motion,motion,no motion,motion,motion,motion,0,0,0,0,0,0,0,1,1,1,3,0,1,1,no device,device detected,device detected,no device,device detected,no device,"('r26', 0)","('r23', 3)",17:26:15,2,0,1,0,0,0,2,5,2,4,0,0,1,2,0,2,0,3,1,1,5,1,3,0,2,0,1,1,0,0,0,3,0,1,1,2,2
2265,motion,motion,no motion,motion,motion,no motion,0,0,0,0,0,0,0,1,0,0,3,0,1,2,device detected,device detected,device detected,no device,device detected,no device,"('r25', 2)","('r23', 3)",17:26:30,2,0,1,0,0,0,2,5,2,3,0,0,1,2,0,2,0,3,1,1,5,1,3,0,2,0,2,0,0,0,0,3,0,2,0,3,2
2266,motion,motion,no motion,motion,motion,no motion,0,0,0,0,0,0,0,0,0,0,3,0,1,0,no device,device detected,device detected,no device,device detected,no device,"('r26', 2)","('r23', 3)",17:26:45,2,0,1,0,0,0,2,5,3,3,0,0,1,2,0,2,0,3,1,1,5,1,3,0,2,2,0,0,0,0,0,3,0,2,0,2,2
2267,motion,motion,motion,motion,motion,no motion,0,0,1,0,0,0,0,0,1,0,3,0,2,0,device detected,device detected,device detected,no device,device detected,no device,"('r20', 2)","('r20', 2)",17:27:00,2,0,1,0,0,0,2,6,3,3,0,0,1,1,0,2,0,3,1,2,5,1,3,0,2,1,0,0,0,0,0,3,0,2,1,1,2
2268,motion,motion,no motion,motion,motion,no motion,0,1,1,0,0,0,0,0,0,0,3,0,2,0,device detected,no device,no device,no device,device detected,no device,"('r19', 2)","('r26', 0)",17:27:15,2,0,1,0,0,0,2,6,2,3,0,0,1,1,0,3,0,3,2,2,5,1,3,0,2,0,0,0,0,0,0,3,0,2,1,1,2
2269,motion,motion,no motion,motion,motion,no motion,0,1,0,0,0,0,0,0,1,0,4,0,1,0,device detected,device detected,device detected,no device,device detected,no device,"('r19', 2)","('r20', 1)",17:27:30,2,0,1,0,0,0,2,6,1,3,0,0,1,2,0,4,0,3,2,1,5,1,4,0,2,0,0,0,0,0,0,3,0,2,0,1,2
2270,motion,motion,no motion,motion,motion,no motion,0,1,0,0,0,0,1,0,0,0,4,0,1,0,device detected,device detected,device detected,device detected,no device,device detected,"('r19', 2)","('r19', 2)",17:27:45,2,0,1,0,0,0,2,6,1,3,0,0,1,2,0,3,0,3,2,1,5,0,4,1,2,0,0,0,0,0,0,3,0,2,1,1,2
2271,motion,motion,no motion,motion,motion,motion,0,1,0,0,0,0,0,1,0,0,4,0,1,1,device detected,device detected,device detected,no device,no device,no device,"('r20', 1)","('r19', 2)",17:28:00,2,0,1,0,0,0,2,5,1,3,0,0,0,2,0,2,0,3,2,1,5,0,4,0,2,0,1,0,0,0,0,3,0,3,0,4,2
2272,motion,motion,motion,motion,motion,no motion,0,0,0,0,0,0,0,0,0,0,4,0,1,0,device detected,device detected,device detected,no device,no device,no device,"('r19', 2)","('r19', 2)",17:28:15,2,0,1,0,0,0,2,5,1,4,0,0,0,2,1,2,0,3,2,1,5,0,4,0,2,1,0,0,0,0,0,3,1,2,0,2,2
2273,motion,motion,no motion,motion,motion,no motion,0,0,1,0,0,0,0,0,0,0,4,0,2,0,no device,device detected,device detected,no device,device detected,no device,"('r20', 2)","('r20', 2)",17:28:30,2,0,1,0,0,0,2,5,1,4,0,0,0,2,1,2,0,3,2,2,5,1,4,0,2,0,0,0,0,0,0,3,1,2,0,2,1
2274,motion,motion,no motion,motion,motion,no motion,0,0,0,0,0,1,0,0,0,0,5,1,2,0,device detected,device detected,device detected,no device,device detected,no device,"('r23', 5)","('r20', 2)",17:28:45,1,1,1,0,0,0,2,4,1,4,0,0,0,1,1,2,0,4,1,2,5,2,5,0,2,0,0,0,0,0,0,3,0,3,0,2,1
2275,motion,motion,no motion,motion,motion,no motion,0,0,1,0,0,1,0,0,1,0,5,1,1,0,device detected,device detected,no device,no device,device detected,no device,"('r20', 1)","('r26', 1)",17:29:00,1,1,1,0,0,0,2,4,1,4,0,0,0,1,1,2,0,3,1,1,5,1,5,0,2,1,0,0,0,0,0,3,0,3,1,3,1
2276,motion,motion,no motion,motion,motion,no motion,0,0,0,0,0,1,0,0,0,0,4,1,1,0,device detected,device detected,device detected,no device,device detected,no device,"('r20', 1)","('r27', 0)",17:29:15,1,1,1,0,0,0,2,3,1,4,0,0,0,1,1,2,0,2,1,1,5,1,5,0,2,1,0,0,0,0,0,3,0,3,1,5,1
2277,motion,motion,no motion,motion,motion,no motion,0,0,1,0,0,0,1,1,0,0,5,1,0,0,no device,device detected,device detected,no device,device detected,no device,"('r23', 5)","('r27', 0)",17:29:30,1,1,1,0,0,0,2,3,1,4,0,0,0,1,1,2,0,2,1,0,5,1,5,0,2,1,0,0,0,0,0,3,0,3,1,6,1
2278,motion,motion,no motion,motion,motion,no motion,0,0,0,0,0,1,1,1,0,0,4,1,1,0,device detected,device detected,device detected,no device,device detected,no device,"('r20', 1)","('c1', 1)",17:29:45,1,1,1,0,0,0,2,3,2,3,0,0,0,1,0,2,0,3,1,1,5,2,4,0,2,0,0,0,0,0,0,3,0,3,1,7,0
2279,motion,motion,motion,motion,motion,no motion,0,1,0,0,0,2,1,0,0,0,4,1,0,0,no device,device detected,device detected,no device,device detected,no device,"('r19', 2)","('r28', 0)",17:30:00,1,1,1,0,0,0,2,3,2,4,0,0,0,1,0,3,0,5,2,0,5,2,4,0,2,0,0,0,0,0,0,3,0,3,0,4,0
2280,motion,motion,no motion,motion,motion,no motion,0,0,0,0,0,1,0,0,0,0,4,1,1,0,device detected,device detected,device detected,no device,device detected,no device,"('r20', 1)","('c1', 0)",17:30:15,1,1,1,0,0,0,2,4,2,5,0,1,0,1,0,3,0,6,1,1,5,2,4,0,2,0,0,0,0,0,0,3,0,3,0,0,0
2281,no motion,no motion,no motion,motion,no motion,motion,0,3,1,1,0,6,1,0,0,0,1,1,4,3,no device,device detected,device detected,no device,device detected,device detected,"('r19', 0)","('r27', 3)",17:30:30,0,1,1,0,0,0,0,0,0,0,0,1,0,0,0,0,0,0,0,4,3,1,1,1,0,3,3,2,0,0,0,2,0,0,1,22,2
2282,no motion,no motion,motion,no motion,motion,no motion,0,0,4,1,0,0,19,2,2,0,0,0,1,10,no device,device detected,no device,no device,device detected,device detected,"('r19', 0)","('r32', 0)",17:30:45,0,0,1,0,0,0,0,0,0,0,0,2,0,1,0,0,0,0,0,1,0,2,0,1,0,3,10,1,0,0,0,0,0,0,18,5,3
2283,no motion,motion,no motion,no motion,motion,motion,0,0,0,0,0,0,5,6,15,3,0,0,1,6,no device,no device,no device,no device,device detected,device detected,"('r20', 1)","('r32', 0)",17:31:00,0,0,0,0,0,0,0,0,0,0,0,1,0,12,0,0,0,0,0,1,0,5,0,2,0,0,7,2,0,0,0,0,0,0,11,2,5
2284,no motion,no motion,no motion,no motion,motion,motion,0,0,1,0,0,0,3,7,10,2,0,0,0,0,no device,no device,no device,no device,device detected,device detected,"('r26', 1)","('r27', 0)",17:31:15,0,0,0,0,0,0,0,0,0,0,0,0,0,10,0,0,0,0,0,0,0,16,0,1,0,1,0,1,0,0,0,0,0,0,10,1,8
2285,no motion,no motion,no motion,no motion,motion,no motion,0,0,0,0,0,0,1,0,10,0,0,0,0,1,no device,no device,no device,no device,device detected,device detected,"('r30', 0)","('r27', 1)",17:31:30,0,0,0,0,0,0,0,0,0,0,0,0,0,27,0,0,0,0,0,0,0,10,0,1,0,0,1,0,0,0,0,0,0,0,1,0,8
2286,no motion,no motion,no motion,no motion,motion,no motion,0,0,0,0,0,0,0,1,1,0,0,0,0,0,no device,no device,no device,no device,device detected,no device,"('r30', 0)","('c1', 1)",17:31:45,0,0,0,0,0,0,0,0,0,0,0,0,0,1,0,0,0,0,0,0,0,37,0,0,0,0,0,0,0,0,0,0,0,0,1,0,9
2287,no motion,no motion,no motion,no motion,no motion,no motion,0,0,0,0,0,0,0,0,1,0,0,0,0,0,no device,no device,no device,no device,device detected,no device,"('r26', 0)","('c1', 0)",17:32:00,0,0,0,0,0,0,0,0,0,0,0,0,0,0,0,0,0,0,0,0,0,36,0,0,0,0,0,0,0,0,0,0,0,0,0,0,12
2288,no motion,no motion,no motion,no motion,motion,no motion,0,0,0,0,0,0,0,0,0,0,0,0,0,0,no device,no device,no device,no device,device detected,no device,"('r20', 0)","('c1', 0)",17:32:15,0,0,0,0,0,0,0,0,0,0,0,0,0,0,0,0,0,0,0,0,0,36,0,0,0,0,0,0,0,0,0,0,0,0,0,0,12
2289,no motion,no motion,no motion,motion,motion,no motion,0,0,0,0,0,0,0,0,0,0,0,0,0,0,no device,no device,device detected,no device,device detected,no device,"('r23', 0)","('r28', 0)",17:32:30,0,0,0,0,0,0,0,0,0,0,0,0,0,2,0,0,0,0,0,0,0,34,0,0,0,0,0,0,0,0,0,0,0,0,0,0,12
2290,no motion,no motion,no motion,no motion,motion,no motion,0,0,0,0,0,0,0,0,0,0,0,0,0,0,no device,no device,no device,no device,device detected,no device,"('r23', 0)","('r28', 0)",17:32:45,0,0,0,0,0,0,0,0,0,0,0,0,0,3,0,0,0,0,0,0,0,25,0,0,0,0,0,0,0,0,0,0,0,0,0,0,20
2291,no motion,motion,no motion,no motion,motion,no motion,0,0,0,0,0,0,0,0,0,0,0,0,0,0,device detected,no device,no device,no device,device detected,no device,"('r20', 0)","('c1', 0)",17:33:00,0,0,0,0,0,0,0,0,0,0,0,0,0,1,0,0,0,0,0,0,0,23,0,1,0,0,0,0,0,0,0,0,0,0,0,0,23
2292,no motion,no motion,motion,no motion,no motion,no motion,0,0,0,0,0,0,0,0,0,0,0,0,0,0,no device,no device,no device,no device,device detected,no device,"('r19', 0)","('c2', 0)",17:33:15,0,0,0,0,0,0,0,0,0,0,0,0,0,0,0,0,0,0,0,0,0,25,0,0,0,0,0,0,0,0,0,0,0,0,0,0,23
2293,motion,no motion,no motion,no motion,motion,no motion,0,0,0,0,0,0,0,0,0,0,0,0,0,0,no device,no device,no device,no device,device detected,no device,"('r20', 0)","('r12', 0)",17:33:30,0,0,0,0,0,0,0,0,0,0,0,0,0,1,0,0,0,0,0,0,0,24,0,0,0,0,0,0,0,0,0,0,0,0,0,0,23
2294,motion,no motion,motion,no motion,no motion,no motion,0,0,0,0,0,0,0,0,0,0,0,0,0,0,no device,no device,no device,no device,device detected,no device,"('r19', 0)","('r3', 0)",17:33:45,0,0,0,0,0,0,0,0,0,0,0,0,0,0,0,0,0,0,0,0,0,25,0,0,0,0,0,0,0,0,0,0,0,0,0,0,23
2295,no motion,no motion,no motion,no motion,no motion,no motion,0,0,0,0,0,0,0,0,0,0,0,0,0,0,no device,no device,no device,no device,device detected,device detected,"('r19', 0)","('r3', 0)",17:34:00,0,0,0,0,0,0,0,0,0,0,0,0,0,0,0,0,0,0,0,0,0,24,0,0,0,0,0,0,0,0,0,0,0,0,0,0,24
2296,no motion,motion,no motion,no motion,motion,no motion,0,0,0,0,0,0,0,0,0,0,0,0,0,0,no device,no device,no device,no device,device detected,no device,"('r20', 0)","('r2', 0)",17:34:15,0,0,0,0,0,0,0,0,0,0,0,0,0,1,0,0,0,0,0,0,0,23,0,0,0,0,0,0,0,0,0,0,0,0,0,0,24
2297,no motion,motion,no motion,no motion,no motion,no motion,0,0,0,0,0,0,0,0,0,0,0,0,0,0,no device,no device,no device,no device,device detected,no device,"('r20', 0)","('r3', 0)",17:34:30,0,0,0,0,0,0,0,0,0,0,0,0,0,0,0,0,0,0,0,0,0,24,0,0,0,0,0,0,0,0,0,0,0,0,0,0,24
2298,no motion,motion,motion,no motion,no motion,no motion,0,0,0,0,0,0,0,0,0,0,0,0,0,0,device detected,no device,no device,no device,device detected,no device,"('r26', 0)","('r3', 0)",17:34:45,0,0,0,0,0,0,0,0,0,0,0,0,0,0,0,0,0,0,0,0,0,24,0,0,0,0,0,0,0,0,0,0,0,0,0,0,24
2299,no motion,no motion,no motion,no motion,no motion,no motion,0,0,0,0,0,0,0,0,0,0,0,0,0,0,no device,no device,no device,no device,device detected,no device,"('r27', 0)","('r3', 0)",17:35:00,0,0,0,0,0,0,0,0,0,0,0,0,0,0,0,0,0,0,0,0,0,24,0,0,0,0,0,0,0,0,0,0,0,0,0,0,24
2300,no motion,no motion,no motion,motion,no motion,no motion,0,0,0,0,0,0,0,0,0,0,0,0,0,0,no device,no device,no device,no device,device detected,no device,"('r27', 0)","('r2', 0)",17:35:15,0,0,0,0,0,0,0,0,0,0,0,0,0,0,0,0,0,0,0,0,0,24,0,0,0,0,0,0,0,0,0,0,0,0,0,0,24
2301,no motion,no motion,no motion,no motion,no motion,no motion,0,0,0,0,0,0,0,0,0,0,0,0,0,0,no device,no device,no device,no device,no device,no device,"('r21', 0)","('r2', 0)",17:35:30,0,0,0,0,0,0,0,0,0,0,0,0,0,0,0,0,0,0,0,0,0,24,0,0,0,0,0,0,0,0,0,0,0,0,0,0,24
2302,no motion,no motion,no motion,motion,no motion,motion,0,0,0,0,0,0,0,0,0,0,0,0,0,0,no device,no device,no device,no device,device detected,no device,"('r21', 0)","('r3', 0)",17:35:45,0,0,0,0,0,0,0,0,0,0,0,0,0,0,0,0,0,0,0,0,0,24,0,0,0,0,0,0,0,0,0,0,0,0,0,0,24
2303,no motion,no motion,no motion,no motion,no motion,no motion,0,0,0,0,0,0,0,0,0,0,0,0,0,0,no device,no device,device detected,no device,device detected,no device,"('r21', 0)","('r2', 0)",17:36:00,0,0,0,0,0,0,0,0,0,0,0,0,0,0,0,0,0,0,0,0,0,24,0,0,0,0,0,0,0,0,0,0,0,0,0,0,24
2304,no motion,no motion,no motion,no motion,motion,no motion,0,0,0,0,0,0,0,0,0,0,0,0,0,0,no device,no device,no device,no device,device detected,no device,"('r27', 0)","('r2', 0)",17:36:15,0,0,0,0,0,0,0,0,0,0,0,0,0,0,0,0,0,0,0,0,0,22,0,0,0,0,0,0,0,0,0,0,0,0,0,0,26
2305,no motion,no motion,no motion,no motion,no motion,no motion,0,0,0,0,0,0,0,0,0,0,0,0,0,0,no device,no device,no device,no device,device detected,no device,"('r32', 0)","('r3', 0)",17:36:30,0,0,0,0,0,0,0,0,0,0,0,0,0,0,0,0,0,0,0,0,0,20,0,0,0,0,0,0,0,0,0,0,0,0,0,0,28
2306,no motion,no motion,no motion,motion,no motion,no motion,0,0,0,0,0,0,0,0,0,0,0,0,0,0,no device,no device,no device,no device,device detected,no device,"('r31', 0)","('r12', 0)",17:36:45,0,0,0,0,0,0,0,0,0,0,0,0,0,0,0,0,0,0,0,0,0,20,0,0,0,0,0,0,0,0,0,0,0,0,0,0,28
2307,no motion,no motion,no motion,no motion,no motion,no motion,0,0,0,0,0,0,0,0,0,0,0,0,0,0,no device,device detected,no device,no device,device detected,no device,"('r32', 0)","('r3', 0)",17:37:00,0,0,0,0,0,0,0,0,0,0,0,0,0,0,0,0,0,0,0,0,0,20,0,0,0,0,0,0,0,0,0,0,0,0,0,0,28
2308,no motion,no motion,no motion,no motion,motion,no motion,0,0,0,0,0,0,0,0,0,0,0,0,0,0,no device,no device,no device,no device,device detected,no device,"('r31', 0)","('r12', 0)",17:37:15,0,0,0,0,0,0,0,0,0,0,0,0,0,1,0,0,0,0,0,0,0,19,0,0,0,0,0,0,0,0,0,0,0,0,0,0,28
2309,no motion,no motion,no motion,no motion,no motion,no motion,0,0,0,0,0,0,0,0,0,0,0,0,0,0,no device,no device,no device,no device,no device,no device,"('r31', 0)","('r3', 0)",17:37:30,0,0,0,0,0,0,0,0,0,0,0,0,0,0,0,0,0,0,0,0,0,19,0,0,0,0,0,0,0,0,0,0,0,0,0,0,29
2310,no motion,no motion,motion,no motion,no motion,no motion,0,0,0,0,0,0,0,0,0,0,0,0,0,0,no device,no device,device detected,no device,device detected,no device,"('r32', 0)","('r2', 0)",17:37:45,0,0,0,0,0,0,0,0,0,0,0,0,0,0,0,0,0,0,0,0,0,19,0,0,0,0,0,0,0,0,0,0,0,0,0,0,29
2311,motion,no motion,no motion,motion,motion,no motion,0,0,0,0,0,0,0,0,0,0,0,0,0,0,no device,no device,no device,no device,device detected,no device,"('r31', 0)","('r1', 0)",17:38:00,0,0,0,0,0,0,0,0,0,0,0,0,0,0,0,0,0,0,0,0,0,18,0,0,0,0,0,0,0,0,0,0,0,0,0,0,30
2312,no motion,no motion,no motion,no motion,no motion,motion,0,0,0,0,0,0,0,0,0,0,0,0,0,0,no device,no device,no device,no device,device detected,no device,"('r31', 0)","('r1', 0)",17:38:15,0,0,0,0,0,0,0,0,0,0,0,0,0,0,0,0,0,0,0,0,0,18,0,0,0,0,0,0,0,0,0,0,0,0,0,0,30
2313,no motion,no motion,no motion,no motion,no motion,no motion,0,0,0,0,0,0,0,0,0,0,0,0,0,0,device detected,no device,no device,no device,device detected,no device,"('r31', 0)","('r1', 0)",17:38:30,0,0,0,0,0,0,0,0,0,0,0,0,0,0,0,0,0,0,0,0,0,17,0,0,0,0,0,0,0,0,0,0,0,0,0,0,31
2314,no motion,no motion,motion,no motion,motion,no motion,0,0,0,0,0,0,0,0,0,0,0,0,0,0,no device,no device,no device,no device,device detected,no device,"('r32', 0)","('r1', 0)",17:38:45,0,0,0,0,0,0,0,0,0,0,0,0,0,0,0,0,0,0,0,0,0,15,0,0,0,0,0,0,0,0,0,0,0,0,0,0,33
2315,no motion,no motion,no motion,no motion,no motion,no motion,0,0,0,0,0,0,0,0,0,0,0,0,0,0,no device,no device,no device,device detected,device detected,no device,"('r32', 0)","('r2', 0)",17:39:00,0,0,0,0,0,0,0,0,0,0,0,0,0,0,0,0,0,0,0,0,0,15,0,0,0,0,0,0,0,0,0,0,0,0,0,0,33
2316,no motion,no motion,no motion,no motion,motion,no motion,0,0,0,0,0,0,0,0,0,0,0,0,0,0,no device,no device,no device,no device,device detected,no device,"('r27', 0)","('r2', 0)",17:39:15,0,0,0,0,0,0,0,0,0,0,0,0,0,0,0,0,0,0,0,0,0,15,0,0,0,0,0,0,0,0,0,0,0,0,0,0,33
2317,no motion,no motion,motion,no motion,no motion,no motion,0,0,0,0,0,0,0,0,0,0,0,0,0,0,device detected,no device,no device,no device,device detected,device detected,"('c1', 0)","('r3', 0)",17:39:30,0,0,0,0,0,0,0,0,0,0,0,0,0,0,0,0,0,0,0,0,0,15,0,0,0,0,0,0,0,0,0,0,0,0,0,0,33
2318,motion,no motion,no motion,no motion,no motion,no motion,0,0,0,0,0,0,0,0,0,0,0,0,0,0,no device,no device,no device,no device,device detected,no device,"('r28', 0)","('r12', 0)",17:39:45,0,0,0,0,0,0,0,0,0,0,0,0,0,0,0,0,0,0,0,0,0,15,0,0,0,0,0,0,0,0,0,0,0,0,0,0,33
2319,no motion,no motion,no motion,no motion,no motion,motion,0,0,0,0,0,0,0,0,0,0,0,0,0,0,no device,no device,no device,no device,device detected,no device,"('c1', 0)","('r3', 0)",17:40:00,0,0,0,0,0,0,0,0,0,0,0,0,0,0,0,0,0,0,0,0,0,14,0,0,0,0,0,0,0,0,0,0,0,0,0,0,34
2320,motion,no motion,no motion,no motion,no motion,no motion,0,0,0,0,0,0,0,0,0,0,0,0,0,0,no device,no device,no device,no device,device detected,no device,"('r14', 0)","('r3', 0)",17:40:15,0,0,0,0,0,0,0,0,0,0,0,0,0,0,0,0,0,0,0,0,0,14,0,0,0,0,0,0,0,0,0,0,0,0,0,0,34
2321,no motion,no motion,no motion,no motion,no motion,no motion,0,0,0,0,0,0,0,0,0,0,0,0,0,0,device detected,no device,no device,no device,device detected,no device,"('r14', 0)","('r2', 0)",17:40:30,0,0,0,0,0,0,0,0,0,0,0,0,0,0,0,0,0,0,0,0,0,14,0,0,0,0,0,0,0,0,0,0,0,0,0,0,34
2322,no motion,no motion,no motion,no motion,no motion,no motion,0,0,0,0,0,0,0,0,0,0,0,0,0,0,no device,no device,no device,no device,device detected,no device,"('r14', 0)","('r1', 0)",17:40:45,0,0,0,0,0,0,0,0,0,0,0,0,0,0,0,0,0,0,0,0,0,14,0,0,0,0,0,0,0,0,0,0,0,0,0,0,34
2323,no motion,no motion,no motion,no motion,no motion,no motion,0,0,0,0,0,0,0,0,0,0,0,0,0,0,no device,no device,no device,no device,device detected,no device,"('r14', 0)","('r2', 0)",17:41:00,0,0,0,0,0,0,0,0,0,0,0,0,0,0,0,0,0,0,0,0,0,13,0,0,0,0,0,0,0,0,0,0,0,0,0,0,35
2324,no motion,no motion,no motion,no motion,no motion,motion,0,0,0,0,0,0,0,0,0,0,0,0,0,0,no device,no device,no device,no device,device detected,no device,"('c1', 0)","('r3', 0)",17:41:15,0,0,0,0,0,0,0,0,0,0,0,0,0,0,0,0,0,0,0,0,0,13,0,0,0,0,0,0,0,0,0,0,0,0,0,0,35
2325,no motion,motion,motion,no motion,motion,no motion,0,0,0,0,0,0,0,0,0,0,0,0,0,0,no device,no device,no device,no device,device detected,no device,"('r28', 0)","('r3', 0)",17:41:30,0,0,0,0,0,0,0,0,0,0,0,0,0,0,0,0,0,0,0,0,0,12,0,0,0,0,0,0,0,0,0,0,0,0,0,0,36
2326,no motion,no motion,no motion,motion,no motion,no motion,0,0,0,0,0,0,0,0,0,0,0,0,0,0,no device,no device,no device,no device,device detected,no device,"('r24', 0)","('r12', 0)",17:41:45,0,0,0,0,0,0,0,0,0,0,0,0,0,0,0,0,0,0,0,0,0,12,0,0,0,0,0,0,0,0,0,0,0,0,0,0,36
2327,no motion,no motion,motion,no motion,motion,no motion,0,0,0,0,0,0,0,0,0,0,0,0,0,0,no device,no device,device detected,no device,device detected,no device,"('r28', 0)","('c2', 0)",17:42:00,0,0,0,0,0,0,0,0,0,0,0,0,0,0,0,0,0,0,0,0,0,12,0,0,0,0,0,0,0,0,0,0,0,0,0,0,36
2328,no motion,no motion,motion,no motion,no motion,no motion,0,0,0,0,0,0,0,0,0,0,0,0,0,0,no device,no device,no device,no device,device detected,no device,"('c1', 0)","('r9', 0)",17:42:15,0,0,0,0,0,0,0,0,0,0,0,0,0,0,0,0,0,0,0,0,0,12,0,0,0,0,0,0,0,0,0,0,0,0,0,0,36
2329,no motion,no motion,no motion,no motion,no motion,motion,0,0,0,0,0,0,0,0,0,0,0,0,0,0,no device,no device,no device,no device,device detected,no device,"('r28', 0)","('r9', 0)",17:42:30,0,0,0,0,0,0,0,0,0,0,0,0,0,0,0,0,0,0,0,0,0,12,0,0,0,0,0,0,0,0,0,0,0,0,0,0,36
2330,motion,no motion,no motion,no motion,no motion,no motion,0,0,0,0,0,0,0,0,0,0,0,0,0,0,no device,no device,no device,no device,no device,no device,"('c1', 0)","('r9', 0)",17:42:45,0,0,0,0,0,0,0,0,0,0,0,0,0,0,0,0,0,0,0,0,0,12,0,0,0,0,0,0,0,0,0,0,0,0,0,0,36
2331,no motion,no motion,no motion,no motion,no motion,motion,0,0,0,0,0,0,0,0,0,0,0,0,0,0,no device,no device,no device,no device,device detected,no device,"('r14', 0)","('c2', 0)",17:43:00,0,0,0,0,0,0,0,0,0,0,0,0,0,0,0,0,0,0,0,0,0,12,0,0,0,0,0,0,0,0,0,0,0,0,0,0,36
2332,no motion,motion,no motion,no motion,no motion,no motion,0,0,0,0,0,0,0,0,0,0,0,0,0,0,no device,no device,no device,no device,device detected,no device,"('r22', 12)","('c1', 0)",17:43:15,0,0,0,0,0,0,0,0,0,0,0,0,0,0,0,0,0,0,0,0,0,12,0,0,0,0,0,0,0,0,0,0,0,0,0,0,36
2333,motion,no motion,no motion,motion,no motion,no motion,0,0,0,0,0,0,0,0,0,0,0,0,0,0,no device,no device,no device,no device,device detected,no device,"('r14', 0)","('c2', 0)",17:43:30,0,0,0,0,0,0,0,0,0,0,0,0,0,0,0,0,0,0,0,0,0,12,0,0,0,0,0,0,0,0,0,0,0,0,0,0,36
2334,motion,no motion,no motion,no motion,no motion,no motion,0,0,0,0,0,0,0,0,0,0,0,0,0,0,no device,no device,no device,no device,device detected,device detected,"('r14', 0)","('r18', 0)",17:43:45,0,0,0,0,0,0,0,0,0,0,0,0,0,0,0,0,0,0,0,0,0,12,0,0,0,0,0,0,0,0,0,0,0,0,0,0,36
2335,no motion,no motion,no motion,no motion,motion,no motion,0,0,0,0,0,0,0,0,0,0,0,0,0,0,no device,device detected,no device,no device,device detected,no device,"('r22', 12)","('c2', 0)",17:44:00,0,0,0,0,0,0,0,0,0,0,0,0,0,0,0,0,0,0,0,0,0,12,0,0,0,0,0,0,0,0,0,0,0,0,0,0,36
2336,motion,no motion,no motion,no motion,no motion,no motion,0,0,0,0,0,0,0,0,0,0,0,0,0,0,device detected,no device,no device,no device,device detected,no device,"('r24', 0)","('r13', 0)",17:44:15,0,0,0,0,0,0,0,0,0,0,0,0,0,0,0,0,0,0,0,0,0,12,0,0,0,0,0,0,0,0,0,0,0,0,0,0,36
2337,no motion,no motion,motion,no motion,no motion,no motion,0,0,0,0,0,0,0,0,0,0,0,0,0,0,device detected,no device,no device,no device,device detected,no device,"('r22', 12)","('c2', 0)",17:44:30,0,0,0,0,0,0,0,0,0,0,0,0,0,0,0,0,0,0,0,0,0,12,0,0,0,0,0,0,0,0,0,0,0,0,0,0,36
2338,no motion,no motion,no motion,no motion,no motion,motion,0,0,0,0,0,0,0,0,0,0,0,0,0,0,no device,no device,no device,no device,device detected,no device,"('outside', 36)","('r10', 0)",17:44:45,0,0,0,0,0,0,0,0,0,0,0,0,0,0,0,0,0,0,0,0,0,12,0,0,0,0,0,0,0,0,0,0,0,0,0,0,36
2339,no motion,no motion,no motion,no motion,no motion,no motion,0,0,0,0,0,0,0,0,0,0,0,0,0,0,no device,no device,no device,no device,device detected,no device,"('r22', 12)","('r10', 0)",17:45:00,0,0,0,0,0,0,0,0,0,0,0,0,0,0,0,0,0,0,0,0,0,12,0,0,0,0,0,0,0,0,0,0,0,0,0,0,36
2340,no motion,motion,no motion,motion,no motion,no motion,0,0,0,0,0,0,0,0,0,0,0,0,0,0,no device,no device,no device,no device,device detected,no device,"('r22', 12)","('r10', 0)",17:45:15,0,0,0,0,0,0,0,0,0,0,0,0,0,0,0,0,0,0,0,0,0,12,0,0,0,0,0,0,0,0,0,0,0,0,0,0,36
2341,no motion,no motion,no motion,no motion,no motion,no motion,0,0,0,0,0,0,0,0,0,0,0,0,0,0,no device,no device,no device,no device,device detected,device detected,"('r24', 0)","('c2', 0)",17:45:30,0,0,0,0,0,0,0,0,0,0,0,0,0,0,0,0,0,0,0,0,0,12,0,0,0,0,0,0,0,0,0,0,0,0,0,0,36
2342,no motion,motion,no motion,motion,no motion,no motion,0,0,0,0,0,0,0,0,0,0,0,0,0,0,no device,no device,no device,no device,device detected,no device,"('r24', 0)","('c1', 0)",17:45:45,0,0,0,0,0,0,0,0,0,0,0,0,0,0,0,0,0,0,0,0,0,12,0,0,0,0,0,0,0,0,0,0,0,0,0,0,36
2343,no motion,motion,no motion,no motion,no motion,no motion,0,0,0,0,0,0,0,0,0,0,0,0,0,0,no device,no device,no device,no device,no device,no device,"('r28', 0)","('c1', 0)",17:46:00,0,0,0,0,0,0,0,0,0,0,0,0,0,0,0,0,0,0,0,0,0,12,0,0,0,0,0,0,0,0,0,0,0,0,0,0,36
2344,no motion,no motion,no motion,no motion,no motion,motion,0,0,0,0,0,0,0,0,0,0,0,0,0,0,no device,device detected,no device,no device,device detected,no device,"('c1', 0)","('c2', 0)",17:46:15,0,0,0,0,0,0,0,0,0,0,0,0,0,0,0,0,0,0,0,0,0,12,0,0,0,0,0,0,0,0,0,0,0,0,0,0,36
2345,no motion,no motion,motion,no motion,no motion,no motion,0,0,0,0,0,0,0,0,0,0,0,0,0,0,no device,no device,no device,no device,device detected,device detected,"('r28', 0)","('r17', 0)",17:46:30,0,0,0,0,0,0,0,0,0,0,0,0,0,0,0,0,0,0,0,0,0,12,0,0,0,0,0,0,0,0,0,0,0,0,0,0,36
2346,no motion,motion,no motion,no motion,no motion,no motion,0,0,0,0,0,0,0,0,0,0,0,0,0,0,no device,no device,no device,no device,device detected,no device,"('r34', 0)","('c2', 0)",17:46:45,0,0,0,0,0,0,0,0,0,0,0,0,0,0,0,0,0,0,0,0,0,12,0,0,0,0,0,0,0,0,0,0,0,0,0,0,36
2347,no motion,no motion,no motion,motion,no motion,motion,0,0,0,0,0,0,0,0,0,0,0,0,0,0,no device,no device,no device,no device,device detected,no device,"('r28', 0)","('r9', 0)",17:47:00,0,0,0,0,0,0,0,0,0,0,0,0,0,0,0,0,0,0,0,0,0,12,0,0,0,0,0,0,0,0,0,0,0,0,0,0,36
2348,no motion,no motion,no motion,no motion,no motion,no motion,0,0,0,0,0,0,0,0,0,0,0,0,0,0,no device,no device,no device,no device,device detected,no device,"('r34', 0)","('r9', 0)",17:47:15,0,0,0,0,0,0,0,0,0,0,0,0,0,0,0,0,0,0,0,0,0,12,0,0,0,0,0,0,0,0,0,0,0,0,0,0,36
2349,no motion,motion,no motion,no motion,no motion,no motion,0,0,0,0,0,0,0,0,0,0,0,0,0,0,no device,no device,no device,no device,device detected,device detected,"('r33', 0)","('c2', 0)",17:47:30,0,0,0,0,0,0,0,0,0,0,0,0,0,0,0,0,0,0,0,0,0,11,0,1,0,0,0,0,0,0,0,0,0,0,0,0,36
2350,no motion,no motion,no motion,motion,no motion,no motion,0,0,0,0,0,0,0,0,0,0,0,0,0,0,no device,no device,no device,no device,device detected,no device,"('r34', 0)","('c1', 0)",17:47:45,0,0,0,0,0,0,0,0,0,0,0,0,0,0,0,0,0,0,0,0,0,12,0,0,0,0,0,0,0,0,0,0,0,0,0,0,36
2351,no motion,no motion,no motion,no motion,no motion,no motion,0,0,0,0,0,0,0,0,0,0,0,0,0,0,no device,no device,no device,no device,device detected,no device,"('r34', 0)","('c1', 0)",17:48:00,0,0,0,0,0,0,0,0,0,0,0,0,0,0,0,0,0,0,0,0,0,12,0,0,0,0,0,0,0,0,0,0,0,0,0,0,36
2352,no motion,no motion,no motion,no motion,no motion,no motion,0,0,0,0,0,0,0,0,0,0,0,0,0,0,no device,no device,no device,no device,device detected,no device,"('r34', 0)","('r14', 0)",17:48:15,0,0,0,0,0,0,0,0,0,0,0,0,0,0,0,0,0,0,0,0,0,12,0,0,0,0,0,0,0,0,0,0,0,0,0,0,36
2353,no motion,no motion,no motion,no motion,no motion,no motion,0,0,0,0,0,0,0,0,0,0,0,0,0,0,no device,no device,no device,no device,device detected,no device,"('r28', 0)","('r22', 12)",17:48:30,0,0,0,0,0,0,0,0,0,0,0,0,0,0,0,0,0,0,0,0,0,12,0,0,0,0,0,0,0,0,0,0,0,0,0,0,36
2354,no motion,no motion,no motion,no motion,no motion,no motion,0,0,0,0,0,0,0,0,0,0,0,0,0,0,no device,no device,no device,no device,device detected,no device,"('r24', 0)","('r22', 12)",17:48:45,0,0,0,0,0,0,0,0,0,0,0,0,0,0,0,0,0,0,0,0,0,12,0,0,0,0,0,0,0,0,0,0,0,0,0,0,36
2355,no motion,no motion,no motion,no motion,no motion,no motion,0,0,0,0,0,0,0,0,0,0,0,0,0,0,no device,no device,no device,no device,device detected,no device,"('r24', 0)","('r14', 0)",17:49:00,0,0,0,0,0,0,0,0,0,0,0,0,0,0,0,0,0,0,0,0,0,12,0,0,0,0,0,0,0,0,0,0,0,0,0,0,36
2356,no motion,no motion,no motion,no motion,motion,no motion,0,0,0,0,0,0,0,0,0,0,0,0,0,0,no device,no device,no device,no device,device detected,no device,"('r28', 0)","('c1', 0)",17:49:15,0,0,0,0,0,0,0,0,0,0,0,0,0,0,0,0,0,0,0,0,0,12,0,0,0,0,0,0,0,0,0,0,0,0,0,0,36
2357,no motion,no motion,motion,no motion,no motion,no motion,0,0,0,0,0,0,0,0,0,0,0,0,0,0,device detected,no device,no device,no device,no device,no device,"('r24', 0)","('r27', 0)",17:49:30,0,0,0,0,0,0,0,0,0,0,0,0,0,0,0,0,0,0,0,0,0,12,0,0,0,0,0,0,0,0,0,0,0,0,0,0,36
2358,no motion,no motion,no motion,no motion,motion,motion,0,0,0,0,0,0,0,0,0,0,0,0,0,0,no device,no device,no device,no device,device detected,no device,"('r28', 0)","('r21', 0)",17:49:45,0,0,0,0,0,0,0,0,0,0,0,0,0,0,0,0,0,0,0,0,0,12,0,0,0,0,0,0,0,0,0,0,0,0,0,0,36
2359,no motion,no motion,no motion,no motion,motion,no motion,0,0,0,0,0,0,0,0,0,0,0,0,0,0,no device,no device,no device,no device,device detected,no device,"('r28', 0)","('r21', 0)",17:50:00,0,0,0,0,0,0,0,0,0,0,0,0,0,0,0,0,0,0,0,0,0,12,0,0,0,0,0,0,0,0,0,0,0,0,0,0,36
2360,no motion,no motion,motion,no motion,no motion,no motion,0,0,0,0,0,0,0,0,0,0,0,0,0,0,no device,no device,no device,no device,device detected,no device,"('r34', 0)","('r21', 0)",17:50:15,0,0,0,0,0,0,0,0,0,0,0,0,0,0,0,0,0,0,0,0,0,12,0,0,0,0,0,0,0,0,0,0,0,0,0,0,36
2361,no motion,no motion,no motion,no motion,no motion,no motion,0,0,0,0,0,0,0,0,0,0,0,0,0,0,no device,no device,no device,no device,device detected,no device,"('r34', 0)","('r21', 0)",17:50:30,0,0,0,0,0,0,0,0,0,0,0,0,0,0,0,0,0,0,0,0,0,12,0,0,0,0,0,0,0,0,0,0,0,0,0,0,36
2362,no motion,no motion,no motion,no motion,no motion,no motion,0,0,0,0,0,0,0,0,0,0,0,0,0,0,no device,no device,no device,no device,no device,no device,"('r33', 0)","('r21', 0)",17:50:45,0,0,0,0,0,0,0,0,0,0,0,0,0,0,0,0,0,0,0,0,0,12,0,0,0,0,0,0,0,0,0,0,0,0,0,0,36
2363,no motion,no motion,no motion,no motion,no motion,no motion,0,0,0,0,0,0,0,0,0,0,0,0,0,0,no device,no device,no device,no device,device detected,no device,"('r33', 0)","('r21', 0)",17:51:00,0,0,0,0,0,0,0,0,0,0,0,0,0,0,0,0,0,0,0,0,0,12,0,0,0,0,0,0,0,0,0,0,0,0,0,0,36
2364,motion,motion,no motion,no motion,motion,no motion,0,0,0,0,0,0,0,0,0,0,0,0,0,0,no device,no device,no device,no device,device detected,device detected,"('r34', 0)","('r21', 0)",17:51:15,0,0,0,0,0,0,0,0,0,0,0,0,0,0,0,0,0,0,0,0,0,12,0,0,0,0,0,0,0,0,0,0,0,0,0,0,36
2365,no motion,motion,no motion,no motion,no motion,no motion,0,0,0,0,0,0,0,0,0,0,0,0,0,0,no device,no device,no device,no device,device detected,no device,"('r33', 0)","('r27', 0)",17:51:30,0,0,0,0,0,0,0,0,0,0,0,0,0,0,0,0,0,0,0,0,0,12,0,0,0,0,0,0,0,0,0,0,0,0,0,0,36
2366,no motion,no motion,motion,no motion,no motion,no motion,0,0,0,0,0,0,0,0,0,0,0,0,0,0,no device,no device,no device,no device,device detected,device detected,"('r34', 0)","('r21', 0)",17:51:45,0,0,0,0,0,0,0,0,0,0,0,0,0,0,0,0,0,0,0,0,0,12,0,0,0,0,0,0,0,0,0,0,0,0,0,0,36
2367,no motion,no motion,motion,no motion,no motion,no motion,0,0,0,0,0,0,0,0,0,0,0,0,0,0,no device,no device,no device,no device,device detected,no device,"('r28', 0)","('r21', 0)",17:52:00,0,0,0,0,0,0,0,0,0,0,0,0,0,0,0,0,0,0,0,0,0,12,0,0,0,0,0,0,0,0,0,0,0,0,0,0,36
2368,no motion,no motion,no motion,no motion,no motion,no motion,0,0,0,0,0,0,0,0,0,0,0,0,0,0,no device,no device,no device,no device,device detected,no device,"('c1', 0)","('r21', 0)",17:52:15,0,0,0,0,0,0,0,0,0,0,0,0,0,0,0,0,0,0,0,0,0,12,0,0,0,0,0,0,0,0,0,0,0,0,0,0,36
2369,no motion,no motion,no motion,no motion,no motion,no motion,0,0,0,0,0,0,0,0,0,0,0,0,0,0,no device,no device,no device,no device,device detected,no device,"('r27', 0)","('r27', 0)",17:52:30,0,0,0,0,0,0,0,0,0,0,0,0,0,0,0,0,0,0,0,0,0,12,0,0,0,0,0,0,0,0,0,0,0,0,0,0,36
2370,no motion,no motion,no motion,no motion,no motion,no motion,0,0,0,0,0,0,0,0,0,0,0,0,0,0,no device,no device,no device,no device,no device,no device,"('r32', 0)","('r32', 0)",17:52:45,0,0,0,0,0,0,0,0,0,0,0,0,0,0,0,0,0,0,0,0,0,12,0,0,0,0,0,0,0,0,0,0,0,0,0,0,36
2371,no motion,no motion,motion,motion,no motion,no motion,0,0,0,0,0,0,0,0,0,0,0,0,0,0,no device,no device,no device,no device,no device,no device,"('r31', 0)","('r31', 0)",17:53:00,0,0,0,0,0,0,0,0,0,0,0,0,0,0,0,0,0,0,0,0,0,12,0,0,0,0,0,0,0,0,0,0,0,0,0,0,36
2372,no motion,no motion,no motion,no motion,no motion,no motion,0,0,0,0,0,0,0,0,0,0,0,0,0,0,no device,no device,no device,no device,device detected,no device,"('r31', 0)","('r31', 0)",17:53:15,0,0,0,0,0,0,0,0,0,0,0,0,0,0,0,0,0,0,0,0,0,12,0,0,0,0,0,0,0,0,0,0,0,0,0,0,36
2373,no motion,no motion,no motion,motion,no motion,no motion,0,0,0,0,0,0,0,0,0,0,0,0,0,0,no device,no device,no device,device detected,device detected,device detected,"('r31', 0)","('r32', 0)",17:53:30,0,0,0,0,0,0,0,0,0,0,0,0,0,0,0,0,0,0,0,0,0,12,0,0,0,0,0,0,0,0,0,0,0,0,0,0,36
2374,no motion,no motion,no motion,no motion,no motion,no motion,0,0,0,0,0,0,0,0,0,0,0,0,0,0,no device,no device,no device,no device,device detected,no device,"('r32', 0)","('r32', 0)",17:53:45,0,0,0,0,0,0,0,0,0,0,0,0,0,0,0,0,0,0,0,0,0,12,0,0,0,0,0,0,0,0,0,0,0,0,0,0,36
2375,no motion,no motion,no motion,no motion,no motion,motion,0,0,0,0,0,0,0,0,0,0,0,0,0,0,no device,no device,no device,no device,device detected,no device,"('r31', 0)","('r31', 0)",17:54:00,0,0,0,0,0,0,0,0,0,0,0,0,0,0,0,0,0,0,0,0,0,12,0,0,0,0,0,0,0,0,0,0,0,0,0,0,36
2376,no motion,no motion,no motion,no motion,no motion,motion,0,0,0,0,0,0,0,0,0,0,0,0,0,0,no device,no device,no device,no device,device detected,no device,"('r31', 0)","('r31', 0)",17:54:15,0,0,0,0,0,0,0,0,0,0,0,0,0,0,0,0,0,0,0,0,0,12,0,0,0,0,0,0,0,0,0,0,0,0,0,0,36
2377,no motion,no motion,no motion,no motion,motion,motion,0,0,0,0,0,0,0,0,0,0,0,0,0,0,no device,no device,device detected,no device,device detected,no device,"('r32', 0)","('r31', 0)",17:54:30,0,0,0,0,0,0,0,0,0,0,0,0,0,0,0,0,0,0,0,0,0,12,0,0,0,0,0,0,0,0,0,0,0,0,0,0,36
2378,no motion,motion,no motion,no motion,no motion,no motion,0,0,0,0,0,0,0,0,0,0,0,0,0,0,no device,no device,no device,no device,device detected,no device,"('r32', 0)","('r31', 0)",17:54:45,0,0,0,0,0,0,0,0,0,0,0,0,0,0,0,0,0,0,0,0,0,12,0,0,0,0,0,0,0,0,0,0,0,0,0,0,36
2379,no motion,no motion,motion,no motion,motion,no motion,0,0,0,0,0,0,0,0,0,0,0,0,0,0,no device,no device,no device,no device,device detected,no device,"('r31', 0)","('r31', 0)",17:55:00,0,0,0,0,0,0,0,0,0,0,0,0,0,0,0,0,0,0,0,0,0,12,0,0,0,0,0,0,0,0,0,0,0,0,0,0,36
2380,no motion,no motion,no motion,no motion,motion,no motion,0,0,0,0,0,0,0,0,0,0,0,0,0,0,no device,no device,no device,no device,device detected,no device,"('r32', 0)","('r31', 0)",17:55:15,0,0,0,0,0,0,0,0,0,0,0,0,0,0,0,0,0,0,0,0,0,12,0,0,0,0,0,0,0,0,0,0,0,0,0,0,36
2381,no motion,no motion,motion,no motion,no motion,no motion,0,0,0,0,0,0,0,0,0,0,0,0,0,0,no device,no device,no device,no device,device detected,device detected,"('r27', 0)","('r31', 0)",17:55:30,0,0,0,0,0,0,0,0,0,0,0,0,0,0,0,0,0,0,0,0,0,12,0,0,0,0,0,0,0,0,0,0,0,0,0,0,36
2382,no motion,no motion,no motion,no motion,no motion,no motion,0,0,0,0,0,0,0,0,0,0,0,0,0,0,no device,no device,no device,no device,device detected,no device,"('r21', 0)","('r31', 0)",17:55:45,0,0,0,0,0,0,0,0,0,0,0,0,0,0,0,0,0,0,0,0,0,12,0,0,0,0,0,0,0,0,0,0,0,0,0,0,36
2383,no motion,no motion,no motion,no motion,no motion,no motion,0,0,0,0,0,0,0,0,0,0,0,0,0,0,no device,no device,no device,no device,device detected,no device,"('r21', 0)","('r32', 0)",17:56:00,0,0,0,0,0,0,0,0,0,0,0,0,0,0,0,0,0,0,0,0,0,12,0,0,0,0,0,0,0,0,0,0,0,0,0,0,36
2384,no motion,motion,no motion,motion,no motion,motion,0,0,0,0,0,0,0,0,0,0,0,0,0,0,no device,no device,no device,no device,device detected,no device,"('r27', 0)","('r32', 0)",17:56:15,0,0,0,0,0,0,0,0,0,0,0,0,0,0,0,0,0,0,0,0,0,12,0,0,0,0,0,0,0,0,0,0,0,0,0,0,36
2385,no motion,no motion,no motion,no motion,no motion,no motion,0,0,0,0,0,0,0,0,0,0,0,0,0,0,no device,no device,no device,no device,device detected,no device,"('c1', 0)","('r32', 0)",17:56:30,0,0,0,0,0,0,0,0,0,0,0,0,0,0,0,0,0,0,0,0,0,12,0,0,0,0,0,0,0,0,0,0,0,0,0,0,36
2386,no motion,no motion,no motion,no motion,no motion,no motion,0,0,0,0,0,0,0,0,0,0,0,0,0,0,no device,no device,no device,device detected,device detected,no device,"('r14', 0)","('r31', 0)",17:56:45,0,0,0,0,0,0,0,0,0,0,0,0,0,0,0,0,0,0,0,0,0,12,0,0,0,0,0,0,0,0,0,0,0,0,0,0,36
2387,no motion,no motion,no motion,no motion,no motion,no motion,0,0,0,0,0,0,0,0,0,0,0,0,0,0,no device,no device,no device,no device,device detected,no device,"('r6', 0)","('r31', 0)",17:57:00,0,0,0,0,0,0,0,0,0,0,0,0,0,0,0,0,0,0,0,0,0,12,0,0,0,0,0,0,0,0,0,0,0,0,0,0,36
2388,no motion,no motion,motion,no motion,motion,no motion,0,0,0,0,0,0,0,0,0,0,0,0,0,0,no device,no device,no device,no device,device detected,no device,"('r6', 0)","('r32', 0)",17:57:15,0,0,0,0,0,0,0,0,0,0,0,0,0,0,0,0,0,0,0,0,0,12,0,0,0,0,0,0,0,0,0,0,0,0,0,0,36
2389,no motion,no motion,no motion,no motion,motion,no motion,0,0,0,0,0,0,0,0,0,0,0,0,0,0,no device,no device,no device,no device,no device,no device,"('r14', 1)","('r32', 0)",17:57:30,0,0,0,0,0,0,0,0,0,0,0,0,0,1,0,0,0,0,0,0,0,11,0,0,0,0,0,0,0,0,0,0,0,0,0,0,36
2390,no motion,no motion,no motion,no motion,no motion,no motion,0,0,0,0,0,0,0,0,0,0,0,0,0,0,device detected,no device,no device,no device,no device,no device,"('r22', 12)","('r32', 0)",17:57:45,0,0,0,0,0,0,0,0,0,0,0,0,0,0,0,0,0,0,0,0,0,12,0,0,0,0,0,0,0,0,0,0,0,0,0,0,36
2391,no motion,no motion,no motion,no motion,no motion,motion,0,0,0,0,0,0,0,0,0,0,0,0,0,0,no device,no device,no device,no device,device detected,no device,"('r14', 0)","('r27', 0)",17:58:00,0,0,0,0,0,0,0,0,0,0,0,0,0,0,0,0,0,0,0,0,0,12,0,0,0,0,0,0,0,0,0,0,0,0,0,0,36
2392,no motion,no motion,no motion,no motion,no motion,no motion,0,0,0,0,0,0,0,0,0,0,0,0,0,0,device detected,no device,no device,no device,device detected,no device,"('c1', 0)","('r32', 0)",17:58:15,0,0,0,0,0,0,0,0,0,0,0,0,0,0,0,0,0,0,0,0,0,12,0,0,0,0,0,0,0,0,0,0,0,0,0,0,36
2393,motion,no motion,motion,no motion,no motion,no motion,0,0,0,0,0,0,0,0,0,0,0,0,0,0,no device,no device,no device,no device,device detected,no device,"('r28', 0)","('r32', 0)",17:58:30,0,0,0,0,0,0,0,0,0,0,0,0,0,0,0,0,0,0,0,0,0,12,0,0,0,0,0,0,0,0,0,0,0,0,0,0,36
2394,no motion,no motion,no motion,no motion,no motion,no motion,0,0,0,0,0,0,0,0,0,0,0,0,0,0,no device,no device,device detected,no device,device detected,no device,"('r24', 0)","('r32', 0)",17:58:45,0,0,0,0,0,0,0,0,0,0,0,0,0,0,0,0,0,0,0,0,0,12,0,0,0,0,0,0,0,0,0,0,0,0,0,0,36
2395,no motion,no motion,no motion,no motion,motion,motion,0,0,0,0,0,0,0,0,0,0,0,0,0,0,no device,no device,no device,no device,device detected,no device,"('r24', 0)","('r27', 0)",17:59:00,0,0,0,0,0,0,0,0,0,0,0,0,0,1,0,0,0,0,0,0,0,11,0,0,0,0,0,0,0,0,0,0,0,0,0,0,36
2396,no motion,no motion,no motion,motion,no motion,no motion,0,0,0,0,0,0,0,0,0,0,0,0,0,0,no device,no device,no device,no device,device detected,no device,"('r24', 0)","('r32', 0)",17:59:15,0,0,0,0,0,0,0,0,0,0,0,0,0,0,0,0,0,0,0,0,0,12,0,0,0,0,0,0,0,0,0,0,0,0,0,0,36
2397,motion,motion,no motion,no motion,no motion,no motion,0,0,0,0,0,0,0,0,0,0,0,0,0,0,no device,no device,device detected,no device,device detected,no device,"('r22', 12)","('r32', 0)",17:59:30,0,0,0,0,0,0,0,0,0,0,0,0,0,0,0,0,0,0,0,0,0,12,0,0,0,0,0,0,0,0,0,0,0,0,0,0,36
2398,no motion,no motion,no motion,no motion,no motion,no motion,0,0,0,0,0,0,0,0,0,0,0,0,0,0,no device,no device,device detected,device detected,device detected,no device,"('outside', 36)","('r31', 0)",17:59:45,0,0,0,0,0,0,0,0,0,0,0,0,0,0,0,0,0,0,0,0,0,12,0,0,0,0,0,0,0,0,0,0,0,0,0,0,36
2399,no motion,no motion,no motion,no motion,motion,no motion,0,0,0,0,0,0,0,0,0,0,0,0,0,0,no device,no device,no device,no device,device detected,no device,"('outside', 36)","('r31', 0)",18:00:00,0,0,0,0,0,0,0,0,0,0,0,0,0,0,0,0,0,0,0,0,0,12,0,0,0,0,0,0,0,0,0,0,0,0,0,0,36
